time_step,hopper_level,belt_speed,flow_rate,olives_weight,label_jam_imminent,vibrator_intensity
0,99.98,0.488,1.27,297.2,0,0.0
1,99.94,0.493,1.71,299.3,0,0.0
2,99.93,0.495,1.75,291.0,0,0.0
3,99.83,0.489,1.6,314.0,0,0.0
4,99.74,0.488,1.95,305.5,0,0.0
5,99.69,0.519,1.12,309.7,0,0.0
6,99.66,0.513,1.26,297.7,0,0.0
7,99.59,0.493,1.54,285.8,0,0.0
8,99.59,0.515,1.78,296.3,0,0.0
9,99.53,0.5,1.89,292.9,0,0.0
10,99.45,0.508,1.48,304.9,0,0.0
11,99.42,0.502,1.36,296.7,0,0.0
12,99.33,0.515,1.52,314.2,0,0.0
13,99.26,0.489,1.92,302.8,0,0.0
14,99.24,0.501,1.75,312.1,0,0.0
15,99.23,0.486,1.04,313.0,0,0.0
16,99.22,0.511,1.02,291.8,0,0.0
17,99.19,0.509,1.2,306.0,0,0.0
18,99.17,0.51,1.76,311.4,0,0.0
19,99.12,0.507,1.84,305.3,0,0.0
20,99.1,0.516,1.19,305.1,0,0.0
21,99.1,0.504,1.87,290.6,0,0.0
22,99.04,0.482,1.43,297.5,0,0.0
23,98.97,0.502,1.37,313.7,0,0.0
24,98.89,0.505,1.23,299.3,0,0.0
25,98.88,0.502,1.99,309.1,0,0.0
26,98.85,0.504,0.97,289.4,0,0.0
27,98.84,0.511,1.2,293.3,0,0.0
28,98.81,0.51,1.45,311.3,0,0.0
29,98.8,0.518,1.55,301.3,0,0.0
30,98.72,0.481,1.33,299.8,0,0.0
31,98.63,0.503,1.06,285.2,0,0.0
32,98.53,0.481,1.43,301.2,0,0.0
33,98.51,0.505,1.3,288.7,0,0.0
34,98.42,0.503,1.92,303.7,0,0.0
35,98.42,0.482,1.09,292.4,0,0.0
36,98.36,0.483,1.25,289.0,0,0.0
37,98.31,0.492,1.81,300.8,0,0.0
38,98.27,0.514,1.77,301.2,0,0.0
39,98.17,0.519,1.77,304.7,0,0.0
40,98.16,0.518,1.29,290.3,0,0.0
41,98.12,0.502,1.82,297.0,0,0.0
42,98.05,0.504,1.7,290.6,0,0.0
43,98.04,0.513,2.01,297.8,0,0.0
44,98.02,0.509,1.97,294.3,0,0.0
45,97.94,0.484,1.25,297.6,0,0.0
46,97.92,0.52,2.01,291.4,0,0.0
47,97.83,0.492,1.51,293.3,0,0.0
48,97.74,0.486,1.27,302.5,0,0.0
49,97.65,0.514,1.8,306.5,0,0.0
50,97.58,0.485,1.81,289.8,0,0.0
51,97.49,0.497,1.11,286.1,0,0.0
52,97.43,0.491,1.18,288.7,0,0.0
53,97.4,0.507,1.35,313.2,0,0.0
54,97.33,0.495,0.96,288.6,0,0.0
55,97.29,0.515,1.12,287.7,0,0.0
56,97.27,0.498,1.84,295.8,0,0.0
57,97.25,0.507,1.97,311.9,0,0.0
58,97.23,0.519,1.58,298.1,0,0.0
59,97.15,0.493,1.62,307.4,0,0.0
60,97.06,0.499,1.0,292.7,0,0.0
61,97.03,0.506,1.16,306.7,0,0.0
62,97.01,0.492,1.07,314.0,0,0.0
63,96.98,0.519,1.42,294.2,0,0.0
64,96.95,0.509,1.84,296.9,0,0.0
65,96.9,0.5,1.24,292.7,0,0.0
66,96.84,0.512,1.84,303.0,0,0.0
67,96.83,0.498,1.53,298.7,0,0.0
68,96.75,0.491,1.23,311.1,0,0.0
69,96.7,0.481,1.88,296.6,0,0.0
70,96.68,0.519,1.34,309.0,0,0.0
71,96.6,0.501,1.53,298.6,0,0.0
72,96.52,0.513,1.35,300.0,0,0.0
73,96.46,0.486,1.7,304.8,0,0.0
74,96.43,0.483,1.67,295.5,0,0.0
75,96.37,0.509,1.54,291.0,0,0.0
76,96.32,0.483,1.25,296.6,0,0.0
77,96.32,0.516,1.66,291.7,0,0.0
78,96.27,0.512,2.09,313.4,0,0.0
79,96.23,0.52,1.51,293.6,0,0.0
80,96.18,0.516,1.8,289.4,0,0.0
81,96.12,0.512,1.08,303.1,0,0.0
82,96.09,0.499,1.34,303.9,0,0.0
83,96.05,0.508,1.51,297.8,0,0.0
84,96.01,0.492,1.09,303.9,0,0.0
85,95.92,0.486,1.69,299.9,0,0.0
86,95.82,0.487,1.3,311.0,0,0.0
87,95.8,0.496,1.44,310.2,0,0.0
88,95.76,0.519,1.62,302.5,0,0.0
89,95.66,0.511,2.01,301.7,0,0.0
90,95.62,0.496,2.03,314.0,0,0.0
91,95.6,0.483,1.54,307.6,0,0.0
92,95.57,0.484,1.33,305.6,0,0.0
93,95.52,0.503,1.78,298.9,0,0.0
94,95.42,0.519,1.44,314.1,0,0.0
95,95.34,0.506,1.22,285.1,0,0.0
96,95.31,0.49,1.84,306.1,0,0.0
97,95.22,0.503,1.39,302.3,0,0.0
98,95.14,0.506,1.57,310.8,0,0.0
99,95.1,0.518,1.53,292.0,0,0.0
100,95.04,0.512,1.5,300.8,0,0.0
101,94.94,0.491,1.28,314.4,0,0.0
102,94.87,0.513,1.75,290.4,0,0.0
103,94.8,0.506,1.5,286.4,0,0.0
104,94.76,0.508,1.55,288.2,0,0.0
105,94.75,0.486,1.01,305.6,0,0.0
106,94.67,0.488,1.27,300.7,0,0.0
107,94.66,0.5,1.22,296.3,0,0.0
108,94.66,0.518,1.11,297.6,0,0.0
109,94.62,0.51,1.88,290.6,0,0.0
110,94.61,0.51,1.87,288.8,0,0.0
111,94.58,0.489,1.74,313.0,0,0.0
112,94.51,0.488,1.11,314.3,0,0.0
113,94.5,0.499,1.5,289.3,0,0.0
114,94.47,0.485,1.29,303.6,0,0.0
115,94.45,0.499,1.03,289.7,0,0.0
116,94.38,0.505,1.03,294.2,0,0.0
117,94.28,0.519,1.61,314.3,0,0.0
118,94.2,0.494,0.97,289.6,0,0.0
119,94.11,0.499,1.11,305.7,0,0.0
120,94.04,0.51,1.91,313.0,0,0.0
121,93.99,0.489,1.75,291.3,0,0.0
122,93.94,0.517,1.77,291.6,0,0.0
123,93.88,0.518,1.02,292.0,0,0.0
124,93.79,0.502,1.65,293.0,0,0.0
125,93.79,0.51,1.36,303.6,0,0.0
126,93.71,0.487,1.31,306.8,0,0.0
127,93.61,0.514,1.51,294.9,0,0.0
128,93.58,0.503,1.61,309.0,0,0.0
129,93.53,0.488,1.33,314.7,0,0.0
130,93.46,0.488,1.67,305.2,0,0.0
131,93.42,0.504,1.72,296.1,0,0.0
132,93.38,0.509,1.5,302.2,0,0.0
133,93.35,0.484,1.53,310.6,0,0.0
134,93.34,0.515,1.45,299.6,0,0.0
135,93.29,0.493,1.78,295.6,0,0.0
136,93.27,0.507,1.68,298.0,0,0.0
137,93.17,0.482,1.51,296.0,0,0.0
138,93.09,0.505,1.57,300.5,0,0.0
139,93.04,0.49,1.48,285.1,0,0.0
140,93.0,0.513,1.15,304.1,0,0.0
141,92.9,0.5,1.45,315.0,0,0.0
142,92.8,0.515,1.35,304.2,0,0.0
143,92.7,0.505,1.63,287.5,0,0.0
144,92.67,0.493,1.85,297.5,0,0.0
145,92.62,0.506,1.7,299.3,0,0.0
146,92.54,0.499,1.99,309.0,0,0.0
147,92.46,0.514,1.25,313.2,0,0.0
148,92.45,0.482,0.98,296.9,0,0.0
149,92.39,0.481,1.67,298.5,0,0.0
150,92.31,0.505,1.97,309.1,0,0.0
151,92.23,0.506,1.83,287.1,0,0.0
152,92.17,0.508,1.66,309.1,0,0.0
153,92.11,0.52,1.28,293.6,0,0.0
154,92.05,0.491,1.32,312.8,0,0.0
155,91.97,0.49,1.8,299.8,0,0.0
156,91.89,0.513,1.92,300.6,0,0.0
157,91.85,0.49,1.62,301.1,0,0.0
158,91.81,0.519,1.82,312.8,0,0.0
159,91.81,0.51,1.52,309.6,0,0.0
160,91.72,0.511,1.2,286.8,0,0.0
161,91.71,0.484,1.08,303.2,0,0.0
162,91.68,0.5,1.48,290.8,0,0.0
163,91.63,0.5,2.01,312.3,0,0.0
164,91.6,0.52,1.29,308.6,0,0.0
165,91.55,0.507,1.66,306.6,0,0.0
166,91.46,0.504,1.74,311.0,0,0.0
167,91.43,0.516,1.55,297.6,0,0.0
168,91.35,0.503,1.91,290.9,0,0.0
169,91.35,0.498,1.68,293.5,0,0.0
170,91.28,0.514,0.99,285.5,0,0.0
171,91.24,0.497,1.19,291.2,0,0.0
172,91.17,0.49,1.99,312.9,0,0.0
173,91.09,0.486,1.86,309.6,0,0.0
174,91.07,0.496,1.18,314.1,0,0.0
175,91.04,0.489,1.73,293.5,0,0.0
176,91.04,0.512,1.28,307.3,0,0.0
177,91.02,0.48,0.96,296.6,0,0.0
178,90.98,0.488,1.55,286.4,0,0.0
179,90.92,0.514,2.0,302.0,0,0.0
180,90.82,0.502,1.51,289.2,0,0.0
181,90.73,0.488,1.61,292.8,0,0.0
182,90.72,0.482,1.79,314.8,0,0.0
183,90.66,0.503,1.87,308.8,0,0.0
184,90.6,0.501,1.29,295.4,0,0.0
185,90.55,0.518,1.65,303.5,0,0.0
186,90.54,0.506,1.58,311.0,0,0.0
187,90.46,0.502,1.4,288.5,0,0.0
188,90.44,0.496,2.01,312.6,0,0.0
189,90.41,0.486,1.85,296.9,0,0.0
190,90.41,0.513,1.47,291.6,0,0.0
191,90.32,0.497,1.07,295.8,0,0.0
192,90.3,0.482,1.9,292.7,0,0.0
193,90.26,0.489,1.0,306.4,0,0.0
194,90.18,0.492,1.57,311.0,0,0.0
195,90.09,0.491,1.78,305.7,0,0.0
196,90.02,0.489,1.6,288.1,0,0.0
197,89.98,0.52,1.61,303.2,0,0.0
198,89.95,0.508,1.08,307.1,0,0.0
199,89.95,0.485,1.15,311.4,0,0.0
200,89.89,0.487,1.23,290.3,0,0.0
201,89.85,0.505,1.95,291.3,0,0.0
202,89.85,0.507,1.56,287.5,0,0.0
203,89.82,0.488,1.59,302.5,0,0.0
204,89.8,0.515,1.2,302.0,0,0.0
205,89.74,0.492,1.53,314.6,0,0.0
206,89.66,0.494,1.1,306.1,0,0.0
207,89.63,0.483,1.17,314.2,0,0.0
208,89.54,0.52,1.97,287.8,0,0.0
209,89.45,0.517,1.36,305.4,0,0.0
210,89.35,0.513,1.21,307.8,0,0.0
211,89.33,0.483,1.79,289.3,0,0.0
212,89.27,0.497,1.55,296.0,0,0.0
213,89.27,0.508,1.7,314.0,0,0.0
214,89.26,0.51,1.95,296.7,0,0.0
215,89.23,0.519,1.41,294.7,0,0.0
216,89.14,0.484,1.74,310.7,0,0.0
217,89.09,0.492,1.22,294.1,0,0.0
218,89.07,0.515,1.77,308.7,0,0.0
219,88.98,0.482,1.7,307.9,0,0.0
220,88.95,0.516,1.94,308.4,0,0.0
221,88.92,0.486,1.17,306.9,0,0.0
222,88.92,0.48,1.58,293.1,0,0.0
223,88.86,0.492,1.75,290.7,0,0.0
224,88.84,0.483,1.49,301.9,0,0.0
225,88.78,0.495,1.51,290.9,0,0.0
226,88.71,0.493,1.58,312.9,0,0.0
227,88.67,0.494,1.27,298.4,0,0.0
228,88.58,0.503,1.25,295.2,0,0.0
229,88.55,0.488,1.99,312.8,0,0.0
230,88.53,0.489,1.17,288.1,0,0.0
231,88.46,0.492,1.35,295.4,0,0.0
232,88.39,0.481,1.79,303.8,0,0.0
233,88.34,0.497,1.61,297.0,0,0.0
234,88.28,0.497,1.07,300.3,0,0.0
235,88.28,0.489,1.2,298.1,0,0.0
236,88.26,0.506,1.08,306.4,0,0.0
237,88.24,0.489,1.59,306.0,0,0.0
238,88.2,0.494,1.82,294.8,0,0.0
239,88.17,0.514,1.79,313.4,0,0.0
240,88.13,0.497,1.31,287.5,0,0.0
241,88.11,0.485,1.37,312.0,0,0.0
242,88.04,0.513,1.27,293.1,0,0.0
243,87.98,0.494,1.64,297.9,0,0.0
244,87.88,0.487,1.89,301.3,0,0.0
245,87.85,0.514,1.48,296.0,0,0.0
246,87.81,0.488,1.7,311.5,0,0.0
247,87.79,0.494,1.92,314.4,0,0.0
248,87.71,0.507,1.71,285.5,0,0.0
249,87.64,0.509,1.21,313.1,0,0.0
250,87.6,0.491,1.82,287.6,0,0.0
251,87.52,0.485,1.24,305.2,0,0.0
252,87.44,0.495,1.25,290.9,0,0.0
253,87.42,0.491,1.41,294.6,0,0.0
254,87.37,0.502,1.24,295.0,0,0.0
255,87.31,0.49,1.9,301.6,0,0.0
256,87.27,0.482,1.16,287.6,0,0.0
257,87.23,0.498,1.02,292.0,0,0.0
258,87.22,0.49,1.09,305.6,0,0.0
259,87.19,0.514,1.36,287.2,0,0.0
260,87.13,0.487,1.39,310.5,0,0.0
261,87.04,0.486,1.92,313.8,0,0.0
262,86.94,0.489,1.8,285.1,0,0.0
263,86.9,0.488,1.47,311.3,0,0.0
264,86.82,0.501,1.95,299.9,0,0.0
265,86.74,0.491,1.06,299.0,0,0.0
266,86.74,0.487,1.67,296.6,0,0.0
267,86.68,0.514,1.36,293.3,0,0.0
268,86.64,0.51,1.71,311.6,0,0.0
269,86.6,0.483,0.94,288.9,0,0.0
270,86.5,0.507,1.37,290.1,0,0.0
271,86.48,0.514,1.9,287.4,0,0.0
272,86.45,0.496,1.77,293.7,0,0.0
273,86.42,0.483,1.48,285.5,0,0.0
274,86.41,0.486,1.16,303.8,0,0.0
275,86.34,0.515,1.27,305.5,0,0.0
276,86.33,0.488,1.26,308.3,0,0.0
277,86.32,0.494,1.39,302.7,0,0.0
278,86.3,0.503,1.27,313.7,0,0.0
279,86.27,0.496,1.43,312.3,0,0.0
280,86.21,0.481,1.78,290.2,0,0.0
281,86.15,0.511,1.12,285.8,0,0.0
282,86.05,0.482,1.48,308.1,0,0.0
283,85.96,0.489,1.78,299.8,0,0.0
284,85.9,0.504,1.43,309.0,0,0.0
285,85.81,0.51,1.81,308.0,0,0.0
286,85.72,0.511,1.37,301.0,0,0.0
287,85.68,0.496,1.4,303.6,0,0.0
288,85.59,0.488,1.48,293.8,0,0.0
289,85.59,0.481,2.01,314.8,0,0.0
290,85.54,0.483,1.55,286.6,0,0.0
291,85.5,0.51,1.09,302.1,0,0.0
292,85.42,0.501,1.94,304.2,0,0.0
293,85.4,0.481,1.45,297.6,0,0.0
294,85.35,0.5,1.34,302.5,0,0.0
295,85.32,0.489,1.4,303.3,0,0.0
296,85.27,0.503,1.58,297.7,0,0.0
297,85.18,0.51,1.71,294.3,0,0.0
298,85.1,0.51,1.76,296.1,0,0.0
299,85.04,0.496,1.2,288.5,0,0.0
300,84.99,0.483,1.03,306.0,0,0.0
301,84.95,0.487,1.04,294.1,0,0.0
302,84.9,0.485,1.12,308.6,0,0.0
303,84.84,0.5,1.97,312.0,0,0.0
304,84.79,0.496,1.28,306.6,0,0.0
305,84.7,0.511,1.49,305.9,0,0.0
306,84.6,0.482,1.41,314.8,0,0.0
307,84.57,0.507,1.21,298.6,0,0.0
308,84.56,0.503,1.45,289.9,0,0.0
309,84.48,0.511,1.52,311.1,0,0.0
310,84.45,0.489,1.61,307.6,0,0.0
311,84.35,0.5,1.43,295.4,0,0.0
312,84.31,0.501,1.91,311.6,0,0.0
313,84.22,0.492,1.6,306.0,0,0.0
314,84.19,0.519,1.61,293.4,0,0.0
315,84.09,0.51,1.69,310.4,0,0.0
316,84.0,0.487,1.59,305.0,0,0.0
317,83.95,0.481,1.74,295.0,0,0.0
318,83.86,0.501,1.15,295.3,0,0.0
319,83.79,0.52,2.07,309.7,0,0.0
320,83.75,0.51,1.13,292.6,0,0.0
321,83.67,0.502,1.77,297.7,0,0.0
322,83.58,0.519,1.8,306.2,0,0.0
323,83.55,0.501,1.28,312.6,0,0.0
324,83.51,0.484,1.24,304.0,0,0.0
325,83.45,0.507,1.56,285.8,0,0.0
326,83.4,0.491,1.19,305.9,0,0.0
327,83.35,0.507,1.8,313.9,0,0.0
328,83.31,0.497,1.98,307.2,0,0.0
329,83.22,0.507,1.82,287.3,0,0.0
330,83.17,0.489,1.01,300.3,0,0.0
331,83.14,0.497,0.95,287.0,0,0.0
332,83.13,0.492,1.49,300.3,0,0.0
333,83.08,0.49,1.35,304.8,0,0.0
334,83.07,0.482,1.78,304.5,0,0.0
335,83.04,0.518,1.86,286.9,0,0.0
336,82.98,0.512,1.71,300.9,0,0.0
337,82.93,0.5,1.76,285.6,0,0.0
338,82.88,0.488,1.89,310.5,0,0.0
339,82.8,0.49,1.21,285.0,0,0.0
340,82.76,0.492,0.98,297.4,0,0.0
341,82.71,0.491,1.42,311.1,0,0.0
342,82.69,0.489,1.77,288.9,0,0.0
343,82.59,0.516,1.46,286.2,0,0.0
344,82.56,0.485,1.9,307.2,0,0.0
345,82.49,0.486,1.91,304.3,0,0.0
346,82.48,0.491,1.2,294.8,0,0.0
347,82.4,0.485,1.46,315.0,0,0.0
348,82.35,0.513,1.48,313.2,0,0.0
349,82.25,0.49,1.18,311.7,0,0.0
350,82.16,0.519,1.84,303.9,0,0.0
351,82.15,0.503,1.74,305.1,0,0.0
352,82.11,0.5,1.27,304.6,0,0.0
353,82.09,0.51,1.49,303.7,0,0.0
354,82.04,0.504,1.18,306.0,0,0.0
355,81.98,0.52,1.08,294.8,0,0.0
356,81.88,0.519,1.5,305.8,0,0.0
357,81.83,0.481,1.05,297.2,0,0.0
358,81.76,0.481,1.3,311.6,0,0.0
359,81.73,0.501,1.17,302.9,0,0.0
360,81.7,0.499,0.97,288.1,0,0.0
361,81.68,0.49,0.95,286.5,0,0.0
362,81.64,0.481,1.67,293.5,0,0.0
363,81.57,0.486,1.01,295.3,0,0.0
364,81.53,0.485,1.58,303.0,0,0.0
365,81.52,0.519,1.18,288.7,0,0.0
366,81.45,0.509,1.5,291.0,0,0.0
367,81.39,0.503,1.15,294.7,0,0.0
368,81.32,0.501,1.36,300.8,0,0.0
369,81.24,0.508,1.52,285.8,0,0.0
370,81.16,0.502,1.71,313.3,0,0.0
371,81.12,0.51,1.7,312.9,0,0.0
372,81.1,0.508,1.33,308.8,0,0.0
373,81.06,0.494,1.31,294.2,0,0.0
374,81.06,0.518,1.65,309.1,0,0.0
375,80.96,0.499,1.09,287.2,0,0.0
376,80.9,0.505,1.19,293.7,0,0.0
377,80.84,0.491,1.24,289.2,0,0.0
378,80.75,0.504,1.68,296.1,0,0.0
379,80.65,0.502,1.72,286.3,0,0.0
380,80.58,0.502,1.32,309.1,0,0.0
381,80.54,0.516,1.08,293.5,0,0.0
382,80.53,0.49,1.51,293.7,0,0.0
383,80.43,0.517,1.44,293.2,0,0.0
384,80.39,0.518,1.43,307.0,0,0.0
385,80.35,0.502,0.98,288.5,0,0.0
386,80.26,0.486,1.45,297.5,0,0.0
387,80.16,0.518,1.05,298.7,0,0.0
388,80.14,0.499,1.88,310.9,0,0.0
389,80.05,0.509,1.54,296.8,0,0.0
390,79.98,0.505,1.78,300.7,0,0.0
391,79.89,0.503,1.17,299.5,0,0.0
392,79.8,0.503,1.47,286.5,0,0.0
393,79.71,0.497,1.94,290.3,0,0.0
394,79.65,0.493,1.23,305.0,0,0.0
395,79.59,0.506,1.88,293.1,0,0.0
396,79.58,0.519,1.2,294.2,0,0.0
397,79.56,0.512,1.53,296.5,0,0.0
398,79.46,0.5,1.86,287.1,0,0.0
399,79.44,0.51,1.4,304.8,0,0.0
400,79.35,0.481,1.11,298.9,0,0.0
401,79.29,0.488,1.06,297.0,0,0.0
402,79.25,0.483,1.68,308.0,0,0.0
403,79.25,0.518,1.8,292.5,0,0.0
404,79.19,0.489,1.44,288.3,0,0.0
405,79.13,0.512,1.78,297.9,0,0.0
406,79.11,0.499,1.99,309.9,0,0.0
407,79.06,0.515,1.97,296.9,0,0.0
408,79.0,0.512,1.03,288.9,0,0.0
409,78.92,0.486,1.73,313.0,0,0.0
410,78.89,0.509,1.39,301.5,0,0.0
411,78.8,0.492,1.85,288.2,0,0.0
412,78.7,0.497,1.65,292.5,0,0.0
413,78.62,0.501,1.84,295.7,0,0.0
414,78.54,0.483,1.06,307.0,0,0.0
415,78.46,0.486,1.62,286.0,0,0.0
416,78.4,0.498,1.39,309.1,0,0.0
417,78.36,0.498,1.7,296.6,0,0.0
418,78.35,0.507,1.51,310.6,0,0.0
419,78.33,0.507,1.97,300.3,0,0.0
420,78.32,0.492,1.8,301.9,0,0.0
421,78.3,0.485,1.09,305.6,0,0.0
422,78.21,0.496,1.91,290.4,0,0.0
423,78.17,0.491,1.35,292.7,0,0.0
424,78.1,0.486,1.63,304.2,0,0.0
425,78.02,0.483,1.33,304.3,0,0.0
426,78.01,0.496,1.72,298.8,0,0.0
427,77.98,0.513,1.92,292.0,0,0.0
428,77.91,0.486,1.03,313.6,0,0.0
429,77.82,0.491,1.44,301.7,0,0.0
430,77.8,0.484,1.56,313.5,0,0.0
431,77.78,0.513,1.65,310.7,0,0.0
432,77.72,0.484,1.88,308.2,0,0.0
433,77.69,0.485,1.77,294.4,0,0.0
434,77.61,0.498,1.61,297.4,0,0.0
435,77.53,0.501,1.52,286.9,0,0.0
436,77.45,0.482,1.74,293.4,0,0.0
437,77.41,0.516,1.04,298.1,0,0.0
438,77.33,0.484,1.37,311.7,0,0.0
439,77.27,0.507,1.08,300.0,0,0.0
440,77.18,0.486,1.44,298.9,0,0.0
441,77.15,0.514,1.22,311.2,0,0.0
442,77.13,0.504,1.32,297.1,0,0.0
443,77.1,0.481,1.07,311.6,0,0.0
444,77.01,0.485,1.08,314.6,0,0.0
445,76.96,0.493,1.44,300.0,0,0.0
446,76.91,0.518,1.03,287.2,0,0.0
447,76.9,0.507,1.3,303.7,0,0.0
448,76.83,0.517,1.88,288.4,0,0.0
449,76.74,0.511,1.3,290.3,0,0.0
450,76.67,0.496,1.43,314.6,0,0.0
451,76.65,0.496,1.76,291.0,0,0.0
452,76.61,0.509,1.53,304.6,0,0.0
453,76.51,0.49,1.63,288.4,0,0.0
454,76.46,0.49,1.83,306.9,0,0.0
455,76.44,0.495,1.64,305.5,0,0.0
456,76.39,0.519,1.62,287.6,0,0.0
457,76.38,0.504,1.66,285.9,0,0.0
458,76.37,0.485,1.01,296.6,0,0.0
459,76.35,0.487,1.05,309.1,0,0.0
460,76.34,0.496,1.21,297.7,0,0.0
461,76.3,0.508,2.0,296.9,0,0.0
462,76.24,0.519,2.0,299.2,0,0.0
463,76.2,0.487,1.04,313.6,0,0.0
464,76.15,0.488,0.97,301.9,0,0.0
465,76.07,0.51,1.24,287.2,0,0.0
466,75.99,0.499,1.41,301.9,0,0.0
467,75.94,0.485,1.61,299.9,0,0.0
468,75.84,0.508,1.65,308.6,0,0.0
469,75.79,0.483,1.42,311.9,0,0.0
470,75.71,0.489,1.36,309.7,0,0.0
471,75.62,0.506,1.78,296.7,0,0.0
472,75.59,0.486,1.76,310.0,0,0.0
473,75.55,0.517,1.21,291.9,0,0.0
474,75.51,0.481,1.05,296.0,0,0.0
475,75.46,0.49,1.84,290.0,0,0.0
476,75.45,0.487,1.11,285.4,0,0.0
477,75.43,0.496,1.61,313.4,0,0.0
478,75.34,0.507,1.83,294.2,0,0.0
479,75.31,0.512,1.92,293.6,0,0.0
480,75.24,0.489,1.06,313.8,0,0.0
481,75.23,0.49,1.96,298.7,0,0.0
482,75.23,0.512,1.24,287.9,0,0.0
483,75.2,0.518,1.91,306.9,0,0.0
484,75.19,0.501,1.33,309.5,0,0.0
485,75.12,0.485,1.11,305.2,0,0.0
486,75.09,0.508,1.58,303.9,0,0.0
487,75.04,0.493,1.51,308.1,0,0.0
488,74.95,0.51,1.69,301.2,0,0.0
489,74.86,0.483,1.93,303.2,0,0.0
490,74.86,0.483,1.19,308.5,0,0.0
491,74.78,0.508,1.83,292.9,0,0.0
492,74.71,0.482,1.58,293.2,0,0.0
493,74.7,0.488,1.71,313.4,0,0.0
494,74.67,0.52,1.64,307.1,0,0.0
495,74.58,0.495,1.76,288.2,0,0.0
496,74.53,0.514,1.6,297.8,0,0.0
497,74.46,0.503,1.21,292.6,0,0.0
498,74.44,0.503,1.66,286.8,0,0.0
499,74.35,0.485,1.82,301.3,0,0.0
500,74.26,0.511,1.06,301.9,0,0.0
501,74.22,0.506,1.82,287.6,0,0.0
502,74.12,0.497,1.61,307.2,0,0.0
503,74.06,0.481,1.77,290.8,0,0.0
504,73.99,0.504,1.71,295.7,0,0.0
505,73.95,0.513,1.52,286.6,0,0.0
506,73.91,0.482,1.71,291.1,0,0.0
507,73.86,0.499,1.5,302.5,0,0.0
508,73.85,0.493,1.58,297.4,0,0.0
509,73.8,0.49,1.76,309.8,0,0.0
510,73.73,0.483,1.87,300.5,0,0.0
511,73.71,0.502,1.38,309.4,0,0.0
512,73.68,0.512,1.79,304.3,0,0.0
513,73.64,0.498,1.87,309.9,0,0.0
514,73.55,0.483,1.47,308.7,0,0.0
515,73.48,0.48,1.05,314.0,0,0.0
516,73.42,0.491,2.02,312.8,0,0.0
517,73.33,0.505,1.54,287.6,0,0.0
518,73.33,0.51,1.54,305.0,0,0.0
519,73.27,0.508,1.68,291.6,0,0.0
520,73.19,0.486,0.99,288.8,0,0.0
521,73.1,0.505,0.97,288.6,0,0.0
522,73.05,0.51,1.85,298.1,0,0.0
523,72.95,0.503,1.43,303.8,0,0.0
524,72.89,0.502,0.97,292.9,0,0.0
525,72.81,0.51,1.73,287.3,0,0.0
526,72.8,0.516,1.81,289.5,0,0.0
527,72.7,0.491,1.88,298.3,0,0.0
528,72.66,0.51,1.24,294.9,0,0.0
529,72.59,0.484,1.95,302.8,0,0.0
530,72.53,0.48,1.43,297.0,0,0.0
531,72.45,0.504,1.93,291.2,0,0.0
532,72.36,0.488,1.04,298.7,0,0.0
533,72.32,0.483,2.0,313.3,0,0.0
534,72.26,0.489,1.42,312.9,0,0.0
535,72.24,0.512,1.17,310.2,0,0.0
536,72.2,0.518,1.71,301.7,0,0.0
537,72.11,0.517,1.98,303.5,0,0.0
538,72.06,0.515,1.36,289.9,0,0.0
539,72.05,0.506,1.11,294.3,0,0.0
540,71.95,0.5,1.86,299.0,0,0.0
541,71.86,0.519,1.21,296.4,0,0.0
542,71.84,0.501,1.01,286.9,0,0.0
543,71.82,0.507,1.54,291.4,0,0.0
544,71.77,0.492,1.88,296.0,0,0.0
545,71.73,0.483,1.64,311.0,0,0.0
546,71.65,0.496,1.77,287.8,0,0.0
547,71.62,0.483,1.61,297.7,0,0.0
548,71.62,0.519,1.31,304.3,0,0.0
549,71.54,0.499,1.49,302.6,0,0.0
550,71.45,0.489,1.85,309.9,0,0.0
551,71.39,0.515,1.42,308.1,0,0.0
552,71.37,0.494,1.44,303.7,0,0.0
553,71.33,0.484,1.01,305.1,0,0.0
554,71.24,0.487,1.46,291.8,0,0.0
555,71.15,0.493,1.15,291.9,0,0.0
556,71.11,0.482,1.58,293.3,0,0.0
557,71.04,0.5,1.83,291.3,0,0.0
558,70.97,0.519,1.77,312.5,0,0.0
559,70.89,0.493,1.02,305.8,0,0.0
560,70.82,0.509,1.77,306.4,0,0.0
561,70.77,0.483,1.3,286.5,0,0.0
562,70.75,0.494,1.57,298.6,0,0.0
563,70.69,0.5,1.28,298.4,0,0.0
564,70.6,0.495,1.54,301.1,0,0.0
565,70.55,0.514,1.47,295.4,0,0.0
566,70.53,0.482,0.99,294.9,0,0.0
567,70.48,0.512,2.02,308.9,0,0.0
568,70.43,0.517,1.68,291.3,0,0.0
569,70.42,0.495,1.09,285.7,0,0.0
570,70.39,0.484,1.07,310.9,0,0.0
571,70.33,0.497,1.42,287.6,0,0.0
572,70.26,0.502,1.59,302.7,0,0.0
573,70.2,0.5,1.96,295.7,0,0.0
574,70.18,0.495,1.75,286.2,0,0.0
575,70.16,0.517,1.8,307.0,0,0.0
576,70.14,0.519,1.97,298.2,0,0.0
577,70.05,0.511,1.65,300.4,0,0.0
578,70.01,0.509,1.87,295.3,0,0.0
579,69.96,0.483,1.77,292.0,0,0.0
580,69.91,0.49,1.15,309.5,0,0.0
581,69.85,0.518,1.29,302.9,0,0.0
582,69.78,0.483,1.85,303.0,0,0.0
583,69.78,0.494,1.35,296.7,0,0.0
584,69.72,0.514,1.28,311.2,0,0.0
585,69.67,0.495,1.55,301.6,0,0.0
586,69.65,0.491,1.67,303.7,0,0.0
587,69.63,0.505,1.11,298.9,0,0.0
588,69.59,0.486,1.55,310.1,0,0.0
589,69.56,0.52,1.88,303.7,0,0.0
590,69.48,0.517,1.78,314.7,0,0.0
591,69.47,0.511,1.65,299.0,0,0.0
592,69.42,0.487,1.89,290.9,0,0.0
593,69.33,0.502,1.67,298.6,0,0.0
594,69.3,0.506,1.28,293.0,0,0.0
595,69.25,0.501,1.24,314.9,0,0.0
596,69.21,0.499,1.02,289.8,0,0.0
597,69.17,0.497,1.05,310.6,0,0.0
598,69.11,0.5,1.58,300.6,0,0.0
599,69.1,0.487,1.37,295.2,0,0.0
600,69.02,0.517,1.76,311.3,0,0.0
601,68.95,0.514,1.65,298.8,0,0.0
602,68.89,0.496,1.7,300.4,0,0.0
603,68.83,0.481,1.41,286.4,0,0.0
604,68.73,0.512,1.82,311.4,0,0.0
605,68.69,0.505,1.05,294.6,0,0.0
606,68.64,0.498,1.88,309.5,0,0.0
607,68.6,0.509,1.24,289.1,0,0.0
608,68.53,0.516,1.04,292.2,0,0.0
609,68.5,0.483,0.92,288.8,0,0.0
610,68.44,0.486,0.98,304.8,0,0.0
611,68.35,0.501,1.17,295.9,0,0.0
612,68.27,0.492,1.49,309.6,0,0.0
613,68.21,0.503,1.41,294.8,0,0.0
614,68.12,0.486,1.77,312.3,0,0.0
615,68.06,0.507,1.3,313.4,0,0.0
616,67.96,0.494,1.97,308.7,0,0.0
617,67.86,0.503,1.3,285.6,0,0.0
618,67.8,0.519,1.28,290.6,0,0.0
619,67.72,0.519,1.26,310.3,0,0.0
620,67.69,0.517,1.53,298.9,0,0.0
621,67.62,0.518,1.38,299.0,0,0.0
622,67.6,0.514,1.27,290.7,0,0.0
623,67.58,0.498,1.17,294.1,0,0.0
624,67.53,0.513,1.49,302.1,0,0.0
625,67.51,0.509,1.44,307.8,0,0.0
626,67.48,0.485,1.06,290.1,0,0.0
627,67.45,0.493,1.54,290.4,0,0.0
628,67.36,0.481,1.03,309.9,0,0.0
629,67.33,0.481,1.49,287.0,0,0.0
630,67.28,0.508,1.54,291.3,0,0.0
631,67.2,0.503,1.92,290.3,0,0.0
632,67.16,0.484,1.92,308.5,0,0.0
633,67.13,0.496,1.85,285.4,0,0.0
634,67.05,0.504,1.4,307.9,0,0.0
635,66.98,0.483,1.18,305.5,0,0.0
636,66.94,0.485,1.69,291.4,0,0.0
637,66.91,0.486,1.21,289.1,0,0.0
638,66.85,0.497,1.2,300.6,0,0.0
639,66.75,0.491,1.43,298.4,0,0.0
640,66.67,0.519,1.19,302.1,0,0.0
641,66.59,0.499,1.09,312.0,0,0.0
642,66.53,0.496,1.44,314.1,0,0.0
643,66.47,0.5,1.58,307.7,0,0.0
644,66.39,0.499,1.08,291.1,0,0.0
645,66.32,0.483,1.44,312.7,0,0.0
646,66.32,0.511,1.3,305.9,0,0.0
647,66.24,0.504,1.45,300.8,0,0.0
648,66.17,0.512,1.52,286.9,0,0.0
649,66.12,0.505,1.45,299.1,0,0.0
650,66.1,0.493,1.02,305.7,0,0.0
651,66.05,0.481,1.16,297.9,0,0.0
652,66.04,0.495,1.7,285.7,0,0.0
653,65.98,0.482,1.65,305.9,0,0.0
654,65.96,0.482,1.62,309.8,0,0.0
655,65.92,0.515,1.96,306.8,0,0.0
656,65.82,0.503,1.87,287.6,0,0.0
657,65.8,0.5,1.36,312.5,0,0.0
658,65.8,0.487,1.42,291.9,0,0.0
659,65.8,0.509,1.11,302.5,0,0.0
660,65.76,0.501,1.4,304.2,0,0.0
661,65.69,0.493,1.42,301.9,0,0.0
662,65.67,0.493,1.58,291.8,0,0.0
663,65.62,0.493,1.32,302.1,0,0.0
664,65.54,0.498,1.82,300.1,0,0.0
665,65.47,0.497,1.04,302.4,0,0.0
666,65.44,0.48,1.07,304.7,0,0.0
667,65.42,0.482,1.17,306.9,0,0.0
668,65.4,0.482,1.78,296.8,0,0.0
669,65.35,0.501,1.07,294.7,0,0.0
670,65.31,0.502,1.21,299.9,0,0.0
671,65.29,0.492,1.22,311.6,0,0.0
672,65.27,0.51,1.46,301.1,0,0.0
673,65.19,0.516,1.49,314.0,0,0.0
674,65.15,0.51,1.64,312.5,0,0.0
675,65.12,0.482,1.0,291.0,0,0.0
676,65.1,0.506,1.14,313.2,0,0.0
677,65.06,0.51,1.88,302.8,0,0.0
678,64.97,0.494,1.16,306.7,0,0.0
679,64.9,0.519,1.12,288.4,0,0.0
680,64.82,0.495,1.91,305.4,0,0.0
681,64.78,0.519,1.44,299.2,0,0.0
682,64.77,0.488,1.71,305.7,0,0.0
683,64.72,0.487,1.78,309.6,0,0.0
684,64.65,0.491,1.17,314.5,0,0.0
685,64.57,0.481,1.74,307.3,0,0.0
686,64.51,0.486,1.26,307.5,0,0.0
687,64.49,0.495,1.74,287.4,0,0.0
688,64.4,0.507,1.87,311.7,0,0.0
689,64.38,0.493,1.77,307.4,0,0.0
690,64.37,0.481,0.99,308.9,0,0.0
691,64.35,0.497,1.89,296.0,0,0.0
692,64.31,0.484,1.93,311.8,0,0.0
693,64.23,0.498,1.64,298.9,0,0.0
694,64.17,0.498,1.94,291.1,0,0.0
695,64.09,0.481,0.99,300.2,0,0.0
696,64.04,0.484,1.08,306.6,0,0.0
697,63.95,0.512,1.85,314.7,0,0.0
698,63.94,0.519,1.7,300.5,0,0.0
699,63.88,0.495,1.83,305.6,0,0.0
700,63.81,0.491,1.42,300.3,0,0.0
701,63.73,0.52,1.82,289.9,0,0.0
702,63.73,0.482,1.25,303.3,0,0.0
703,63.65,0.484,1.37,309.8,0,0.0
704,63.62,0.484,1.01,285.3,0,0.0
705,63.58,0.481,1.36,310.0,0,0.0
706,63.57,0.518,1.3,313.8,0,0.0
707,63.51,0.509,1.29,294.3,0,0.0
708,63.45,0.487,1.75,287.2,0,0.0
709,63.36,0.499,1.71,291.6,0,0.0
710,63.34,0.482,1.56,287.3,0,0.0
711,63.31,0.511,1.79,310.4,0,0.0
712,63.28,0.505,1.35,287.8,0,0.0
713,63.22,0.491,1.64,304.5,0,0.0
714,63.13,0.493,1.4,294.8,0,0.0
715,63.11,0.513,1.55,299.0,0,0.0
716,63.08,0.492,1.66,288.9,0,0.0
717,63.02,0.518,1.55,303.8,0,0.0
718,62.94,0.504,1.74,305.9,0,0.0
719,62.93,0.498,1.12,290.4,0,0.0
720,62.89,0.489,1.13,310.7,0,0.0
721,62.89,0.496,1.54,287.9,0,0.0
722,62.84,0.509,1.3,300.6,0,0.0
723,62.74,0.51,1.86,289.5,0,0.0
724,62.74,0.519,1.83,310.4,0,0.0
725,62.69,0.491,1.37,287.5,0,0.0
726,62.65,0.513,1.38,293.1,0,0.0
727,62.55,0.5,1.78,299.1,0,0.0
728,62.55,0.5,1.73,304.0,0,0.0
729,62.51,0.514,1.73,291.7,0,0.0
730,62.42,0.494,1.99,304.9,0,0.0
731,62.35,0.492,1.25,308.5,0,0.0
732,62.29,0.494,1.59,300.9,0,0.0
733,62.23,0.494,1.89,291.5,0,0.0
734,62.19,0.518,1.19,313.5,0,0.0
735,62.11,0.511,1.16,300.0,0,0.0
736,62.08,0.507,1.83,309.8,0,0.0
737,62.06,0.51,1.32,309.1,0,0.0
738,61.97,0.506,1.39,303.8,0,0.0
739,61.94,0.498,1.24,306.0,0,0.0
740,61.86,0.482,1.8,285.8,0,0.0
741,61.82,0.481,1.71,290.0,0,0.0
742,61.79,0.508,1.32,296.6,0,0.0
743,61.73,0.489,1.42,303.0,0,0.0
744,61.66,0.499,1.32,288.2,0,0.0
745,61.57,0.511,1.45,288.3,0,0.0
746,61.53,0.489,1.2,292.2,0,0.0
747,61.48,0.507,1.49,292.2,0,0.0
748,61.43,0.498,1.58,294.0,0,0.0
749,61.37,0.507,1.65,288.0,0,0.0
750,61.32,0.499,1.62,286.0,0,0.0
751,61.24,0.505,1.13,304.8,0,0.0
752,61.21,0.504,1.77,290.4,0,0.0
753,61.11,0.491,1.87,288.2,0,0.0
754,61.04,0.508,1.43,286.4,0,0.0
755,60.97,0.496,1.82,303.7,0,0.0
756,60.9,0.496,1.37,309.2,0,0.0
757,60.82,0.51,1.2,285.4,0,0.0
758,60.78,0.49,1.0,300.2,0,0.0
759,60.78,0.515,1.35,310.0,0,0.0
760,60.7,0.484,1.64,312.6,0,0.0
761,60.66,0.49,1.79,303.6,0,0.0
762,60.59,0.511,1.96,313.2,0,0.0
763,60.52,0.498,1.67,291.0,0,0.0
764,60.48,0.492,1.4,308.5,0,0.0
765,60.46,0.512,1.74,299.9,0,0.0
766,60.41,0.494,1.24,287.9,0,0.0
767,60.36,0.508,1.86,297.5,0,0.0
768,60.35,0.482,1.17,308.8,0,0.0
769,60.29,0.484,1.8,312.7,0,0.0
770,60.23,0.49,1.77,300.8,0,0.0
771,60.2,0.518,1.89,309.4,0,0.0
772,60.16,0.485,1.05,295.9,0,0.0
773,60.11,0.485,1.01,296.4,0,0.0
774,60.05,0.492,1.6,288.0,0,0.0
775,59.97,0.491,1.84,301.5,0,0.0
776,59.94,0.496,1.5,293.1,0,0.0
777,59.87,0.51,1.43,313.7,0,0.0
778,59.79,0.49,1.53,297.1,0,0.0
779,59.71,0.503,1.64,291.5,0,0.0
780,59.66,0.492,1.79,292.3,0,0.0
781,59.56,0.484,1.7,293.6,0,0.0
782,59.5,0.491,1.56,302.4,0,0.0
783,59.48,0.481,1.15,310.6,0,0.0
784,59.39,0.491,1.77,285.6,0,0.0
785,59.37,0.485,1.72,301.2,0,0.0
786,59.33,0.496,1.53,291.5,0,0.0
787,59.29,0.483,1.82,290.9,0,0.0
788,59.29,0.501,2.0,299.9,0,0.0
789,59.25,0.503,1.38,286.4,0,0.0
790,59.18,0.501,2.0,305.8,0,0.0
791,59.09,0.512,1.82,307.1,0,0.0
792,59.01,0.52,1.17,288.7,0,0.0
793,58.96,0.51,1.59,303.9,0,0.0
794,58.87,0.509,1.58,292.8,0,0.0
795,58.82,0.494,1.41,289.1,0,0.0
796,58.75,0.516,1.75,291.1,0,0.0
797,58.66,0.52,1.47,305.6,0,0.0
798,58.56,0.49,1.67,314.7,0,0.0
799,58.51,0.486,1.79,299.4,0,0.0
800,58.45,0.495,1.41,299.6,0,0.0
801,58.43,0.511,2.05,312.8,0,0.0
802,58.4,0.508,1.67,304.8,0,0.0
803,58.32,0.515,1.9,294.9,0,0.0
804,58.27,0.485,1.75,304.4,0,0.0
805,58.24,0.504,1.4,303.1,0,0.0
806,58.23,0.513,1.96,287.9,0,0.0
807,58.19,0.51,1.45,313.1,0,0.0
808,58.14,0.481,1.8,305.7,0,0.0
809,58.12,0.505,2.06,310.7,0,0.0
810,58.11,0.492,1.89,313.2,0,0.0
811,58.02,0.514,1.07,298.9,0,0.0
812,57.96,0.51,1.99,304.1,0,0.0
813,57.96,0.512,1.84,290.1,0,0.0
814,57.95,0.496,1.85,300.1,0,0.0
815,57.87,0.515,1.35,289.1,0,0.0
816,57.82,0.504,1.28,301.3,0,0.0
817,57.73,0.504,1.94,288.7,0,0.0
818,57.67,0.493,1.5,311.9,0,0.0
819,57.66,0.486,1.62,308.4,0,0.0
820,57.57,0.499,1.16,286.0,0,0.0
821,57.54,0.499,1.92,291.2,0,0.0
822,57.45,0.487,1.8,305.2,0,0.0
823,57.4,0.496,1.94,315.0,0,0.0
824,57.33,0.509,1.87,315.0,0,0.0
825,57.25,0.495,1.22,286.8,0,0.0
826,57.25,0.483,1.87,287.2,0,0.0
827,57.16,0.516,1.73,312.1,0,0.0
828,57.13,0.499,1.68,286.9,0,0.0
829,57.08,0.507,1.5,311.8,0,0.0
830,56.99,0.502,1.26,312.7,0,0.0
831,56.91,0.515,1.59,306.6,0,0.0
832,56.88,0.517,1.76,288.1,0,0.0
833,56.83,0.482,0.92,291.8,0,0.0
834,56.81,0.497,1.48,314.2,0,0.0
835,56.72,0.487,1.4,313.0,0,0.0
836,56.71,0.48,1.09,310.0,0,0.0
837,56.64,0.501,1.44,305.9,0,0.0
838,56.55,0.511,1.57,296.5,0,0.0
839,56.49,0.502,1.2,305.1,0,0.0
840,56.41,0.514,1.69,302.5,0,0.0
841,56.33,0.507,1.8,288.4,0,0.0
842,56.28,0.498,1.32,300.1,0,0.0
843,56.25,0.497,2.0,310.4,0,0.0
844,56.16,0.511,1.29,286.5,0,0.0
845,56.08,0.519,1.99,304.9,0,0.0
846,56.0,0.493,1.32,301.9,0,0.0
847,55.93,0.518,1.33,293.4,0,0.0
848,55.93,0.498,1.55,311.2,0,0.0
849,55.92,0.505,1.0,287.2,0,0.0
850,55.89,0.516,1.94,305.0,0,0.0
851,55.86,0.502,1.05,302.0,0,0.0
852,55.83,0.487,1.65,305.3,0,0.0
853,55.79,0.482,1.38,309.3,0,0.0
854,55.78,0.514,2.03,308.3,0,0.0
855,55.77,0.519,1.29,307.6,0,0.0
856,55.71,0.498,1.93,295.9,0,0.0
857,55.68,0.518,1.15,312.9,0,0.0
858,55.67,0.512,1.79,299.6,0,0.0
859,55.6,0.515,1.86,305.9,0,0.0
860,55.57,0.51,1.93,310.7,0,0.0
861,55.51,0.491,1.96,305.1,0,0.0
862,55.44,0.498,1.41,288.0,0,0.0
863,55.37,0.512,1.69,309.2,0,0.0
864,55.27,0.507,1.68,289.7,0,0.0
865,55.26,0.5,1.83,285.4,0,0.0
866,55.18,0.514,1.45,302.9,0,0.0
867,55.09,0.504,1.26,304.3,0,0.0
868,55.07,0.485,1.61,286.2,0,0.0
869,55.0,0.486,1.41,291.2,0,0.0
870,54.93,0.488,1.7,309.6,0,0.0
871,54.92,0.484,1.01,302.1,0,0.0
872,54.87,0.496,0.94,288.7,0,0.0
873,54.8,0.493,1.1,289.1,0,0.0
874,54.71,0.489,1.78,288.0,0,0.0
875,54.68,0.486,1.67,305.9,0,0.0
876,54.58,0.496,1.65,308.4,0,0.0
877,54.55,0.5,1.14,300.8,0,0.0
878,54.54,0.494,1.53,314.2,0,0.0
879,54.45,0.495,1.1,308.6,0,0.0
880,54.37,0.518,1.7,307.8,0,0.0
881,54.33,0.508,1.1,302.8,0,0.0
882,54.3,0.486,1.69,301.6,0,0.0
883,54.22,0.492,1.37,293.0,0,0.0
884,54.2,0.489,1.4,295.4,0,0.0
885,54.14,0.517,1.15,292.9,0,0.0
886,54.09,0.511,1.82,314.0,0,0.0
887,54.03,0.495,1.08,292.5,0,0.0
888,54.01,0.52,1.71,291.1,0,0.0
889,53.99,0.485,1.29,298.2,0,0.0
890,53.91,0.512,1.46,306.7,0,0.0
891,53.82,0.483,1.82,300.4,0,0.0
892,53.73,0.488,1.53,296.0,0,0.0
893,53.66,0.498,1.64,312.3,0,0.0
894,53.61,0.491,1.19,312.4,0,0.0
895,53.54,0.49,1.61,307.8,0,0.0
896,53.47,0.487,1.58,304.8,0,0.0
897,53.44,0.489,1.66,285.4,0,0.0
898,53.43,0.488,1.57,314.9,0,0.0
899,53.35,0.499,1.62,289.5,0,0.0
900,53.32,0.502,1.13,285.0,0,0.0
901,53.31,0.481,1.0,285.7,0,0.0
902,53.25,0.496,1.88,313.3,0,0.0
903,53.19,0.481,1.57,302.9,0,0.0
904,53.12,0.502,1.03,304.3,0,0.0
905,53.12,0.506,1.57,297.7,0,0.0
906,53.06,0.501,1.01,288.4,0,0.0
907,52.98,0.505,1.15,297.0,0,0.0
908,52.97,0.504,1.81,300.5,0,0.0
909,52.97,0.509,1.3,311.3,0,0.0
910,52.91,0.485,1.37,313.5,0,0.0
911,52.82,0.511,1.27,285.2,0,0.0
912,52.81,0.503,1.32,292.1,0,0.0
913,52.8,0.489,1.21,286.7,0,0.0
914,52.78,0.505,1.93,306.5,0,0.0
915,52.72,0.485,1.67,286.3,0,0.0
916,52.62,0.487,0.92,288.8,0,0.0
917,52.56,0.482,1.5,311.7,0,0.0
918,52.47,0.49,1.59,289.1,0,0.0
919,52.44,0.502,1.38,305.6,0,0.0
920,52.39,0.518,1.66,296.7,0,0.0
921,52.36,0.482,1.77,293.9,0,0.0
922,52.36,0.505,1.86,287.3,0,0.0
923,52.29,0.502,1.55,288.1,0,0.0
924,52.22,0.486,1.06,307.5,0,0.0
925,52.16,0.514,1.08,305.1,0,0.0
926,52.12,0.49,1.33,294.3,0,0.0
927,52.07,0.483,1.48,302.1,0,0.0
928,51.99,0.503,1.63,294.9,0,0.0
929,51.92,0.517,1.84,289.8,0,0.0
930,51.87,0.484,1.78,291.9,0,0.0
931,51.78,0.511,1.76,292.3,0,0.0
932,51.72,0.482,1.01,290.9,0,0.0
933,51.63,0.506,1.31,292.2,0,0.0
934,51.56,0.512,1.85,307.9,0,0.0
935,51.48,0.511,1.66,307.3,0,0.0
936,51.4,0.504,1.26,292.9,0,0.0
937,51.37,0.503,1.92,300.7,0,0.0
938,51.32,0.503,1.59,312.3,0,0.0
939,51.27,0.493,1.56,285.8,0,0.0
940,51.25,0.517,1.02,290.6,0,0.0
941,51.17,0.518,1.49,313.8,0,0.0
942,51.14,0.492,1.61,285.1,0,0.0
943,51.08,0.499,1.01,295.1,0,0.0
944,51.03,0.492,1.58,298.4,0,0.0
945,50.94,0.511,1.4,296.5,0,0.0
946,50.87,0.505,1.21,314.6,0,0.0
947,50.84,0.505,1.95,309.5,0,0.0
948,50.77,0.504,1.19,286.9,0,0.0
949,50.69,0.501,1.27,302.8,0,0.0
950,50.65,0.483,1.35,288.4,0,0.0
951,50.56,0.508,2.08,312.1,0,0.0
952,50.48,0.481,1.66,296.4,0,0.0
953,50.46,0.5,1.16,293.0,0,0.0
954,50.43,0.491,1.91,314.6,0,0.0
955,50.37,0.482,1.82,287.2,0,0.0
956,50.35,0.497,1.41,310.4,0,0.0
957,50.29,0.491,1.37,303.1,0,0.0
958,50.23,0.519,1.33,291.0,0,0.0
959,50.13,0.509,1.3,299.7,0,0.0
960,50.04,0.498,1.46,314.6,0,0.0
961,50.01,0.513,1.24,304.6,0,0.0
962,49.99,0.507,1.15,291.7,0,0.0
963,49.95,0.502,1.15,306.9,0,0.0
964,49.92,0.481,1.17,288.2,0,0.0
965,49.9,0.488,1.39,300.8,0,0.0
966,49.88,0.492,1.38,304.4,0,0.0
967,49.87,0.501,1.4,314.1,0,0.0
968,49.84,0.485,1.71,293.7,0,0.0
969,49.82,0.506,1.08,294.9,0,0.0
970,49.74,0.492,1.04,301.3,0,0.0
971,49.64,0.489,1.29,300.4,0,0.0
972,49.6,0.513,1.41,314.6,0,0.0
973,49.59,0.503,1.75,306.1,0,0.0
974,49.59,0.515,1.0,287.4,0,0.0
975,49.5,0.509,1.29,296.7,0,0.0
976,49.41,0.486,1.52,285.3,0,0.0
977,49.37,0.493,1.75,300.8,0,0.0
978,49.37,0.517,1.89,304.4,0,0.0
979,49.32,0.494,1.95,295.7,0,0.0
980,49.27,0.516,1.52,291.1,0,0.0
981,49.25,0.484,0.99,297.0,0,0.0
982,49.18,0.493,1.38,305.4,0,0.0
983,49.14,0.507,1.18,303.9,0,0.0
984,49.12,0.498,1.83,305.7,0,0.0
985,49.11,0.509,1.49,310.3,0,0.0
986,49.07,0.518,2.02,301.7,0,0.0
987,49.04,0.497,1.12,302.7,0,0.0
988,49.02,0.51,1.44,291.9,0,0.0
989,48.97,0.515,1.94,285.0,0,0.0
990,48.88,0.489,1.39,301.2,0,0.0
991,48.79,0.514,1.38,300.0,0,0.0
992,48.71,0.519,1.35,303.3,0,0.0
993,48.66,0.505,1.03,295.3,0,0.0
994,48.57,0.497,1.9,288.1,0,0.0
995,48.55,0.513,1.6,307.1,0,0.0
996,48.47,0.508,1.64,306.5,0,0.0
997,48.41,0.515,1.87,307.4,0,0.0
998,48.38,0.495,1.12,290.4,0,0.0
999,48.37,0.503,1.01,294.9,0,0.0
1000,48.31,0.496,1.24,307.7,0,0.0
1001,48.24,0.493,1.37,296.4,0,0.0
1002,48.23,0.495,1.97,309.9,0,0.0
1003,48.13,0.502,1.56,314.9,0,0.0
1004,48.04,0.507,1.63,301.7,0,0.0
1005,48.02,0.51,1.98,296.3,0,0.0
1006,47.94,0.507,2.06,311.1,0,0.0
1007,47.91,0.497,1.92,309.2,0,0.0
1008,47.88,0.5,1.18,285.8,0,0.0
1009,47.78,0.493,0.96,292.8,0,0.0
1010,47.74,0.484,1.41,304.6,0,0.0
1011,47.64,0.491,1.52,302.2,0,0.0
1012,47.64,0.51,1.45,287.4,0,0.0
1013,47.57,0.52,1.35,305.5,0,0.0
1014,47.49,0.511,1.02,295.8,0,0.0
1015,47.41,0.487,1.36,285.5,0,0.0
1016,47.33,0.493,1.44,300.3,0,0.0
1017,47.25,0.486,1.76,290.1,0,0.0
1018,47.19,0.498,1.07,293.7,0,0.0
1019,47.12,0.504,1.4,308.4,0,0.0
1020,47.1,0.489,1.62,298.2,0,0.0
1021,47.03,0.514,1.15,289.1,0,0.0
1022,46.98,0.519,1.91,293.6,0,0.0
1023,46.94,0.482,1.56,309.3,0,0.0
1024,46.93,0.487,1.05,303.5,0,0.0
1025,46.91,0.482,1.67,296.8,0,0.0
1026,46.84,0.497,1.36,307.0,0,0.0
1027,46.8,0.5,1.11,286.8,0,0.0
1028,46.73,0.517,1.38,309.9,0,0.0
1029,46.66,0.503,1.16,285.8,0,0.0
1030,46.57,0.513,1.8,288.6,0,0.0
1031,46.55,0.484,2.02,313.6,0,0.0
1032,46.45,0.496,1.89,288.6,0,0.0
1033,46.43,0.506,1.95,301.6,0,0.0
1034,46.33,0.512,1.38,289.6,0,0.0
1035,46.25,0.484,0.98,301.2,0,0.0
1036,46.24,0.482,1.15,304.2,0,0.0
1037,46.18,0.487,1.62,291.9,0,0.0
1038,46.1,0.507,1.77,285.0,0,0.0
1039,46.1,0.505,1.16,300.8,0,0.0
1040,46.02,0.511,1.07,304.9,0,0.0
1041,45.95,0.488,1.35,290.4,0,0.0
1042,45.86,0.491,1.35,286.9,0,0.0
1043,45.86,0.511,1.5,310.5,0,0.0
1044,45.85,0.518,1.09,297.3,0,0.0
1045,45.83,0.519,1.73,285.1,0,0.0
1046,45.76,0.51,1.6,294.5,0,0.0
1047,45.71,0.517,1.72,306.4,0,0.0
1048,45.64,0.484,1.5,313.1,0,0.0
1049,45.55,0.511,1.23,294.6,0,0.0
1050,45.55,0.515,1.81,286.6,0,0.0
1051,45.48,0.512,1.7,285.7,0,0.0
1052,45.4,0.494,1.09,314.6,0,0.0
1053,45.38,0.515,1.75,307.2,0,0.0
1054,45.37,0.518,1.65,298.9,0,0.0
1055,45.3,0.482,1.87,314.9,0,0.0
1056,45.29,0.5,1.72,289.6,0,0.0
1057,45.21,0.516,1.2,289.6,0,0.0
1058,45.14,0.501,1.34,313.4,0,0.0
1059,45.1,0.511,1.27,310.3,0,0.0
1060,45.02,0.483,1.48,297.7,0,0.0
1061,44.95,0.492,1.81,289.7,0,0.0
1062,44.86,0.517,2.06,312.6,0,0.0
1063,44.76,0.496,1.31,306.0,0,0.0
1064,44.7,0.518,1.3,312.1,0,0.0
1065,44.61,0.497,1.93,295.1,0,0.0
1066,44.59,0.481,1.43,295.4,0,0.0
1067,44.59,0.494,1.76,289.2,0,0.0
1068,44.54,0.482,1.81,309.9,0,0.0
1069,44.53,0.49,1.94,303.2,0,0.0
1070,44.46,0.487,1.23,299.1,0,0.0
1071,44.43,0.512,1.16,309.3,0,0.0
1072,44.37,0.509,1.87,314.6,0,0.0
1073,44.34,0.484,1.73,305.6,0,0.0
1074,44.25,0.506,1.94,294.3,0,0.0
1075,44.25,0.493,1.29,297.0,0,0.0
1076,44.19,0.509,1.98,295.3,0,0.0
1077,44.1,0.492,1.02,309.1,0,0.0
1078,44.01,0.517,1.48,302.2,0,0.0
1079,43.93,0.507,1.13,294.6,0,0.0
1080,43.84,0.495,1.8,294.2,0,0.0
1081,43.84,0.515,1.16,288.6,0,0.0
1082,43.77,0.506,1.48,297.6,0,0.0
1083,43.76,0.519,1.46,293.5,0,0.0
1084,43.73,0.508,1.63,306.9,0,0.0
1085,43.68,0.498,1.56,300.7,0,0.0
1086,43.67,0.516,1.15,299.9,0,0.0
1087,43.64,0.503,1.79,298.7,0,0.0
1088,43.6,0.491,1.38,287.2,0,0.0
1089,43.59,0.515,1.35,294.2,0,0.0
1090,43.51,0.504,1.17,312.1,0,0.0
1091,43.42,0.505,1.98,296.2,0,0.0
1092,43.37,0.493,1.89,301.9,0,0.0
1093,43.37,0.489,1.0,300.0,0,0.0
1094,43.37,0.496,1.5,286.2,0,0.0
1095,43.31,0.511,1.6,297.6,0,0.0
1096,43.23,0.482,1.29,300.4,0,0.0
1097,43.17,0.495,1.69,311.7,0,0.0
1098,43.11,0.504,1.55,294.9,0,0.0
1099,43.02,0.491,1.78,314.7,0,0.0
1100,42.96,0.483,1.59,306.4,0,0.0
1101,42.92,0.512,1.51,301.7,0,0.0
1102,42.82,0.519,1.96,304.9,0,0.0
1103,42.75,0.517,1.83,291.0,0,0.0
1104,42.71,0.506,1.51,291.1,0,0.0
1105,42.63,0.51,1.17,311.4,0,0.0
1106,42.58,0.512,1.31,287.4,0,0.0
1107,42.5,0.502,1.28,314.1,0,0.0
1108,42.49,0.491,1.74,291.4,0,0.0
1109,42.49,0.513,1.84,301.2,0,0.0
1110,42.44,0.507,1.24,290.2,0,0.0
1111,42.36,0.506,1.3,295.3,0,0.0
1112,42.27,0.518,1.74,287.4,0,0.0
1113,42.19,0.482,1.35,286.4,0,0.0
1114,42.11,0.495,1.29,313.0,0,0.0
1115,42.11,0.506,1.26,288.1,0,0.0
1116,42.05,0.506,0.97,285.9,0,0.0
1117,42.02,0.491,1.42,303.5,0,0.0
1118,42.02,0.513,1.47,298.3,0,0.0
1119,41.98,0.497,1.39,305.1,0,0.0
1120,41.95,0.503,1.34,285.6,0,0.0
1121,41.94,0.497,1.19,289.3,0,0.0
1122,41.93,0.488,1.87,292.4,0,0.0
1123,41.92,0.496,1.09,312.1,0,0.0
1124,41.84,0.509,1.2,297.6,0,0.0
1125,41.8,0.491,1.61,300.9,0,0.0
1126,41.77,0.493,1.13,310.6,0,0.0
1127,41.7,0.489,1.47,294.9,0,0.0
1128,41.65,0.498,1.04,287.2,0,0.0
1129,41.64,0.499,1.62,289.4,0,0.0
1130,41.64,0.514,1.6,289.3,0,0.0
1131,41.59,0.494,1.66,295.8,0,0.0
1132,41.53,0.518,1.22,295.7,0,0.0
1133,41.5,0.5,1.46,302.3,0,0.0
1134,41.44,0.493,1.69,300.6,0,0.0
1135,41.36,0.503,1.44,296.2,0,0.0
1136,41.28,0.51,1.59,297.3,0,0.0
1137,41.28,0.489,1.43,310.7,0,0.0
1138,41.25,0.517,1.36,312.9,0,0.0
1139,41.23,0.489,1.81,297.6,0,0.0
1140,41.17,0.482,1.24,309.3,0,0.0
1141,41.08,0.501,1.86,285.6,0,0.0
1142,41.06,0.481,1.93,305.4,0,0.0
1143,41.05,0.515,1.81,313.9,0,0.0
1144,40.95,0.514,1.69,306.5,0,0.0
1145,40.88,0.494,1.59,300.2,0,0.0
1146,40.8,0.519,1.4,314.2,0,0.0
1147,40.74,0.504,1.9,303.0,0,0.0
1148,40.69,0.516,1.49,312.7,0,0.0
1149,40.63,0.514,1.9,291.0,0,0.0
1150,40.6,0.5,1.69,301.6,0,0.0
1151,40.53,0.492,1.2,310.0,0,0.0
1152,40.44,0.511,1.84,298.0,0,0.0
1153,40.4,0.495,1.95,296.5,0,0.0
1154,40.32,0.5,1.67,287.7,0,0.0
1155,40.25,0.492,1.69,287.9,0,0.0
1156,40.17,0.509,1.2,302.8,0,0.0
1157,40.15,0.488,1.64,300.1,0,0.0
1158,40.11,0.507,1.77,313.6,0,0.0
1159,40.1,0.506,1.11,287.1,0,0.0
1160,40.06,0.501,1.91,297.6,0,0.0
1161,40.01,0.505,1.12,305.0,0,0.0
1162,39.95,0.483,1.46,302.6,0,0.0
1163,39.91,0.516,1.67,306.4,0,0.0
1164,39.9,0.515,1.65,285.5,0,0.0
1165,39.81,0.502,1.59,312.1,0,0.0
1166,39.73,0.488,1.66,288.6,0,0.0
1167,39.63,0.49,1.52,294.5,0,0.0
1168,39.56,0.501,1.21,298.4,0,0.0
1169,39.55,0.494,1.43,291.1,0,0.0
1170,39.54,0.51,1.5,298.8,0,0.0
1171,39.51,0.482,1.03,303.5,0,0.0
1172,39.43,0.513,1.77,288.8,0,0.0
1173,39.41,0.5,1.74,314.0,0,0.0
1174,39.39,0.486,1.36,314.7,0,0.0
1175,39.37,0.485,1.8,288.8,0,0.0
1176,39.32,0.494,1.31,294.6,0,0.0
1177,39.3,0.503,1.49,307.5,0,0.0
1178,39.29,0.513,1.75,310.0,0,0.0
1179,39.27,0.494,1.05,287.5,0,0.0
1180,39.22,0.484,1.12,311.9,0,0.0
1181,39.2,0.504,1.34,287.0,0,0.0
1182,39.18,0.517,1.13,293.7,0,0.0
1183,39.13,0.484,1.19,313.6,0,0.0
1184,39.08,0.511,1.31,314.6,0,0.0
1185,39.01,0.482,1.45,295.5,0,0.0
1186,38.98,0.503,1.79,308.6,0,0.0
1187,38.93,0.497,1.65,291.8,0,0.0
1188,38.88,0.501,1.15,305.7,0,0.0
1189,38.81,0.484,1.07,312.1,0,0.0
1190,38.71,0.484,1.07,304.2,0,0.0
1191,38.62,0.517,1.96,313.6,0,0.0
1192,38.59,0.485,1.2,306.1,0,0.0
1193,38.59,0.51,1.13,294.9,0,0.0
1194,38.54,0.49,1.13,287.2,0,0.0
1195,38.49,0.493,1.45,292.7,0,0.0
1196,38.43,0.492,1.21,291.1,0,0.0
1197,38.41,0.509,1.85,311.5,0,0.0
1198,38.39,0.506,1.84,311.8,0,0.0
1199,38.35,0.496,1.43,297.8,0,0.0
1200,38.27,0.516,1.15,300.2,0,0.0
1201,38.23,0.503,1.72,313.7,0,0.0
1202,38.19,0.514,1.86,312.7,0,0.0
1203,38.13,0.516,1.63,298.1,0,0.0
1204,38.07,0.482,0.98,300.6,0,0.0
1205,37.99,0.489,1.19,288.9,0,0.0
1206,37.97,0.48,1.3,313.2,0,0.0
1207,37.88,0.499,1.52,310.0,0,0.0
1208,37.86,0.49,1.31,298.3,0,0.0
1209,37.77,0.506,1.88,313.2,0,0.0
1210,37.74,0.483,1.38,305.0,0,0.0
1211,37.69,0.485,1.85,289.2,0,0.0
1212,37.63,0.483,1.41,308.9,0,0.0
1213,37.58,0.484,1.03,285.6,0,0.0
1214,37.56,0.488,1.36,302.5,0,0.0
1215,37.52,0.51,1.88,285.7,0,0.0
1216,37.51,0.501,1.53,306.9,0,0.0
1217,37.46,0.492,1.52,297.4,0,0.0
1218,37.45,0.513,1.71,314.6,0,0.0
1219,37.4,0.502,1.42,302.7,0,0.0
1220,37.37,0.495,1.29,289.8,0,0.0
1221,37.32,0.513,1.97,287.3,0,0.0
1222,37.28,0.504,1.48,311.0,0,0.0
1223,37.2,0.482,1.05,301.0,0,0.0
1224,37.16,0.484,1.89,298.4,0,0.0
1225,37.09,0.483,1.71,309.8,0,0.0
1226,37.04,0.496,1.17,288.7,0,0.0
1227,36.95,0.5,1.08,298.2,0,0.0
1228,36.91,0.514,1.42,286.4,0,0.0
1229,36.84,0.499,1.52,300.2,0,0.0
1230,36.79,0.517,1.62,296.1,0,0.0
1231,36.76,0.493,1.36,302.3,0,0.0
1232,36.75,0.51,1.12,304.1,0,0.0
1233,36.73,0.503,0.98,286.1,0,0.0
1234,36.72,0.519,1.09,286.9,0,0.0
1235,36.7,0.508,1.17,301.0,0,0.0
1236,36.63,0.498,1.23,287.6,0,0.0
1237,36.53,0.498,1.69,310.8,0,0.0
1238,36.45,0.51,1.17,291.3,0,0.0
1239,36.41,0.502,1.48,301.0,0,0.0
1240,36.4,0.499,1.0,300.2,0,0.0
1241,36.33,0.495,1.26,308.6,0,0.0
1242,36.32,0.509,1.63,295.5,0,0.0
1243,36.28,0.488,0.97,299.4,0,0.0
1244,36.22,0.484,1.49,293.7,0,0.0
1245,36.21,0.481,1.75,300.5,0,0.0
1246,36.15,0.51,1.31,303.3,0,0.0
1247,36.07,0.513,1.5,290.3,0,0.0
1248,36.04,0.494,1.5,300.2,0,0.0
1249,35.99,0.503,1.53,295.0,0,0.0
1250,35.92,0.51,1.8,314.3,0,0.0
1251,35.83,0.509,1.71,301.9,0,0.0
1252,35.73,0.498,1.41,309.9,0,0.0
1253,35.67,0.515,1.58,312.6,0,0.0
1254,35.58,0.51,1.82,290.9,0,0.0
1255,35.48,0.504,1.77,308.4,0,0.0
1256,35.46,0.518,2.04,299.4,0,0.0
1257,35.4,0.487,1.2,308.7,0,0.0
1258,35.36,0.518,2.04,298.6,0,0.0
1259,35.32,0.495,1.68,303.2,0,0.0
1260,35.31,0.486,1.41,300.5,0,0.0
1261,35.27,0.49,1.63,301.0,0,0.0
1262,35.24,0.507,1.21,290.7,0,0.0
1263,35.17,0.508,1.59,307.0,0,0.0
1264,35.07,0.488,1.28,293.6,0,0.0
1265,35.04,0.502,1.96,298.8,0,0.0
1266,35.0,0.486,0.96,288.5,0,0.0
1267,34.99,0.489,1.69,306.5,0,0.0
1268,34.99,0.493,1.42,302.4,0,0.0
1269,34.93,0.501,1.6,305.3,0,0.0
1270,34.92,0.498,1.42,292.9,0,0.0
1271,34.88,0.51,1.12,302.7,0,0.0
1272,34.81,0.482,1.13,300.3,0,0.0
1273,34.75,0.509,1.66,303.2,0,0.0
1274,34.72,0.487,1.09,311.6,0,0.0
1275,34.72,0.515,1.19,309.0,0,0.0
1276,34.68,0.494,1.78,300.8,0,0.0
1277,34.66,0.487,1.78,297.9,0,0.0
1278,34.59,0.505,1.98,296.1,0,0.0
1279,34.58,0.51,1.23,307.8,0,0.0
1280,34.5,0.486,1.74,286.4,0,0.0
1281,34.48,0.517,1.24,308.1,0,0.0
1282,34.44,0.506,1.11,302.2,0,0.0
1283,34.38,0.493,1.84,307.4,0,0.0
1284,34.34,0.496,1.58,310.2,0,0.0
1285,34.3,0.502,2.01,305.4,0,0.0
1286,34.27,0.48,1.4,307.7,0,0.0
1287,34.22,0.488,1.71,304.4,0,0.0
1288,34.18,0.502,1.54,287.8,0,0.0
1289,34.15,0.49,1.36,289.0,0,0.0
1290,34.1,0.505,1.28,298.7,0,0.0
1291,34.02,0.482,1.83,307.6,0,0.0
1292,33.96,0.492,1.12,312.4,0,0.0
1293,33.93,0.511,1.39,314.8,0,0.0
1294,33.88,0.504,1.97,310.8,0,0.0
1295,33.87,0.481,1.41,287.5,0,0.0
1296,33.84,0.513,1.71,286.7,0,0.0
1297,33.81,0.518,1.89,303.8,0,0.0
1298,33.73,0.519,1.36,291.5,0,0.0
1299,33.72,0.481,0.93,286.6,0,0.0
1300,33.7,0.499,1.11,300.7,0,0.0
1301,33.61,0.509,1.99,294.9,0,0.0
1302,33.56,0.502,1.95,314.2,0,0.0
1303,33.49,0.519,1.42,303.5,0,0.0
1304,33.48,0.501,2.03,312.6,0,0.0
1305,33.42,0.517,1.27,308.8,0,0.0
1306,33.38,0.498,1.18,309.4,0,0.0
1307,33.37,0.487,1.8,295.7,0,0.0
1308,33.36,0.503,1.33,311.4,0,0.0
1309,33.33,0.491,1.05,292.9,0,0.0
1310,33.24,0.498,1.84,300.3,0,0.0
1311,33.19,0.486,1.64,312.9,0,0.0
1312,33.16,0.487,1.44,291.2,0,0.0
1313,33.15,0.52,1.88,314.4,0,0.0
1314,33.11,0.509,1.31,304.4,0,0.0
1315,33.01,0.509,1.01,286.9,0,0.0
1316,32.94,0.499,1.56,289.1,0,0.0
1317,32.88,0.518,1.36,306.9,0,0.0
1318,32.78,0.487,1.95,313.9,0,0.0
1319,32.78,0.506,0.97,287.7,0,0.0
1320,32.77,0.517,1.89,291.1,0,0.0
1321,32.67,0.491,1.35,310.8,0,0.0
1322,32.65,0.5,1.05,290.6,0,0.0
1323,32.65,0.482,1.0,285.4,0,0.0
1324,32.55,0.498,1.08,298.3,0,0.0
1325,32.54,0.513,1.52,306.9,0,0.0
1326,32.53,0.516,1.73,290.1,0,0.0
1327,32.43,0.497,1.25,304.3,0,0.0
1328,32.43,0.485,1.9,307.2,0,0.0
1329,32.4,0.497,0.95,286.6,0,0.0
1330,32.32,0.508,1.41,294.4,0,0.0
1331,32.22,0.501,1.4,295.3,0,0.0
1332,32.13,0.488,1.31,302.6,0,0.0
1333,32.05,0.492,1.57,302.8,0,0.0
1334,32.0,0.5,1.31,306.2,0,0.0
1335,31.98,0.514,1.35,300.3,0,0.0
1336,31.9,0.493,2.04,312.7,0,0.0
1337,31.83,0.516,1.5,307.0,0,0.0
1338,31.82,0.504,1.5,311.3,0,0.0
1339,31.78,0.495,1.05,298.7,0,0.0
1340,31.73,0.518,1.81,285.5,0,0.0
1341,31.7,0.514,2.01,302.7,0,0.0
1342,31.7,0.509,1.94,290.8,0,0.0
1343,31.65,0.5,1.09,285.9,0,0.0
1344,31.56,0.5,1.2,285.1,0,0.0
1345,31.54,0.518,1.43,313.5,0,0.0
1346,31.46,0.501,1.37,289.7,0,0.0
1347,31.36,0.498,1.9,303.8,0,0.0
1348,31.35,0.496,1.92,290.2,0,0.0
1349,31.25,0.503,1.84,306.6,0,0.0
1350,31.2,0.489,1.17,293.5,0,0.0
1351,31.15,0.482,1.06,307.4,0,0.0
1352,31.08,0.498,1.35,314.6,0,0.0
1353,30.99,0.52,1.01,285.5,0,0.0
1354,30.96,0.503,1.22,304.9,0,0.0
1355,30.93,0.504,1.31,302.3,0,0.0
1356,30.84,0.494,1.83,313.6,0,0.0
1357,30.77,0.505,1.14,288.7,0,0.0
1358,30.74,0.501,1.99,311.2,0,0.0
1359,30.65,0.489,1.29,287.0,0,0.0
1360,30.59,0.514,2.05,312.9,0,0.0
1361,30.51,0.497,1.8,313.2,0,0.0
1362,30.44,0.489,1.78,308.2,0,0.0
1363,30.43,0.516,1.6,298.4,0,0.0
1364,30.41,0.51,2.03,314.0,0,0.0
1365,30.37,0.499,1.8,301.6,0,0.0
1366,30.32,0.517,1.46,301.2,0,0.0
1367,30.32,0.497,1.97,305.9,0,0.0
1368,30.27,0.519,1.62,312.8,0,0.0
1369,30.25,0.493,1.89,286.6,0,0.0
1370,30.19,0.504,1.38,307.7,0,0.0
1371,30.1,0.514,1.22,297.1,0,0.0
1372,30.03,0.51,1.42,296.5,0,0.0
1373,29.95,0.49,1.37,301.0,0,0.0
1374,29.91,0.5,1.61,308.2,0,0.0
1375,29.86,0.487,1.08,299.2,0,0.0
1376,29.84,0.489,1.22,285.7,0,0.0
1377,29.8,0.501,1.44,291.2,0,0.0
1378,29.75,0.49,1.48,307.0,0,0.0
1379,29.71,0.508,2.02,304.4,0,0.0
1380,29.65,0.497,1.22,288.2,0,0.0
1381,29.57,0.495,1.25,310.5,0,0.0
1382,29.47,0.515,1.92,314.9,0,0.0
1383,29.42,0.491,1.71,302.8,0,0.0
1384,29.38,0.508,1.7,312.4,0,0.0
1385,29.34,0.499,1.73,311.9,0,0.0
1386,29.28,0.505,1.5,290.5,0,0.0
1387,29.21,0.52,1.91,301.4,0,0.0
1388,29.12,0.499,1.24,304.5,0,0.0
1389,29.11,0.493,1.68,298.3,0,0.0
1390,29.1,0.518,1.39,308.7,0,0.0
1391,29.08,0.49,1.48,296.5,0,0.0
1392,29.01,0.486,1.25,295.1,0,0.0
1393,28.93,0.493,1.23,303.8,0,0.0
1394,28.87,0.516,1.61,287.0,0,0.0
1395,28.84,0.489,1.28,311.8,0,0.0
1396,28.8,0.505,1.12,298.3,0,0.0
1397,28.78,0.487,1.58,312.5,0,0.0
1398,28.69,0.519,1.96,301.7,0,0.0
1399,28.67,0.481,1.71,311.9,0,0.0
1400,28.59,0.501,1.73,307.1,0,0.0
1401,28.55,0.507,1.89,285.1,0,0.0
1402,28.51,0.509,1.87,298.0,0,0.0
1403,28.44,0.489,1.02,299.1,0,0.0
1404,28.39,0.493,1.61,303.7,0,0.0
1405,28.29,0.51,0.97,287.4,0,0.0
1406,28.19,0.513,1.55,306.3,0,0.0
1407,28.09,0.506,1.33,303.4,0,0.0
1408,28.01,0.502,1.46,297.1,0,0.0
1409,27.99,0.518,1.48,297.5,0,0.0
1410,27.89,0.493,1.69,302.1,0,0.0
1411,27.85,0.508,1.4,311.3,0,0.0
1412,27.83,0.486,1.47,312.3,0,0.0
1413,27.82,0.485,1.07,301.0,0,0.0
1414,27.82,0.485,1.35,306.5,0,0.0
1415,27.77,0.495,1.1,294.4,0,0.0
1416,27.71,0.507,1.4,308.4,0,0.0
1417,27.67,0.506,1.77,303.0,0,0.0
1418,27.67,0.493,2.0,306.7,0,0.0
1419,27.6,0.502,1.67,292.5,0,0.0
1420,27.59,0.485,1.11,299.6,0,0.0
1421,27.5,0.497,1.81,295.6,0,0.0
1422,27.49,0.519,2.06,305.5,0,0.0
1423,27.49,0.51,1.35,297.1,0,0.0
1424,27.44,0.494,1.84,303.8,0,0.0
1425,27.41,0.494,1.51,291.3,0,0.0
1426,27.36,0.484,1.09,311.1,0,0.0
1427,27.28,0.491,1.41,314.8,0,0.0
1428,27.23,0.512,1.21,294.1,0,0.0
1429,27.21,0.496,1.47,306.7,0,0.0
1430,27.15,0.491,1.76,294.0,0,0.0
1431,27.08,0.507,0.99,285.2,0,0.0
1432,27.06,0.509,1.06,305.6,0,0.0
1433,27.04,0.503,2.04,310.6,0,0.0
1434,27.02,0.491,1.35,302.2,0,0.0
1435,26.97,0.499,1.34,296.7,0,0.0
1436,26.9,0.515,1.9,310.0,0,0.0
1437,26.89,0.486,1.6,289.4,0,0.0
1438,26.82,0.51,1.8,312.6,0,0.0
1439,26.77,0.484,1.08,296.6,0,0.0
1440,26.7,0.518,1.14,290.9,0,0.0
1441,26.63,0.484,1.95,304.9,0,0.0
1442,26.61,0.489,1.33,302.7,0,0.0
1443,26.53,0.481,1.63,309.9,0,0.0
1444,26.47,0.515,1.91,297.4,0,0.0
1445,26.39,0.487,1.7,314.6,0,0.0
1446,26.31,0.481,1.57,300.9,0,0.0
1447,26.25,0.49,1.15,296.2,0,0.0
1448,26.19,0.482,1.82,306.9,0,0.0
1449,26.14,0.513,1.07,290.4,0,0.0
1450,26.08,0.502,1.4,297.8,0,0.0
1451,26.08,0.513,1.59,295.9,0,0.0
1452,25.99,0.48,1.45,310.8,0,0.0
1453,25.96,0.486,1.03,312.7,0,0.0
1454,25.95,0.488,0.98,296.0,0,0.0
1455,25.88,0.514,1.46,288.4,0,0.0
1456,25.87,0.518,1.94,291.9,0,0.0
1457,25.77,0.514,1.34,289.5,0,0.0
1458,25.73,0.498,1.81,304.8,0,0.0
1459,25.63,0.506,1.37,297.3,0,0.0
1460,25.57,0.482,1.67,293.0,0,0.0
1461,25.52,0.512,1.13,298.7,0,0.0
1462,25.48,0.504,1.89,312.8,0,0.0
1463,25.39,0.488,1.39,295.6,0,0.0
1464,25.37,0.483,1.19,310.4,0,0.0
1465,25.28,0.481,1.78,295.7,0,0.0
1466,25.19,0.511,1.71,314.7,0,0.0
1467,25.13,0.497,1.33,309.0,0,0.0
1468,25.08,0.487,1.67,302.9,0,0.0
1469,25.06,0.497,1.55,310.7,0,0.0
1470,24.99,0.496,1.06,290.8,0,0.0
1471,24.96,0.518,1.41,288.5,0,0.0
1472,24.95,0.504,1.91,305.7,0,0.0
1473,24.88,0.513,1.88,294.8,0,0.0
1474,24.83,0.517,1.69,291.8,0,0.0
1475,24.82,0.503,1.85,305.0,0,0.0
1476,24.76,0.499,1.64,294.8,0,0.0
1477,24.69,0.489,1.62,308.1,0,0.0
1478,24.69,0.502,1.76,300.8,0,0.0
1479,24.65,0.501,1.66,295.7,0,0.0
1480,24.64,0.488,1.33,285.9,0,0.0
1481,24.56,0.507,1.89,313.9,0,0.0
1482,24.51,0.496,1.43,297.3,0,0.0
1483,24.44,0.492,1.53,301.0,0,0.0
1484,24.4,0.49,1.91,300.9,0,0.0
1485,24.34,0.484,1.94,307.8,0,0.0
1486,24.31,0.488,1.19,312.2,0,0.0
1487,24.26,0.504,1.83,303.1,0,0.0
1488,24.21,0.508,1.83,305.5,0,0.0
1489,24.18,0.52,1.36,289.3,0,0.0
1490,24.17,0.501,1.53,309.2,0,0.0
1491,24.1,0.499,1.27,309.8,0,0.0
1492,24.02,0.481,1.42,289.8,0,0.0
1493,23.93,0.503,1.44,308.5,0,0.0
1494,23.87,0.51,1.16,304.7,0,0.0
1495,23.81,0.517,1.85,312.1,0,0.0
1496,23.72,0.51,1.88,298.0,0,0.0
1497,23.69,0.51,1.97,295.4,0,0.0
1498,23.68,0.517,1.78,311.4,0,0.0
1499,23.59,0.514,1.59,286.2,0,0.0
1500,23.52,0.491,1.54,298.1,0,0.0
1501,23.46,0.493,1.78,300.1,0,0.0
1502,23.45,0.492,1.69,314.0,0,0.0
1503,23.43,0.514,1.25,299.0,0,0.0
1504,23.34,0.483,1.62,289.7,0,0.0
1505,23.31,0.489,1.73,298.3,0,0.0
1506,23.27,0.518,1.42,306.7,0,0.0
1507,23.24,0.515,1.06,296.6,0,0.0
1508,23.18,0.488,1.68,305.5,0,0.0
1509,23.13,0.509,2.04,309.7,0,0.0
1510,23.13,0.495,1.22,287.8,0,0.0
1511,23.04,0.506,1.94,310.5,0,0.0
1512,22.96,0.506,1.41,296.3,0,0.0
1513,22.88,0.493,1.2,300.1,0,0.0
1514,22.83,0.493,1.33,308.0,0,0.0
1515,22.78,0.509,1.22,298.4,0,0.0
1516,22.76,0.514,1.57,287.2,0,0.0
1517,22.69,0.498,1.11,303.6,0,0.0
1518,22.61,0.498,1.3,294.3,0,0.0
1519,22.55,0.496,1.52,311.0,0,0.0
1520,22.5,0.509,1.49,289.4,0,0.0
1521,22.44,0.489,1.34,297.5,0,0.0
1522,22.38,0.491,1.19,288.1,0,0.0
1523,22.32,0.482,1.4,299.9,0,0.0
1524,22.27,0.518,1.06,286.7,0,0.0
1525,22.24,0.491,1.45,297.3,0,0.0
1526,22.2,0.487,1.4,311.5,0,0.0
1527,22.13,0.504,1.86,306.8,0,0.0
1528,22.06,0.481,1.79,300.9,0,0.0
1529,22.05,0.514,1.81,286.4,0,0.0
1530,21.98,0.487,1.15,291.3,0,0.0
1531,21.9,0.501,1.02,301.7,0,0.0
1532,21.86,0.499,1.03,298.9,0,0.0
1533,21.82,0.502,1.7,309.6,0,0.0
1534,21.8,0.483,1.29,288.5,0,0.0
1535,21.73,0.514,0.99,285.7,0,0.0
1536,21.73,0.484,1.91,300.3,0,0.0
1537,21.7,0.483,1.06,298.6,0,0.0
1538,21.64,0.493,1.45,303.1,0,0.0
1539,21.61,0.511,1.17,308.9,0,0.0
1540,21.6,0.514,1.8,313.5,0,0.0
1541,21.55,0.493,1.2,313.6,0,0.0
1542,21.46,0.495,1.07,297.2,0,0.0
1543,21.44,0.481,1.04,305.9,0,0.0
1544,21.41,0.507,1.55,311.4,0,0.0
1545,21.35,0.513,1.49,296.2,0,0.0
1546,21.26,0.48,1.08,295.1,0,0.0
1547,21.23,0.499,1.9,295.0,0,0.0
1548,21.23,0.482,1.97,305.6,0,0.0
1549,21.17,0.508,1.57,307.3,0,0.0
1550,21.11,0.496,1.02,295.2,0,0.0
1551,21.05,0.505,1.25,301.9,0,0.0
1552,21.04,0.49,1.05,291.9,0,0.0
1553,20.99,0.514,1.92,287.8,0,0.0
1554,20.96,0.484,1.19,309.1,0,0.0
1555,20.9,0.51,1.64,299.7,0,0.0
1556,20.83,0.516,1.19,314.7,0,0.0
1557,20.79,0.514,2.05,312.7,0,0.0
1558,20.73,0.487,1.23,309.0,0,0.0
1559,20.72,0.515,1.64,312.9,0,0.0
1560,20.62,0.509,1.96,298.6,0,0.0
1561,20.56,0.518,1.5,313.1,0,0.0
1562,20.52,0.489,1.22,301.2,0,0.0
1563,20.48,0.502,1.84,295.1,0,0.0
1564,20.47,0.488,1.55,286.7,0,0.0
1565,20.38,0.499,1.64,293.0,0,0.0
1566,20.34,0.481,1.51,305.1,0,0.0
1567,20.3,0.496,1.81,307.5,0,0.0
1568,20.26,0.515,1.44,285.1,0,0.0
1569,20.17,0.513,1.38,293.0,0,0.0
1570,20.08,0.501,1.1,304.8,0,0.0
1571,20.07,0.489,1.6,299.9,0,0.0
1572,20.0,0.508,1.66,311.3,0,0.0
1573,20.0,0.496,1.32,288.0,0,0.0
1574,20.0,0.501,0.97,292.1,0,0.0
1575,20.0,0.513,1.32,308.9,0,0.0
1576,20.0,0.488,1.2,298.8,0,0.0
1577,20.0,0.488,1.75,289.0,0,0.0
1578,20.0,0.492,1.1,289.3,0,0.0
1579,20.0,0.49,1.69,303.6,0,0.0
1580,20.0,0.51,1.36,299.0,0,0.0
1581,20.0,0.49,1.04,312.4,0,0.0
1582,20.0,0.494,1.57,312.6,0,0.0
1583,20.0,0.482,1.84,303.7,0,0.0
1584,20.0,0.491,1.71,300.1,0,0.0
1585,20.0,0.504,1.16,308.2,0,0.0
1586,20.0,0.507,1.63,293.6,0,0.0
1587,20.0,0.519,2.07,311.6,0,0.0
1588,20.0,0.482,1.84,307.0,0,0.0
1589,20.0,0.519,1.01,285.9,0,0.0
1590,20.0,0.502,1.76,307.7,0,0.0
1591,20.0,0.505,1.54,314.7,0,0.0
1592,20.0,0.497,1.64,303.4,0,0.0
1593,20.0,0.488,1.42,309.3,0,0.0
1594,20.0,0.5,1.02,296.1,0,0.0
1595,20.0,0.506,1.86,297.6,0,0.0
1596,20.0,0.513,1.24,298.7,0,0.0
1597,20.0,0.502,1.37,313.9,0,0.0
1598,20.0,0.518,1.61,286.0,0,0.0
1599,20.0,0.483,1.0,287.3,0,0.0
1600,20.0,0.497,2.05,312.5,0,0.0
1601,20.0,0.484,1.07,295.8,0,0.0
1602,20.0,0.49,1.54,296.6,0,0.0
1603,20.0,0.505,2.02,303.9,0,0.0
1604,20.0,0.481,1.99,312.9,0,0.0
1605,20.0,0.497,1.81,298.0,0,0.0
1606,20.0,0.507,1.23,285.5,0,0.0
1607,20.0,0.514,1.26,302.5,0,0.0
1608,20.0,0.484,1.55,294.8,0,0.0
1609,20.0,0.493,1.05,309.8,0,0.0
1610,20.0,0.508,1.32,299.0,0,0.0
1611,20.0,0.509,1.45,289.6,0,0.0
1612,20.0,0.502,1.88,314.8,0,0.0
1613,20.0,0.513,1.85,291.3,0,0.0
1614,20.0,0.516,1.98,304.0,0,0.0
1615,20.0,0.492,1.11,300.1,0,0.0
1616,20.0,0.482,1.19,304.6,0,0.0
1617,20.0,0.489,1.91,302.3,0,0.0
1618,20.0,0.507,1.93,304.4,0,0.0
1619,20.0,0.502,1.0,291.3,0,0.0
1620,20.0,0.503,1.66,304.5,0,0.0
1621,20.0,0.514,1.37,293.0,0,0.0
1622,20.0,0.52,1.19,300.0,0,0.0
1623,20.0,0.504,1.1,285.1,0,0.0
1624,20.0,0.499,1.75,313.4,0,0.0
1625,20.0,0.494,1.42,310.3,0,0.0
1626,20.0,0.517,1.78,290.6,0,0.0
1627,20.0,0.509,1.93,286.0,0,0.0
1628,20.0,0.481,1.24,312.0,0,0.0
1629,20.0,0.498,1.48,297.2,0,0.0
1630,20.0,0.51,1.39,287.1,0,0.0
1631,20.0,0.494,1.08,301.4,0,0.0
1632,20.0,0.481,1.26,312.6,0,0.0
1633,20.0,0.494,1.52,289.1,0,0.0
1634,20.0,0.509,1.1,305.9,0,0.0
1635,20.0,0.483,1.74,310.6,0,0.0
1636,20.0,0.497,1.36,295.6,0,0.0
1637,20.0,0.487,1.12,294.3,0,0.0
1638,20.0,0.489,1.9,288.2,0,0.0
1639,20.0,0.512,1.83,290.1,0,0.0
1640,20.0,0.516,1.08,293.2,0,0.0
1641,20.0,0.502,1.45,309.5,0,0.0
1642,20.0,0.508,1.4,299.7,0,0.0
1643,20.0,0.515,1.73,285.2,0,0.0
1644,20.0,0.499,1.21,314.7,0,0.0
1645,20.0,0.507,1.95,296.3,0,0.0
1646,20.0,0.506,1.37,303.4,0,0.0
1647,20.0,0.498,1.6,289.2,0,0.0
1648,20.0,0.51,1.81,296.5,0,0.0
1649,20.0,0.511,1.48,289.7,0,0.0
1650,20.0,0.515,1.37,309.2,0,0.0
1651,20.0,0.491,1.11,313.4,0,0.0
1652,20.0,0.514,1.27,287.6,0,0.0
1653,20.0,0.51,1.33,299.5,0,0.0
1654,20.0,0.497,1.55,312.1,0,0.0
1655,20.0,0.509,2.06,313.7,0,0.0
1656,20.0,0.491,1.33,286.6,0,0.0
1657,20.0,0.513,1.92,310.8,0,0.0
1658,20.0,0.48,1.02,306.0,0,0.0
1659,20.0,0.503,1.97,299.7,0,0.0
1660,20.0,0.496,1.28,290.1,0,0.0
1661,20.0,0.505,1.16,294.1,0,0.0
1662,20.0,0.507,1.96,297.3,0,0.0
1663,20.0,0.498,0.98,296.4,0,0.0
1664,20.0,0.51,1.18,301.7,0,0.0
1665,20.0,0.491,1.37,304.9,0,0.0
1666,20.0,0.516,1.6,313.1,0,0.0
1667,20.0,0.496,1.26,313.9,0,0.0
1668,20.0,0.493,1.39,305.7,0,0.0
1669,20.0,0.488,1.89,314.9,0,0.0
1670,20.0,0.505,1.66,302.9,0,0.0
1671,20.0,0.515,1.93,298.8,0,0.0
1672,20.0,0.502,1.87,289.3,0,0.0
1673,20.0,0.492,0.99,289.2,0,0.0
1674,20.0,0.506,1.82,286.1,0,0.0
1675,20.0,0.491,1.62,307.9,0,0.0
1676,20.0,0.508,1.39,309.5,0,0.0
1677,20.0,0.502,1.65,293.3,0,0.0
1678,20.0,0.502,1.14,314.6,0,0.0
1679,20.0,0.484,1.83,301.8,0,0.0
1680,20.0,0.5,1.57,300.7,0,0.0
1681,20.0,0.517,1.85,311.3,0,0.0
1682,20.0,0.509,1.09,309.3,0,0.0
1683,20.0,0.51,1.78,311.7,0,0.0
1684,20.0,0.486,1.83,309.1,0,0.0
1685,20.0,0.488,1.78,306.0,0,0.0
1686,20.0,0.491,1.76,296.0,0,0.0
1687,20.0,0.487,1.27,291.1,0,0.0
1688,20.0,0.493,1.72,289.0,0,0.0
1689,20.0,0.493,1.56,297.6,0,0.0
1690,20.0,0.482,1.68,307.7,0,0.0
1691,20.0,0.507,1.77,293.7,0,0.0
1692,20.0,0.485,1.49,312.1,0,0.0
1693,20.0,0.48,1.0,308.0,0,0.0
1694,20.0,0.502,1.68,303.4,0,0.0
1695,20.0,0.486,1.4,299.1,0,0.0
1696,20.0,0.505,1.97,313.9,0,0.0
1697,20.0,0.493,1.88,314.7,0,0.0
1698,20.0,0.496,1.84,298.6,0,0.0
1699,20.0,0.516,1.36,306.0,0,0.0
1700,20.0,0.509,1.74,300.7,0,0.0
1701,20.0,0.489,1.75,290.1,0,0.0
1702,20.0,0.498,1.78,302.4,0,0.0
1703,20.0,0.484,1.09,309.0,0,0.0
1704,20.0,0.515,1.18,300.5,0,0.0
1705,20.0,0.514,1.03,296.4,0,0.0
1706,20.0,0.485,1.41,297.6,0,0.0
1707,20.0,0.512,1.64,291.4,0,0.0
1708,20.0,0.482,1.11,302.0,0,0.0
1709,20.0,0.493,1.82,291.8,0,0.0
1710,20.0,0.484,0.93,294.2,0,0.0
1711,20.0,0.514,1.28,301.8,0,0.0
1712,20.0,0.501,1.37,288.1,0,0.0
1713,20.0,0.509,1.93,295.3,0,0.0
1714,20.0,0.518,2.0,293.0,0,0.0
1715,20.0,0.495,1.62,291.6,0,0.0
1716,20.0,0.516,1.62,310.9,0,0.0
1717,20.0,0.502,1.52,313.8,0,0.0
1718,20.0,0.489,1.2,298.7,0,0.0
1719,20.0,0.494,1.27,288.8,0,0.0
1720,20.0,0.511,1.47,295.7,0,0.0
1721,20.0,0.503,1.08,295.2,0,0.0
1722,20.0,0.49,1.0,301.1,0,0.0
1723,20.0,0.486,1.26,305.0,0,0.0
1724,20.0,0.499,1.78,289.2,0,0.0
1725,20.0,0.503,1.25,304.3,0,0.0
1726,20.0,0.514,1.57,294.8,0,0.0
1727,20.0,0.484,1.57,290.1,0,0.0
1728,20.0,0.503,1.5,309.9,0,0.0
1729,20.0,0.502,1.55,297.7,0,0.0
1730,20.0,0.48,1.07,302.2,0,0.0
1731,20.0,0.493,1.12,300.3,0,0.0
1732,20.0,0.516,1.82,303.8,0,0.0
1733,20.0,0.511,1.83,300.2,0,0.0
1734,20.0,0.512,1.86,312.9,0,0.0
1735,20.0,0.492,1.44,291.8,0,0.0
1736,20.0,0.505,1.78,293.8,0,0.0
1737,20.0,0.506,1.04,304.9,0,0.0
1738,20.0,0.491,1.91,291.2,0,0.0
1739,20.0,0.488,1.11,306.4,0,0.0
1740,20.0,0.506,1.75,307.1,0,0.0
1741,20.0,0.49,1.4,298.5,0,0.0
1742,20.0,0.509,1.67,306.0,0,0.0
1743,20.0,0.487,1.41,301.0,0,0.0
1744,20.0,0.499,1.76,289.6,0,0.0
1745,20.0,0.51,1.99,305.5,0,0.0
1746,20.0,0.504,1.83,302.7,0,0.0
1747,20.0,0.512,1.25,295.5,0,0.0
1748,20.0,0.499,1.77,301.8,0,0.0
1749,20.0,0.519,1.3,312.3,0,0.0
1750,20.0,0.505,1.78,305.4,0,0.0
1751,20.0,0.493,1.85,310.1,0,0.0
1752,20.0,0.51,1.43,312.0,0,0.0
1753,20.0,0.519,1.54,307.9,0,0.0
1754,20.0,0.485,1.75,286.4,0,0.0
1755,20.0,0.518,1.96,310.3,0,0.0
1756,20.0,0.508,1.71,297.6,0,0.0
1757,20.0,0.491,1.36,307.6,0,0.0
1758,20.0,0.492,1.55,308.8,0,0.0
1759,20.0,0.51,1.27,304.7,0,0.0
1760,20.0,0.506,1.2,309.0,0,0.0
1761,20.0,0.491,1.44,302.0,0,0.0
1762,20.0,0.492,1.48,307.4,0,0.0
1763,20.0,0.481,1.22,296.1,0,0.0
1764,20.0,0.499,1.01,303.3,0,0.0
1765,20.0,0.501,1.74,290.1,0,0.0
1766,20.0,0.501,1.39,307.1,0,0.0
1767,20.0,0.495,1.46,302.8,0,0.0
1768,20.0,0.517,1.86,292.2,0,0.0
1769,20.0,0.484,1.89,297.8,0,0.0
1770,20.0,0.496,1.02,301.5,0,0.0
1771,20.0,0.51,1.76,313.6,0,0.0
1772,20.0,0.492,1.59,286.2,0,0.0
1773,20.0,0.501,1.51,314.8,0,0.0
1774,20.0,0.492,1.87,295.0,0,0.0
1775,20.0,0.493,1.71,297.1,0,0.0
1776,20.0,0.504,1.72,304.9,0,0.0
1777,20.0,0.502,1.37,311.2,0,0.0
1778,20.0,0.517,1.76,292.7,0,0.0
1779,20.0,0.504,1.39,292.3,0,0.0
1780,20.0,0.503,1.35,304.4,0,0.0
1781,20.0,0.518,1.44,296.9,0,0.0
1782,20.0,0.518,1.44,311.3,0,0.0
1783,20.0,0.496,1.97,296.8,0,0.0
1784,20.0,0.507,1.85,310.6,0,0.0
1785,20.0,0.483,1.3,304.7,0,0.0
1786,20.0,0.514,1.11,296.8,0,0.0
1787,20.0,0.494,1.48,313.0,0,0.0
1788,20.0,0.487,1.22,314.0,0,0.0
1789,20.0,0.52,1.26,306.0,0,0.0
1790,20.0,0.488,1.9,297.6,0,0.0
1791,20.0,0.516,1.38,292.3,0,0.0
1792,20.0,0.483,1.71,303.2,0,0.0
1793,20.0,0.51,1.69,287.2,0,0.0
1794,20.0,0.513,1.01,289.6,0,0.0
1795,20.0,0.518,1.14,311.8,0,0.0
1796,20.0,0.516,1.56,311.2,0,0.0
1797,20.0,0.496,1.17,300.9,0,0.0
1798,20.0,0.513,1.56,293.1,0,0.0
1799,20.0,0.517,1.76,300.3,0,0.0
1800,20.0,0.515,1.35,297.1,0,0.0
1801,20.0,0.488,1.86,310.2,0,0.0
1802,20.0,0.489,1.3,303.9,0,0.0
1803,20.0,0.491,1.43,306.8,0,0.0
1804,20.0,0.504,1.14,308.4,0,0.0
1805,20.0,0.512,1.37,313.1,0,0.0
1806,20.0,0.519,1.7,295.0,0,0.0
1807,20.0,0.482,1.22,291.2,0,0.0
1808,20.0,0.486,1.48,291.4,0,0.0
1809,20.0,0.498,1.17,292.6,0,0.0
1810,20.0,0.511,1.51,308.5,0,0.0
1811,20.0,0.513,1.62,295.8,0,0.0
1812,20.0,0.487,1.62,299.5,0,0.0
1813,20.0,0.518,1.27,306.4,0,0.0
1814,20.0,0.48,1.16,285.1,0,0.0
1815,20.0,0.488,1.15,304.9,0,0.0
1816,20.0,0.514,1.17,301.9,0,0.0
1817,20.0,0.517,2.05,307.3,0,0.0
1818,20.0,0.507,1.48,292.1,0,0.0
1819,20.0,0.511,1.46,286.4,0,0.0
1820,20.0,0.482,1.44,296.7,0,0.0
1821,20.0,0.502,1.09,313.6,0,0.0
1822,20.0,0.487,1.68,314.0,0,0.0
1823,20.0,0.499,1.73,295.7,0,0.0
1824,20.0,0.486,1.55,294.1,0,0.0
1825,20.0,0.514,1.7,296.0,0,0.0
1826,20.0,0.483,1.94,308.9,0,0.0
1827,20.0,0.492,1.3,291.5,0,0.0
1828,20.0,0.506,2.04,307.9,0,0.0
1829,20.0,0.51,1.88,294.9,0,0.0
1830,20.0,0.515,1.97,303.4,0,0.0
1831,20.0,0.517,1.41,301.4,0,0.0
1832,20.0,0.502,1.25,306.3,0,0.0
1833,20.0,0.496,1.67,287.4,0,0.0
1834,20.0,0.517,1.22,304.3,0,0.0
1835,20.0,0.51,1.57,306.9,0,0.0
1836,20.0,0.492,1.08,298.9,0,0.0
1837,20.0,0.509,1.86,304.3,0,0.0
1838,20.0,0.482,1.66,289.0,0,0.0
1839,20.0,0.495,1.36,293.2,0,0.0
1840,20.0,0.496,1.28,312.0,0,0.0
1841,20.0,0.491,1.71,291.4,0,0.0
1842,20.0,0.509,1.96,297.5,0,0.0
1843,20.0,0.514,2.05,313.9,0,0.0
1844,20.0,0.509,1.6,307.6,0,0.0
1845,20.0,0.498,1.84,299.1,0,0.0
1846,20.0,0.506,1.41,298.9,0,0.0
1847,20.0,0.51,1.17,301.4,0,0.0
1848,20.0,0.51,1.3,291.2,0,0.0
1849,20.0,0.503,1.04,303.8,0,0.0
1850,20.0,0.49,1.26,291.7,0,0.0
1851,20.0,0.494,1.87,285.4,0,0.0
1852,20.0,0.515,2.04,301.1,0,0.0
1853,20.0,0.486,1.86,291.7,0,0.0
1854,20.0,0.49,1.0,285.9,0,0.0
1855,20.0,0.497,1.47,307.9,0,0.0
1856,20.0,0.494,1.45,304.4,0,0.0
1857,20.0,0.503,1.65,295.0,0,0.0
1858,20.0,0.509,1.84,307.1,0,0.0
1859,20.0,0.493,1.86,293.5,0,0.0
1860,20.0,0.492,1.09,289.0,0,0.0
1861,20.0,0.483,1.88,310.5,0,0.0
1862,20.0,0.499,1.15,294.9,0,0.0
1863,20.0,0.492,1.39,286.9,0,0.0
1864,20.0,0.491,1.16,297.8,0,0.0
1865,20.0,0.486,1.95,303.3,0,0.0
1866,20.0,0.506,1.29,293.5,0,0.0
1867,20.0,0.503,1.58,294.0,0,0.0
1868,20.0,0.504,1.17,288.7,0,0.0
1869,20.0,0.508,1.15,288.0,0,0.0
1870,20.0,0.503,1.34,307.1,0,0.0
1871,20.0,0.491,1.45,295.7,0,0.0
1872,20.0,0.486,1.53,307.2,0,0.0
1873,20.0,0.483,1.44,294.5,0,0.0
1874,20.0,0.487,1.0,290.5,0,0.0
1875,20.0,0.487,1.28,285.3,0,0.0
1876,20.0,0.511,1.27,297.7,0,0.0
1877,20.0,0.495,0.95,286.8,0,0.0
1878,20.0,0.513,1.35,301.4,0,0.0
1879,20.0,0.499,1.47,314.7,0,0.0
1880,20.0,0.506,1.64,286.7,0,0.0
1881,20.0,0.517,1.9,314.5,0,0.0
1882,20.0,0.498,1.37,300.6,0,0.0
1883,20.0,0.49,1.09,300.2,0,0.0
1884,20.0,0.491,1.87,291.5,0,0.0
1885,20.0,0.487,1.32,312.7,0,0.0
1886,20.0,0.504,1.84,305.0,0,0.0
1887,20.0,0.501,1.7,307.3,0,0.0
1888,20.0,0.494,1.4,295.6,0,0.0
1889,20.0,0.519,1.34,308.6,0,0.0
1890,20.0,0.487,1.72,292.3,0,0.0
1891,20.0,0.504,1.76,295.2,0,0.0
1892,20.0,0.506,1.3,310.2,0,0.0
1893,20.0,0.506,1.78,287.1,0,0.0
1894,20.0,0.507,1.77,285.4,0,0.0
1895,20.0,0.497,1.27,296.4,0,0.0
1896,20.0,0.493,1.6,288.2,0,0.0
1897,20.0,0.509,1.09,305.1,0,0.0
1898,20.0,0.509,1.45,292.1,0,0.0
1899,20.0,0.51,1.33,303.3,0,0.0
1900,20.0,0.491,1.68,285.4,0,0.0
1901,20.0,0.514,1.59,306.2,0,0.0
1902,20.0,0.49,1.45,305.4,0,0.0
1903,20.0,0.511,1.38,307.6,0,0.0
1904,20.0,0.494,1.95,295.8,0,0.0
1905,20.0,0.496,1.87,307.4,0,0.0
1906,20.0,0.502,1.56,299.9,0,0.0
1907,20.0,0.483,1.28,290.8,0,0.0
1908,20.0,0.494,1.86,310.9,0,0.0
1909,20.0,0.514,2.05,307.6,0,0.0
1910,20.0,0.486,1.8,289.3,0,0.0
1911,20.0,0.481,1.34,285.7,0,0.0
1912,20.0,0.482,1.01,309.9,0,0.0
1913,20.0,0.486,1.8,291.1,0,0.0
1914,20.0,0.491,1.56,307.0,0,0.0
1915,20.0,0.514,1.91,306.5,0,0.0
1916,20.0,0.52,1.69,311.4,0,0.0
1917,20.0,0.5,1.87,308.2,0,0.0
1918,20.0,0.494,1.2,295.1,0,0.0
1919,20.0,0.498,1.87,296.4,0,0.0
1920,20.0,0.496,1.83,304.5,0,0.0
1921,20.0,0.489,1.44,294.9,0,0.0
1922,20.0,0.51,1.24,304.0,0,0.0
1923,20.0,0.491,1.11,296.2,0,0.0
1924,20.0,0.502,1.56,311.4,0,0.0
1925,20.0,0.484,1.97,314.4,0,0.0
1926,20.0,0.496,0.95,288.0,0,0.0
1927,20.0,0.52,1.84,294.5,0,0.0
1928,20.0,0.485,1.1,293.6,0,0.0
1929,20.0,0.492,1.51,292.2,0,0.0
1930,20.0,0.498,0.97,290.9,0,0.0
1931,20.0,0.503,1.82,303.2,0,0.0
1932,20.0,0.487,1.08,286.3,0,0.0
1933,20.0,0.482,1.77,288.5,0,0.0
1934,20.0,0.483,1.19,293.9,0,0.0
1935,20.0,0.5,1.96,313.1,0,0.0
1936,20.0,0.51,1.25,314.4,0,0.0
1937,20.0,0.494,1.33,297.3,0,0.0
1938,20.0,0.493,1.41,299.9,0,0.0
1939,20.0,0.511,2.08,310.3,0,0.0
1940,20.0,0.505,1.09,312.5,0,0.0
1941,20.0,0.507,1.62,307.8,0,0.0
1942,20.0,0.495,1.22,302.6,0,0.0
1943,20.0,0.483,0.96,298.4,0,0.0
1944,20.0,0.489,1.3,288.6,0,0.0
1945,20.0,0.511,1.96,299.0,0,0.0
1946,20.0,0.512,1.98,290.0,0,0.0
1947,20.0,0.493,1.89,297.9,0,0.0
1948,20.0,0.493,1.06,294.1,0,0.0
1949,20.0,0.518,1.26,301.6,0,0.0
1950,20.0,0.494,1.98,314.7,0,0.0
1951,20.0,0.518,1.88,288.5,0,0.0
1952,20.0,0.514,1.1,301.9,0,0.0
1953,20.0,0.519,1.42,287.1,0,0.0
1954,20.0,0.505,1.52,292.7,0,0.0
1955,20.0,0.481,1.13,296.3,0,0.0
1956,20.0,0.517,1.95,305.7,0,0.0
1957,20.0,0.483,1.83,289.2,0,0.0
1958,20.0,0.485,1.84,287.1,0,0.0
1959,20.0,0.484,1.74,286.7,0,0.0
1960,20.0,0.485,1.78,305.9,0,0.0
1961,20.0,0.512,1.17,285.3,0,0.0
1962,20.0,0.5,1.06,289.6,0,0.0
1963,20.0,0.51,1.17,300.5,0,0.0
1964,20.0,0.482,1.72,285.4,0,0.0
1965,20.0,0.51,1.5,285.7,0,0.0
1966,20.0,0.498,1.88,294.4,0,0.0
1967,20.0,0.49,1.86,304.4,0,0.0
1968,20.0,0.487,1.06,300.8,0,0.0
1969,20.0,0.502,1.98,306.9,0,0.0
1970,20.0,0.514,1.4,291.1,0,0.0
1971,20.0,0.484,1.06,302.5,0,0.0
1972,20.0,0.516,1.62,312.7,0,0.0
1973,20.0,0.503,1.43,298.8,0,0.0
1974,20.0,0.489,1.86,290.6,0,0.0
1975,20.0,0.514,1.29,301.3,0,0.0
1976,20.0,0.491,1.26,289.6,0,0.0
1977,20.0,0.499,1.86,292.4,0,0.0
1978,20.0,0.496,1.02,287.1,0,0.0
1979,20.0,0.515,1.14,293.0,0,0.0
1980,20.0,0.514,1.39,286.6,0,0.0
1981,20.0,0.489,1.68,290.0,0,0.0
1982,20.0,0.5,1.78,296.4,0,0.0
1983,20.0,0.513,1.57,285.2,0,0.0
1984,20.0,0.506,1.41,304.1,0,0.0
1985,20.0,0.512,1.26,309.0,0,0.0
1986,20.0,0.502,1.06,294.5,0,0.0
1987,20.0,0.499,1.11,293.2,0,0.0
1988,20.0,0.485,1.1,297.1,0,0.0
1989,20.0,0.49,1.75,298.3,0,0.0
1990,20.0,0.511,1.47,292.5,0,0.0
1991,20.0,0.494,1.6,315.0,0,0.0
1992,20.0,0.502,1.65,303.4,0,0.0
1993,20.0,0.518,1.46,309.3,0,0.0
1994,20.0,0.512,1.57,306.2,0,0.0
1995,20.0,0.504,1.15,308.9,0,0.0
1996,20.0,0.52,1.21,299.0,0,0.0
1997,20.0,0.487,1.23,305.4,0,0.0
1998,20.0,0.499,1.53,295.6,0,0.0
1999,20.0,0.513,1.68,299.2,0,0.0
2000,20.0,0.483,1.34,302.2,0,0.0
2001,20.0,0.495,1.2,309.8,0,0.0
2002,20.0,0.482,1.61,292.0,0,0.0
2003,20.0,0.499,1.66,305.1,0,0.0
2004,20.0,0.489,1.36,292.9,0,0.0
2005,20.0,0.52,1.1,303.3,0,0.0
2006,20.0,0.504,1.82,306.3,0,0.0
2007,20.0,0.496,1.13,307.8,0,0.0
2008,20.0,0.483,1.74,298.5,0,0.0
2009,20.0,0.5,1.77,310.4,0,0.0
2010,20.0,0.516,1.46,303.7,0,0.0
2011,20.0,0.492,1.47,290.6,0,0.0
2012,20.0,0.487,1.57,296.1,0,0.0
2013,20.0,0.489,1.93,305.7,0,0.0
2014,20.0,0.498,1.65,292.4,0,0.0
2015,20.0,0.481,1.42,300.4,0,0.0
2016,20.0,0.488,1.89,312.0,0,0.0
2017,20.0,0.499,1.37,313.5,0,0.0
2018,20.0,0.493,1.71,285.2,0,0.0
2019,20.0,0.498,1.48,301.5,0,0.0
2020,20.0,0.509,1.55,309.6,0,0.0
2021,20.0,0.501,1.76,295.5,0,0.0
2022,20.0,0.507,1.66,305.7,0,0.0
2023,20.0,0.485,1.64,292.8,0,0.0
2024,20.0,0.502,1.43,298.8,0,0.0
2025,20.0,0.52,1.29,290.4,0,0.0
2026,20.0,0.512,1.35,291.2,0,0.0
2027,20.0,0.516,1.2,305.6,0,0.0
2028,20.0,0.519,1.39,301.5,0,0.0
2029,20.0,0.494,1.83,296.1,0,0.0
2030,20.0,0.513,2.01,294.5,0,0.0
2031,20.0,0.506,1.74,298.7,0,0.0
2032,20.0,0.494,1.95,294.7,0,0.0
2033,20.0,0.505,1.36,293.1,0,0.0
2034,20.0,0.514,1.75,304.3,0,0.0
2035,20.0,0.493,1.23,308.4,0,0.0
2036,20.0,0.484,1.64,294.3,0,0.0
2037,20.0,0.5,1.76,314.7,0,0.0
2038,20.0,0.488,1.89,298.9,0,0.0
2039,20.0,0.498,2.05,310.6,0,0.0
2040,20.0,0.494,1.89,308.4,0,0.0
2041,20.0,0.486,1.15,298.7,0,0.0
2042,20.0,0.491,1.75,298.0,0,0.0
2043,20.0,0.516,1.8,307.4,0,0.0
2044,20.0,0.514,1.92,287.2,0,0.0
2045,20.0,0.484,1.51,310.8,0,0.0
2046,20.0,0.494,1.84,285.2,0,0.0
2047,20.0,0.489,1.46,289.9,0,0.0
2048,20.0,0.514,1.27,311.8,0,0.0
2049,20.0,0.491,1.15,307.4,0,0.0
2050,20.0,0.5,1.58,288.9,0,0.0
2051,20.0,0.509,1.38,294.6,0,0.0
2052,20.0,0.514,1.48,300.7,0,0.0
2053,20.0,0.513,1.93,291.4,0,0.0
2054,20.0,0.516,1.94,311.5,0,0.0
2055,20.0,0.498,1.94,292.2,0,0.0
2056,20.0,0.513,1.13,285.7,0,0.0
2057,20.0,0.495,1.61,304.5,0,0.0
2058,20.0,0.514,1.83,293.1,0,0.0
2059,20.0,0.507,1.42,294.4,0,0.0
2060,20.0,0.489,1.1,286.5,0,0.0
2061,20.0,0.51,1.96,305.9,0,0.0
2062,20.0,0.492,1.26,296.3,0,0.0
2063,20.0,0.493,1.28,308.5,0,0.0
2064,20.0,0.513,1.23,313.5,0,0.0
2065,20.0,0.483,1.74,287.3,0,0.0
2066,20.0,0.516,1.39,303.2,0,0.0
2067,20.0,0.516,1.33,291.2,0,0.0
2068,20.0,0.481,1.47,308.3,0,0.0
2069,20.0,0.492,1.81,292.3,0,0.0
2070,20.0,0.482,1.65,289.9,0,0.0
2071,20.0,0.503,1.84,300.0,0,0.0
2072,20.0,0.483,1.8,288.5,0,0.0
2073,20.0,0.493,1.38,290.3,0,0.0
2074,20.0,0.507,1.49,291.7,0,0.0
2075,20.0,0.516,1.57,287.0,0,0.0
2076,20.0,0.507,2.0,312.0,0,0.0
2077,20.0,0.502,1.9,302.5,0,0.0
2078,20.0,0.492,1.32,296.9,0,0.0
2079,20.0,0.499,1.31,298.7,0,0.0
2080,20.0,0.498,1.78,285.1,0,0.0
2081,20.0,0.501,1.54,304.7,0,0.0
2082,20.0,0.491,1.36,303.3,0,0.0
2083,20.0,0.501,1.95,291.1,0,0.0
2084,20.0,0.511,1.6,291.4,0,0.0
2085,20.0,0.511,1.84,294.3,0,0.0
2086,20.0,0.483,1.32,308.0,0,0.0
2087,20.0,0.511,1.8,286.2,0,0.0
2088,20.0,0.488,1.33,292.8,0,0.0
2089,20.0,0.481,1.12,304.2,0,0.0
2090,20.0,0.494,1.01,291.7,0,0.0
2091,20.0,0.508,1.23,303.2,0,0.0
2092,20.0,0.504,1.19,314.1,0,0.0
2093,20.0,0.49,1.76,285.0,0,0.0
2094,20.0,0.487,0.96,287.6,0,0.0
2095,20.0,0.511,1.03,289.8,0,0.0
2096,20.0,0.504,1.12,309.6,0,0.0
2097,20.0,0.5,1.96,312.7,0,0.0
2098,20.0,0.505,1.31,293.4,0,0.0
2099,20.0,0.507,1.25,306.5,0,0.0
2100,20.0,0.504,1.48,310.9,0,0.0
2101,20.0,0.481,1.76,295.6,0,0.0
2102,20.0,0.51,2.04,313.5,0,0.0
2103,20.0,0.513,1.25,293.9,0,0.0
2104,20.0,0.517,1.7,308.9,0,0.0
2105,20.0,0.48,0.92,292.5,0,0.0
2106,20.0,0.499,1.9,300.4,0,0.0
2107,20.0,0.493,1.44,289.8,0,0.0
2108,20.0,0.504,1.22,306.0,0,0.0
2109,20.0,0.512,1.56,304.9,0,0.0
2110,20.0,0.483,1.63,314.9,0,0.0
2111,20.0,0.492,1.87,302.1,0,0.0
2112,20.0,0.499,1.1,309.8,0,0.0
2113,20.0,0.51,1.46,295.8,0,0.0
2114,20.0,0.518,1.27,291.4,0,0.0
2115,20.0,0.486,1.79,285.6,0,0.0
2116,20.0,0.498,1.02,289.4,0,0.0
2117,20.0,0.485,1.87,290.5,0,0.0
2118,20.0,0.511,1.75,290.2,0,0.0
2119,20.0,0.495,1.39,285.8,0,0.0
2120,20.0,0.51,0.99,288.4,0,0.0
2121,20.0,0.516,1.67,303.1,0,0.0
2122,20.0,0.488,1.65,285.8,0,0.0
2123,20.0,0.484,1.17,305.2,0,0.0
2124,20.0,0.484,1.5,285.5,0,0.0
2125,20.0,0.492,1.15,296.8,0,0.0
2126,20.0,0.516,1.68,304.3,0,0.0
2127,20.0,0.485,1.03,301.2,0,0.0
2128,20.0,0.506,1.02,286.0,0,0.0
2129,20.0,0.497,1.81,310.7,0,0.0
2130,20.0,0.512,1.84,309.5,0,0.0
2131,20.0,0.492,1.24,298.8,0,0.0
2132,20.0,0.483,1.38,309.4,0,0.0
2133,20.0,0.513,1.56,294.3,0,0.0
2134,20.0,0.519,1.74,308.9,0,0.0
2135,20.0,0.51,1.46,287.1,0,0.0
2136,20.0,0.519,2.05,313.5,0,0.0
2137,20.0,0.51,1.81,286.6,0,0.0
2138,20.0,0.504,1.48,293.1,0,0.0
2139,20.0,0.507,1.58,301.2,0,0.0
2140,20.0,0.505,1.98,293.7,0,0.0
2141,20.0,0.507,1.81,287.0,0,0.0
2142,20.0,0.49,1.11,297.6,0,0.0
2143,20.0,0.481,1.28,306.1,0,0.0
2144,20.0,0.518,1.53,287.7,0,0.0
2145,20.0,0.509,1.84,301.2,0,0.0
2146,20.0,0.497,1.91,302.0,0,0.0
2147,20.0,0.512,1.71,310.6,0,0.0
2148,20.0,0.499,1.21,314.6,0,0.0
2149,20.0,0.494,1.97,306.7,0,0.0
2150,20.0,0.506,1.91,308.0,0,0.0
2151,20.0,0.483,1.96,311.6,0,0.0
2152,20.0,0.481,1.44,307.7,0,0.0
2153,20.0,0.491,1.14,293.3,0,0.0
2154,20.0,0.497,1.51,301.5,0,0.0
2155,20.0,0.492,1.97,299.5,0,0.0
2156,20.0,0.486,1.81,286.5,0,0.0
2157,20.0,0.502,1.18,285.6,0,0.0
2158,20.0,0.494,1.41,301.0,0,0.0
2159,20.0,0.488,1.09,297.8,0,0.0
2160,20.0,0.484,1.08,286.8,0,0.0
2161,20.0,0.51,1.49,306.3,0,0.0
2162,20.0,0.517,1.56,300.2,0,0.0
2163,20.0,0.494,1.2,291.3,0,0.0
2164,20.0,0.496,1.72,299.0,0,0.0
2165,20.0,0.509,1.93,287.7,0,0.0
2166,20.0,0.488,1.41,301.2,0,0.0
2167,20.0,0.483,1.01,285.7,0,0.0
2168,20.0,0.493,1.01,291.0,0,0.0
2169,20.0,0.511,1.87,286.6,0,0.0
2170,20.0,0.495,1.35,312.1,0,0.0
2171,20.0,0.482,1.73,305.3,0,0.0
2172,20.0,0.505,1.3,309.8,0,0.0
2173,20.0,0.514,1.37,292.9,0,0.0
2174,20.0,0.484,1.09,306.7,0,0.0
2175,20.0,0.484,0.94,286.2,0,0.0
2176,20.0,0.489,1.6,303.3,0,0.0
2177,20.0,0.515,1.17,304.6,0,0.0
2178,20.0,0.51,1.91,287.7,0,0.0
2179,20.0,0.51,1.41,307.3,0,0.0
2180,20.0,0.494,1.24,291.5,0,0.0
2181,20.0,0.484,1.77,304.0,0,0.0
2182,20.0,0.501,1.01,290.6,0,0.0
2183,20.0,0.501,1.55,289.7,0,0.0
2184,20.0,0.481,1.95,306.8,0,0.0
2185,20.0,0.509,1.33,312.3,0,0.0
2186,20.0,0.505,1.35,312.7,0,0.0
2187,20.0,0.52,1.57,307.5,0,0.0
2188,20.0,0.496,1.66,302.1,0,0.0
2189,20.0,0.48,1.81,298.9,0,0.0
2190,20.0,0.516,1.1,290.3,0,0.0
2191,20.0,0.496,1.91,290.8,0,0.0
2192,20.0,0.514,1.38,309.2,0,0.0
2193,20.0,0.49,0.97,297.8,0,0.0
2194,20.0,0.509,1.7,290.4,0,0.0
2195,20.0,0.491,1.52,297.2,0,0.0
2196,20.0,0.481,1.76,296.3,0,0.0
2197,20.0,0.491,1.38,288.9,0,0.0
2198,20.0,0.505,1.06,290.9,0,0.0
2199,20.0,0.492,1.15,285.2,0,0.0
2200,20.0,0.487,1.96,306.4,0,0.0
2201,20.0,0.504,1.06,302.3,0,0.0
2202,20.0,0.502,1.51,305.7,0,0.0
2203,20.0,0.497,1.19,308.4,0,0.0
2204,20.0,0.492,1.42,307.8,0,0.0
2205,20.0,0.496,1.2,295.6,0,0.0
2206,20.0,0.518,1.47,301.4,0,0.0
2207,20.0,0.482,1.52,304.8,0,0.0
2208,20.0,0.485,1.84,310.0,0,0.0
2209,20.0,0.484,1.41,302.4,0,0.0
2210,20.0,0.495,1.65,302.2,0,0.0
2211,20.0,0.502,1.94,303.5,0,0.0
2212,20.0,0.514,1.77,299.9,0,0.0
2213,20.0,0.518,1.42,310.3,0,0.0
2214,20.0,0.49,1.51,295.7,0,0.0
2215,20.0,0.515,1.5,311.8,0,0.0
2216,20.0,0.49,1.09,298.7,0,0.0
2217,20.0,0.514,1.38,308.1,0,0.0
2218,20.0,0.51,1.6,293.9,0,0.0
2219,20.0,0.488,1.09,312.5,0,0.0
2220,20.0,0.515,1.23,312.7,0,0.0
2221,20.0,0.517,1.73,312.5,0,0.0
2222,20.0,0.51,1.96,297.8,0,0.0
2223,20.0,0.49,1.43,287.0,0,0.0
2224,20.0,0.5,1.22,307.6,0,0.0
2225,20.0,0.512,2.04,311.0,0,0.0
2226,20.0,0.504,1.15,310.6,0,0.0
2227,20.0,0.518,1.77,304.8,0,0.0
2228,20.0,0.518,2.02,303.6,0,0.0
2229,20.0,0.519,1.32,309.0,0,0.0
2230,20.0,0.506,1.78,294.7,0,0.0
2231,20.0,0.49,1.76,313.6,0,0.0
2232,20.0,0.495,1.0,292.9,0,0.0
2233,20.0,0.491,1.74,285.2,0,0.0
2234,20.0,0.518,1.38,302.9,0,0.0
2235,20.0,0.491,1.73,286.4,0,0.0
2236,20.0,0.503,1.88,286.7,0,0.0
2237,20.0,0.494,1.67,301.3,0,0.0
2238,20.0,0.501,1.15,301.1,0,0.0
2239,20.0,0.503,1.01,290.2,0,0.0
2240,20.0,0.486,1.13,313.3,0,0.0
2241,20.0,0.482,1.18,308.5,0,0.0
2242,20.0,0.494,1.71,297.5,0,0.0
2243,20.0,0.491,1.37,297.9,0,0.0
2244,20.0,0.486,1.6,295.0,0,0.0
2245,20.0,0.496,1.37,305.6,0,0.0
2246,20.0,0.517,1.27,287.5,0,0.0
2247,20.0,0.517,1.81,299.7,0,0.0
2248,20.0,0.493,1.07,302.3,0,0.0
2249,20.0,0.499,1.3,303.6,0,0.0
2250,20.0,0.517,1.4,302.4,0,0.0
2251,20.0,0.482,1.47,301.4,0,0.0
2252,20.0,0.481,1.19,296.0,0,0.0
2253,20.0,0.5,1.41,306.8,0,0.0
2254,20.0,0.484,1.19,289.9,0,0.0
2255,20.0,0.5,1.37,310.4,0,0.0
2256,20.0,0.481,1.23,311.4,0,0.0
2257,20.0,0.485,1.68,309.5,0,0.0
2258,20.0,0.506,1.19,293.6,0,0.0
2259,20.0,0.481,1.43,305.7,0,0.0
2260,20.0,0.504,1.99,306.2,0,0.0
2261,20.0,0.508,1.66,312.8,0,0.0
2262,20.0,0.481,1.32,313.2,0,0.0
2263,20.0,0.498,1.39,287.2,0,0.0
2264,20.0,0.505,1.17,300.0,0,0.0
2265,20.0,0.483,1.31,287.5,0,0.0
2266,20.0,0.52,2.0,302.6,0,0.0
2267,20.0,0.516,1.09,287.8,0,0.0
2268,20.0,0.514,2.09,310.1,0,0.0
2269,20.0,0.491,1.6,314.1,0,0.0
2270,20.0,0.482,1.06,295.2,0,0.0
2271,20.0,0.501,1.58,313.4,0,0.0
2272,20.0,0.518,1.38,300.9,0,0.0
2273,20.0,0.481,1.23,291.6,0,0.0
2274,20.0,0.512,1.43,298.5,0,0.0
2275,20.0,0.482,1.65,289.9,0,0.0
2276,20.0,0.511,1.87,293.7,0,0.0
2277,20.0,0.497,1.0,289.9,0,0.0
2278,20.0,0.492,1.89,287.2,0,0.0
2279,20.0,0.51,1.07,301.5,0,0.0
2280,20.0,0.501,1.77,299.2,0,0.0
2281,20.0,0.493,1.87,303.0,0,0.0
2282,20.0,0.507,1.54,290.7,0,0.0
2283,20.0,0.5,1.35,303.3,0,0.0
2284,20.0,0.504,1.5,286.6,0,0.0
2285,20.0,0.49,1.55,289.3,0,0.0
2286,20.0,0.516,1.7,295.9,0,0.0
2287,20.0,0.506,1.52,309.6,0,0.0
2288,20.0,0.505,1.87,308.5,0,0.0
2289,20.0,0.503,1.16,288.5,0,0.0
2290,20.0,0.501,1.63,309.7,0,0.0
2291,20.0,0.501,1.83,314.0,0,0.0
2292,20.0,0.52,1.63,292.7,0,0.0
2293,20.0,0.5,1.68,298.9,0,0.0
2294,20.0,0.503,1.82,312.6,0,0.0
2295,20.0,0.495,1.93,304.2,0,0.0
2296,20.0,0.483,1.14,313.6,0,0.0
2297,20.0,0.488,1.64,300.3,0,0.0
2298,20.0,0.494,1.73,312.9,0,0.0
2299,20.0,0.481,1.63,297.9,0,0.0
2300,20.0,0.517,1.62,312.2,0,0.0
2301,20.0,0.513,1.75,286.4,0,0.0
2302,20.0,0.487,1.02,293.8,0,0.0
2303,20.0,0.494,1.56,300.0,0,0.0
2304,20.0,0.49,1.04,290.0,0,0.0
2305,20.0,0.494,1.44,313.2,0,0.0
2306,20.0,0.514,1.16,297.7,0,0.0
2307,20.0,0.516,1.02,292.0,0,0.0
2308,20.0,0.516,1.29,310.6,0,0.0
2309,20.0,0.503,1.88,298.8,0,0.0
2310,20.0,0.489,1.38,305.4,0,0.0
2311,20.0,0.484,1.46,296.1,0,0.0
2312,20.0,0.488,1.9,309.9,0,0.0
2313,20.0,0.502,1.39,303.1,0,0.0
2314,20.0,0.502,1.02,293.0,0,0.0
2315,20.0,0.51,1.58,293.6,0,0.0
2316,20.0,0.518,1.56,295.8,0,0.0
2317,20.0,0.489,1.45,308.1,0,0.0
2318,20.0,0.495,1.6,307.4,0,0.0
2319,20.0,0.486,1.28,297.0,0,0.0
2320,20.0,0.518,1.22,313.4,0,0.0
2321,20.0,0.484,1.8,287.5,0,0.0
2322,20.0,0.515,1.25,298.8,0,0.0
2323,20.0,0.513,1.98,303.6,0,0.0
2324,20.0,0.513,1.43,307.0,0,0.0
2325,20.0,0.495,1.9,300.5,0,0.0
2326,20.0,0.514,1.57,290.4,0,0.0
2327,20.0,0.488,1.88,313.5,0,0.0
2328,20.0,0.509,1.84,299.8,0,0.0
2329,20.0,0.484,1.68,312.7,0,0.0
2330,20.0,0.515,1.48,290.4,0,0.0
2331,20.0,0.503,1.81,285.8,0,0.0
2332,20.0,0.489,1.82,308.8,0,0.0
2333,20.0,0.486,1.3,300.2,0,0.0
2334,20.0,0.502,1.96,304.4,0,0.0
2335,20.0,0.482,1.12,306.8,0,0.0
2336,20.0,0.485,1.42,312.9,0,0.0
2337,20.0,0.483,1.66,296.2,0,0.0
2338,20.0,0.516,1.73,298.5,0,0.0
2339,20.0,0.493,1.08,291.2,0,0.0
2340,20.0,0.496,1.38,299.9,0,0.0
2341,20.0,0.5,1.99,303.6,0,0.0
2342,20.0,0.503,1.31,297.5,0,0.0
2343,20.0,0.499,1.8,293.6,0,0.0
2344,20.0,0.5,1.25,302.8,0,0.0
2345,20.0,0.503,1.35,309.2,0,0.0
2346,20.0,0.495,1.14,285.7,0,0.0
2347,20.0,0.493,1.54,304.1,0,0.0
2348,20.0,0.498,1.22,307.4,0,0.0
2349,20.0,0.511,1.76,303.0,0,0.0
2350,20.0,0.491,1.54,285.3,0,0.0
2351,20.0,0.505,1.83,289.7,0,0.0
2352,20.0,0.508,1.62,295.4,0,0.0
2353,20.0,0.495,1.73,294.5,0,0.0
2354,20.0,0.481,1.56,305.4,0,0.0
2355,20.0,0.512,1.38,310.0,0,0.0
2356,20.0,0.499,1.51,291.4,0,0.0
2357,20.0,0.482,1.14,293.8,0,0.0
2358,20.0,0.486,1.82,285.6,0,0.0
2359,20.0,0.51,1.07,288.8,0,0.0
2360,20.0,0.503,1.96,311.5,0,0.0
2361,20.0,0.491,1.17,289.8,0,0.0
2362,20.0,0.498,1.52,303.7,0,0.0
2363,20.0,0.494,1.65,295.3,0,0.0
2364,20.0,0.516,1.9,290.7,0,0.0
2365,20.0,0.496,1.08,314.8,0,0.0
2366,20.0,0.511,2.01,312.5,0,0.0
2367,20.0,0.507,1.59,309.8,0,0.0
2368,20.0,0.515,2.06,305.9,0,0.0
2369,20.0,0.512,1.57,296.6,0,0.0
2370,20.0,0.494,1.02,285.6,0,0.0
2371,20.0,0.501,1.62,311.7,0,0.0
2372,20.0,0.51,1.71,309.1,0,0.0
2373,20.0,0.507,1.4,286.7,0,0.0
2374,20.0,0.503,1.03,297.0,0,0.0
2375,20.0,0.512,1.46,287.8,0,0.0
2376,20.0,0.51,1.32,302.3,0,0.0
2377,20.0,0.505,1.34,288.3,0,0.0
2378,20.0,0.514,1.42,294.5,0,0.0
2379,20.0,0.495,1.86,312.8,0,0.0
2380,20.0,0.512,1.29,289.0,0,0.0
2381,20.0,0.503,1.94,303.2,0,0.0
2382,20.0,0.514,1.89,300.7,0,0.0
2383,20.0,0.516,1.42,293.6,0,0.0
2384,20.0,0.486,1.9,311.0,0,0.0
2385,20.0,0.503,1.59,306.6,0,0.0
2386,20.0,0.501,1.66,314.1,0,0.0
2387,20.0,0.502,1.31,297.4,0,0.0
2388,20.0,0.491,1.83,312.0,0,0.0
2389,20.0,0.514,1.27,300.8,0,0.0
2390,20.0,0.511,1.95,297.6,0,0.0
2391,20.0,0.509,1.57,299.7,0,0.0
2392,20.0,0.485,1.07,305.9,0,0.0
2393,20.0,0.511,1.33,303.6,0,0.0
2394,20.0,0.506,1.1,299.0,0,0.0
2395,20.0,0.52,1.09,291.4,0,0.0
2396,20.0,0.484,1.64,305.1,0,0.0
2397,20.0,0.489,1.91,296.7,0,0.0
2398,20.0,0.519,1.87,299.2,0,0.0
2399,20.0,0.512,1.58,286.6,0,0.0
2400,20.0,0.5,1.21,299.2,0,0.0
2401,20.0,0.502,1.45,310.8,0,0.0
2402,20.0,0.493,1.08,305.7,0,0.0
2403,20.0,0.486,1.01,289.2,0,0.0
2404,20.0,0.5,1.4,314.2,0,0.0
2405,20.0,0.517,1.45,294.5,0,0.0
2406,20.0,0.507,1.33,311.4,0,0.0
2407,20.0,0.495,2.01,309.5,0,0.0
2408,20.0,0.498,1.1,294.3,0,0.0
2409,20.0,0.517,1.8,295.5,0,0.0
2410,20.0,0.5,1.22,302.5,0,0.0
2411,20.0,0.504,1.55,292.8,0,0.0
2412,20.0,0.496,1.09,308.8,0,0.0
2413,20.0,0.48,1.45,307.0,0,0.0
2414,20.0,0.499,1.65,306.7,0,0.0
2415,20.0,0.508,1.51,314.5,0,0.0
2416,20.0,0.502,1.86,288.2,0,0.0
2417,20.0,0.485,1.27,297.6,0,0.0
2418,20.0,0.519,1.75,314.0,0,0.0
2419,20.0,0.52,1.16,297.5,0,0.0
2420,20.0,0.496,1.76,308.0,0,0.0
2421,20.0,0.482,1.59,300.4,0,0.0
2422,20.0,0.488,1.23,289.1,0,0.0
2423,20.0,0.495,1.63,293.7,0,0.0
2424,20.0,0.502,1.67,288.5,0,0.0
2425,20.0,0.497,1.39,292.7,0,0.0
2426,20.0,0.493,1.64,301.5,0,0.0
2427,20.0,0.509,1.04,290.3,0,0.0
2428,20.0,0.497,1.48,307.8,0,0.0
2429,20.0,0.516,1.14,303.2,0,0.0
2430,20.0,0.505,0.99,291.4,0,0.0
2431,20.0,0.481,1.63,294.9,0,0.0
2432,20.0,0.501,1.05,301.9,0,0.0
2433,20.0,0.515,1.42,297.2,0,0.0
2434,20.0,0.51,1.14,296.3,0,0.0
2435,20.0,0.496,1.05,307.8,0,0.0
2436,20.0,0.51,1.72,313.4,0,0.0
2437,20.0,0.481,1.43,286.7,0,0.0
2438,20.0,0.486,1.24,304.7,0,0.0
2439,20.0,0.51,1.39,293.8,0,0.0
2440,20.0,0.493,1.18,299.1,0,0.0
2441,20.0,0.492,1.78,295.7,0,0.0
2442,20.0,0.51,1.09,293.7,0,0.0
2443,20.0,0.504,1.86,300.6,0,0.0
2444,20.0,0.487,1.63,303.5,0,0.0
2445,20.0,0.503,1.44,297.4,0,0.0
2446,20.0,0.486,1.8,299.0,0,0.0
2447,20.0,0.518,1.72,290.2,0,0.0
2448,20.0,0.496,1.91,301.1,0,0.0
2449,20.0,0.514,2.06,314.4,0,0.0
2450,20.0,0.505,1.15,305.2,0,0.0
2451,20.0,0.508,1.4,300.2,0,0.0
2452,20.0,0.516,1.58,301.8,0,0.0
2453,20.0,0.488,1.17,313.9,0,0.0
2454,20.0,0.494,1.92,288.3,0,0.0
2455,20.0,0.482,0.97,303.4,0,0.0
2456,20.0,0.5,1.3,303.5,0,0.0
2457,20.0,0.496,1.73,300.3,0,0.0
2458,20.0,0.491,1.5,286.0,0,0.0
2459,20.0,0.504,1.33,294.5,0,0.0
2460,20.0,0.5,1.14,290.7,0,0.0
2461,20.0,0.518,1.7,295.5,0,0.0
2462,20.0,0.495,1.87,296.9,0,0.0
2463,20.0,0.493,1.75,286.3,0,0.0
2464,20.0,0.511,1.57,295.9,0,0.0
2465,20.0,0.482,1.64,298.7,0,0.0
2466,20.0,0.484,1.68,288.1,0,0.0
2467,20.0,0.5,1.23,311.9,0,0.0
2468,20.0,0.486,1.34,287.0,0,0.0
2469,20.0,0.487,1.19,288.9,0,0.0
2470,20.0,0.502,1.7,310.8,0,0.0
2471,20.0,0.51,1.56,313.5,0,0.0
2472,20.0,0.498,1.66,286.1,0,0.0
2473,20.0,0.489,1.91,313.5,0,0.0
2474,20.0,0.494,1.94,308.5,0,0.0
2475,20.0,0.504,1.93,285.5,0,0.0
2476,20.0,0.51,1.43,312.6,0,0.0
2477,20.0,0.502,1.78,291.8,0,0.0
2478,20.0,0.5,1.33,287.4,0,0.0
2479,20.0,0.48,1.06,302.1,0,0.0
2480,20.0,0.504,1.77,285.9,0,0.0
2481,20.0,0.511,1.61,298.9,0,0.0
2482,20.0,0.485,1.07,307.3,0,0.0
2483,20.0,0.49,1.06,303.6,0,0.0
2484,20.0,0.508,1.77,298.4,0,0.0
2485,20.0,0.493,1.47,298.6,0,0.0
2486,20.0,0.493,1.97,309.6,0,0.0
2487,20.0,0.503,1.51,310.7,0,0.0
2488,20.0,0.482,1.13,308.7,0,0.0
2489,20.0,0.499,1.21,310.7,0,0.0
2490,20.0,0.507,1.64,293.1,0,0.0
2491,20.0,0.52,2.04,304.0,0,0.0
2492,20.0,0.507,1.87,298.6,0,0.0
2493,20.0,0.482,1.59,310.1,0,0.0
2494,20.0,0.52,1.19,292.6,0,0.0
2495,20.0,0.508,1.67,292.5,0,0.0
2496,20.0,0.49,1.62,299.4,0,0.0
2497,20.0,0.51,1.04,285.3,0,0.0
2498,20.0,0.513,1.3,300.5,0,0.0
2499,20.0,0.511,2.02,308.3,0,0.0
2500,20.0,0.486,1.81,305.9,0,0.0
2501,20.0,0.502,1.65,304.5,0,0.0
2502,20.0,0.52,1.74,293.4,0,0.0
2503,20.0,0.519,1.15,300.4,0,0.0
2504,20.0,0.51,1.07,299.4,0,0.0
2505,20.0,0.485,1.69,310.7,0,0.0
2506,20.0,0.496,1.04,286.6,0,0.0
2507,20.0,0.506,1.1,286.9,0,0.0
2508,20.0,0.497,1.58,288.6,0,0.0
2509,20.0,0.5,1.98,307.5,0,0.0
2510,20.0,0.483,1.23,285.0,0,0.0
2511,20.0,0.502,1.71,297.4,0,0.0
2512,20.0,0.519,1.91,306.3,0,0.0
2513,20.0,0.516,1.93,311.9,0,0.0
2514,20.0,0.516,1.93,315.0,0,0.0
2515,20.0,0.511,1.34,303.1,0,0.0
2516,20.0,0.495,1.85,305.1,0,0.0
2517,20.0,0.48,0.99,288.3,0,0.0
2518,20.0,0.486,1.63,286.1,0,0.0
2519,20.0,0.512,1.27,301.5,0,0.0
2520,20.0,0.509,1.44,288.5,0,0.0
2521,20.0,0.5,1.64,295.1,0,0.0
2522,20.0,0.488,0.91,285.3,0,0.0
2523,20.0,0.515,1.93,297.4,0,0.0
2524,20.0,0.502,1.3,301.5,0,0.0
2525,20.0,0.492,1.05,286.1,0,0.0
2526,20.0,0.5,1.64,309.0,0,0.0
2527,20.0,0.512,1.59,289.7,0,0.0
2528,20.0,0.486,1.66,291.6,0,0.0
2529,20.0,0.509,1.78,285.8,0,0.0
2530,20.0,0.487,1.04,297.9,0,0.0
2531,20.0,0.489,1.79,314.8,0,0.0
2532,20.0,0.517,1.03,289.9,0,0.0
2533,20.0,0.503,1.16,298.6,0,0.0
2534,20.0,0.514,1.98,294.6,0,0.0
2535,20.0,0.514,1.6,313.0,0,0.0
2536,20.0,0.494,1.33,313.8,0,0.0
2537,20.0,0.501,1.86,295.2,0,0.0
2538,20.0,0.501,1.46,287.2,0,0.0
2539,20.0,0.488,1.62,286.4,0,0.0
2540,20.0,0.507,1.15,300.1,0,0.0
2541,20.0,0.506,1.19,288.7,0,0.0
2542,20.0,0.488,1.91,297.2,0,0.0
2543,20.0,0.494,1.3,308.0,0,0.0
2544,20.0,0.518,1.25,287.0,0,0.0
2545,20.0,0.502,1.55,287.0,0,0.0
2546,20.0,0.497,1.64,287.2,0,0.0
2547,20.0,0.505,1.52,290.6,0,0.0
2548,20.0,0.507,1.25,294.5,0,0.0
2549,20.0,0.493,1.61,311.7,0,0.0
2550,20.0,0.499,1.9,310.8,0,0.0
2551,20.0,0.51,1.91,299.1,0,0.0
2552,20.0,0.518,1.54,311.9,0,0.0
2553,20.0,0.503,1.62,289.7,0,0.0
2554,20.0,0.512,1.3,302.0,0,0.0
2555,20.0,0.508,1.81,290.6,0,0.0
2556,20.0,0.509,1.45,292.3,0,0.0
2557,20.0,0.518,1.52,302.5,0,0.0
2558,20.0,0.487,1.29,303.7,0,0.0
2559,20.0,0.483,1.09,308.7,0,0.0
2560,20.0,0.511,1.89,298.6,0,0.0
2561,20.0,0.515,1.92,307.7,0,0.0
2562,20.0,0.499,1.39,295.8,0,0.0
2563,20.0,0.514,1.52,297.6,0,0.0
2564,20.0,0.489,1.04,296.2,0,0.0
2565,20.0,0.501,1.0,285.4,0,0.0
2566,20.0,0.506,1.4,286.0,0,0.0
2567,20.0,0.507,1.26,303.8,0,0.0
2568,20.0,0.482,1.63,295.9,0,0.0
2569,20.0,0.492,1.51,292.3,0,0.0
2570,20.0,0.487,1.21,314.7,0,0.0
2571,20.0,0.508,2.07,314.3,0,0.0
2572,20.0,0.52,1.58,310.8,0,0.0
2573,20.0,0.482,0.94,294.4,0,0.0
2574,20.0,0.501,1.07,308.7,0,0.0
2575,20.0,0.494,1.22,311.5,0,0.0
2576,20.0,0.498,1.42,295.4,0,0.0
2577,20.0,0.492,1.37,291.6,0,0.0
2578,20.0,0.489,1.02,289.7,0,0.0
2579,20.0,0.498,2.01,309.0,0,0.0
2580,20.0,0.507,1.63,288.1,0,0.0
2581,20.0,0.511,1.66,295.5,0,0.0
2582,20.0,0.51,1.5,292.7,0,0.0
2583,20.0,0.51,1.82,311.6,0,0.0
2584,20.0,0.481,1.64,287.1,0,0.0
2585,20.0,0.504,1.67,297.5,0,0.0
2586,20.0,0.505,1.41,293.4,0,0.0
2587,20.0,0.493,1.63,296.5,0,0.0
2588,20.0,0.5,1.23,305.0,0,0.0
2589,20.0,0.481,1.33,289.1,0,0.0
2590,20.0,0.504,1.1,310.4,0,0.0
2591,20.0,0.488,1.78,301.6,0,0.0
2592,20.0,0.48,1.72,295.6,0,0.0
2593,20.0,0.489,1.3,298.4,0,0.0
2594,20.0,0.517,1.5,307.7,0,0.0
2595,20.0,0.503,1.23,306.0,0,0.0
2596,20.0,0.489,1.03,302.7,0,0.0
2597,20.0,0.498,1.29,311.0,0,0.0
2598,20.0,0.497,1.38,292.7,0,0.0
2599,20.0,0.485,1.1,307.7,0,0.0
2600,20.0,0.511,1.22,297.5,0,0.0
2601,20.0,0.482,1.99,310.6,0,0.0
2602,20.0,0.493,1.42,291.9,0,0.0
2603,20.0,0.483,1.59,310.1,0,0.0
2604,20.0,0.494,1.63,306.9,0,0.0
2605,20.0,0.517,1.37,313.6,0,0.0
2606,20.0,0.514,1.49,314.1,0,0.0
2607,20.0,0.512,1.52,296.7,0,0.0
2608,20.0,0.512,1.14,314.4,0,0.0
2609,20.0,0.493,1.88,305.8,0,0.0
2610,20.0,0.507,1.99,309.4,0,0.0
2611,20.0,0.499,1.09,285.6,0,0.0
2612,20.0,0.506,1.71,291.9,0,0.0
2613,20.0,0.49,1.25,310.2,0,0.0
2614,20.0,0.48,1.25,305.1,0,0.0
2615,20.0,0.518,1.72,308.0,0,0.0
2616,20.0,0.497,2.0,304.4,0,0.0
2617,20.0,0.506,1.21,288.3,0,0.0
2618,20.0,0.496,1.27,293.9,0,0.0
2619,20.0,0.484,1.52,300.3,0,0.0
2620,20.0,0.519,1.62,302.7,0,0.0
2621,20.0,0.5,1.81,291.1,0,0.0
2622,20.0,0.511,1.1,303.1,0,0.0
2623,20.0,0.518,2.01,298.4,0,0.0
2624,20.0,0.499,1.14,295.8,0,0.0
2625,20.0,0.497,1.22,312.8,0,0.0
2626,20.0,0.502,1.77,308.0,0,0.0
2627,20.0,0.512,1.08,295.2,0,0.0
2628,20.0,0.491,1.92,295.2,0,0.0
2629,20.0,0.493,1.01,286.0,0,0.0
2630,20.0,0.499,1.89,302.2,0,0.0
2631,20.0,0.502,1.52,313.1,0,0.0
2632,20.0,0.516,1.51,306.2,0,0.0
2633,20.0,0.493,1.22,297.1,0,0.0
2634,20.0,0.493,1.9,285.4,0,0.0
2635,20.0,0.513,1.8,298.7,0,0.0
2636,20.0,0.484,1.62,310.5,0,0.0
2637,20.0,0.494,1.18,305.2,0,0.0
2638,20.0,0.505,1.95,297.6,0,0.0
2639,20.0,0.493,1.23,285.4,0,0.0
2640,20.0,0.491,1.32,288.0,0,0.0
2641,20.0,0.493,1.1,293.8,0,0.0
2642,20.0,0.49,1.59,302.1,0,0.0
2643,20.0,0.52,1.76,292.3,0,0.0
2644,20.0,0.486,1.14,291.5,0,0.0
2645,20.0,0.498,1.81,296.8,0,0.0
2646,20.0,0.486,1.57,300.9,0,0.0
2647,20.0,0.514,1.77,305.4,0,0.0
2648,20.0,0.484,0.94,287.0,0,0.0
2649,20.0,0.518,1.89,292.2,0,0.0
2650,20.0,0.481,1.51,290.6,0,0.0
2651,20.0,0.481,1.62,312.5,0,0.0
2652,20.0,0.497,1.08,292.0,0,0.0
2653,20.0,0.513,1.14,285.6,0,0.0
2654,20.0,0.513,1.84,303.7,0,0.0
2655,20.0,0.505,1.42,314.4,0,0.0
2656,20.0,0.506,1.55,300.8,0,0.0
2657,20.0,0.497,1.42,313.3,0,0.0
2658,20.0,0.511,1.23,292.7,0,0.0
2659,20.0,0.488,1.02,290.3,0,0.0
2660,20.0,0.52,1.92,302.3,0,0.0
2661,20.0,0.485,1.68,303.0,0,0.0
2662,20.0,0.507,1.53,303.5,0,0.0
2663,20.0,0.489,1.12,304.7,0,0.0
2664,20.0,0.51,2.02,300.4,0,0.0
2665,20.0,0.481,1.26,295.1,0,0.0
2666,20.0,0.495,1.64,308.3,0,0.0
2667,20.0,0.512,1.26,301.6,0,0.0
2668,20.0,0.511,1.89,304.2,0,0.0
2669,20.0,0.507,2.01,301.7,0,0.0
2670,20.0,0.497,1.06,292.5,0,0.0
2671,20.0,0.51,1.61,311.8,0,0.0
2672,20.0,0.494,1.42,303.6,0,0.0
2673,20.0,0.501,1.12,299.7,0,0.0
2674,20.0,0.482,1.57,301.3,0,0.0
2675,20.0,0.502,1.6,294.0,0,0.0
2676,20.0,0.483,1.78,313.5,0,0.0
2677,20.0,0.506,2.01,305.4,0,0.0
2678,20.0,0.489,1.22,310.4,0,0.0
2679,20.0,0.501,1.94,292.8,0,0.0
2680,20.0,0.491,1.42,307.0,0,0.0
2681,20.0,0.505,1.22,290.1,0,0.0
2682,20.0,0.516,1.68,305.9,0,0.0
2683,20.0,0.491,1.04,301.9,0,0.0
2684,20.0,0.49,1.07,293.1,0,0.0
2685,20.0,0.483,1.35,314.7,0,0.0
2686,20.0,0.499,1.35,308.0,0,0.0
2687,20.0,0.493,1.13,315.0,0,0.0
2688,20.0,0.499,1.18,307.6,0,0.0
2689,20.0,0.511,1.57,296.9,0,0.0
2690,20.0,0.488,1.91,299.9,0,0.0
2691,20.0,0.493,1.61,289.3,0,0.0
2692,20.0,0.485,1.02,311.0,0,0.0
2693,20.0,0.491,1.44,312.9,0,0.0
2694,20.0,0.514,1.82,290.9,0,0.0
2695,20.0,0.497,1.15,300.7,0,0.0
2696,20.0,0.503,1.58,310.5,0,0.0
2697,20.0,0.502,1.12,298.0,0,0.0
2698,20.0,0.491,1.34,289.9,0,0.0
2699,20.0,0.484,1.41,296.4,0,0.0
2700,20.0,0.503,1.1,302.6,0,0.0
2701,20.0,0.513,1.83,303.1,0,0.0
2702,20.0,0.49,1.4,296.4,0,0.0
2703,20.0,0.486,1.57,300.6,0,0.0
2704,20.0,0.487,1.36,302.6,0,0.0
2705,20.0,0.507,1.69,302.3,0,0.0
2706,20.0,0.487,1.61,297.9,0,0.0
2707,20.0,0.503,1.52,306.4,0,0.0
2708,20.0,0.5,1.32,293.7,0,0.0
2709,20.0,0.506,1.85,285.9,0,0.0
2710,20.0,0.508,1.96,314.0,0,0.0
2711,20.0,0.483,1.82,294.9,0,0.0
2712,20.0,0.489,1.4,290.7,0,0.0
2713,20.0,0.501,1.24,289.7,0,0.0
2714,20.0,0.485,1.45,308.5,0,0.0
2715,20.0,0.499,1.88,308.1,0,0.0
2716,20.0,0.507,1.88,290.4,0,0.0
2717,20.0,0.513,1.82,288.3,0,0.0
2718,20.0,0.499,1.22,303.2,0,0.0
2719,20.0,0.495,1.73,292.7,0,0.0
2720,20.0,0.504,1.89,297.1,0,0.0
2721,20.0,0.49,1.95,311.6,0,0.0
2722,20.0,0.509,1.32,310.0,0,0.0
2723,20.0,0.481,1.28,291.5,0,0.0
2724,20.0,0.484,1.18,312.4,0,0.0
2725,20.0,0.486,1.28,289.6,0,0.0
2726,20.0,0.487,1.83,302.0,0,0.0
2727,20.0,0.509,1.1,290.7,0,0.0
2728,20.0,0.489,1.6,302.0,0,0.0
2729,20.0,0.493,1.91,286.8,0,0.0
2730,20.0,0.504,1.71,289.3,0,0.0
2731,20.0,0.51,1.89,305.8,0,0.0
2732,20.0,0.508,1.6,287.2,0,0.0
2733,20.0,0.506,1.18,310.9,0,0.0
2734,20.0,0.514,1.98,314.3,0,0.0
2735,20.0,0.498,0.99,297.1,0,0.0
2736,20.0,0.497,2.0,303.1,0,0.0
2737,20.0,0.482,1.47,297.8,0,0.0
2738,20.0,0.497,1.05,307.7,0,0.0
2739,20.0,0.504,1.88,295.2,0,0.0
2740,20.0,0.484,1.72,299.9,0,0.0
2741,20.0,0.509,1.07,303.1,0,0.0
2742,20.0,0.483,1.73,291.7,0,0.0
2743,20.0,0.507,1.68,300.6,0,0.0
2744,20.0,0.496,1.28,291.0,0,0.0
2745,20.0,0.502,1.2,300.9,0,0.0
2746,20.0,0.493,1.59,300.0,0,0.0
2747,20.0,0.494,1.46,307.6,0,0.0
2748,20.0,0.487,1.38,308.8,0,0.0
2749,20.0,0.493,1.67,285.4,0,0.0
2750,20.0,0.489,1.14,289.2,0,0.0
2751,20.0,0.511,1.91,298.9,0,0.0
2752,20.0,0.506,1.8,301.5,0,0.0
2753,20.0,0.515,1.1,287.9,0,0.0
2754,20.0,0.491,1.23,308.0,0,0.0
2755,20.0,0.499,1.67,294.3,0,0.0
2756,20.0,0.501,1.15,287.9,0,0.0
2757,20.0,0.486,1.8,286.3,0,0.0
2758,20.0,0.482,1.03,314.5,0,0.0
2759,20.0,0.484,1.21,300.5,0,0.0
2760,20.0,0.49,0.99,300.8,0,0.0
2761,20.0,0.49,1.84,288.6,0,0.0
2762,20.0,0.498,1.79,288.3,0,0.0
2763,20.0,0.492,1.34,300.7,0,0.0
2764,20.0,0.517,1.81,310.0,0,0.0
2765,20.0,0.501,1.43,287.0,0,0.0
2766,20.0,0.512,1.91,292.8,0,0.0
2767,20.0,0.483,1.74,289.6,0,0.0
2768,20.0,0.509,1.19,297.6,0,0.0
2769,20.0,0.49,1.11,306.5,0,0.0
2770,20.0,0.499,1.25,286.7,0,0.0
2771,20.0,0.486,1.02,290.1,0,0.0
2772,20.0,0.489,1.58,312.8,0,0.0
2773,20.0,0.491,1.86,313.9,0,0.0
2774,20.0,0.484,1.8,310.2,0,0.0
2775,20.0,0.482,1.31,288.5,0,0.0
2776,20.0,0.494,1.35,299.0,0,0.0
2777,20.0,0.513,1.59,295.0,0,0.0
2778,20.0,0.486,1.72,285.6,0,0.0
2779,20.0,0.513,1.39,289.5,0,0.0
2780,20.0,0.508,1.85,295.5,0,0.0
2781,20.0,0.498,1.14,313.8,0,0.0
2782,20.0,0.519,1.7,294.8,0,0.0
2783,20.0,0.485,1.74,311.2,0,0.0
2784,20.0,0.498,1.63,301.8,0,0.0
2785,20.0,0.488,1.25,297.0,0,0.0
2786,20.0,0.518,1.91,311.9,0,0.0
2787,20.0,0.501,1.38,298.8,0,0.0
2788,20.0,0.517,1.43,292.0,0,0.0
2789,20.0,0.505,1.58,314.4,0,0.0
2790,20.0,0.5,1.82,305.9,0,0.0
2791,20.0,0.516,1.31,303.4,0,0.0
2792,20.0,0.515,1.9,304.8,0,0.0
2793,20.0,0.5,1.09,314.1,0,0.0
2794,20.0,0.512,1.72,297.6,0,0.0
2795,20.0,0.518,1.43,292.5,0,0.0
2796,20.0,0.507,1.86,291.9,0,0.0
2797,20.0,0.514,1.46,304.4,0,0.0
2798,20.0,0.515,1.68,285.2,0,0.0
2799,20.0,0.508,1.7,285.4,0,0.0
2800,20.0,0.507,1.68,298.8,0,0.0
2801,20.0,0.501,2.0,305.1,0,0.0
2802,20.0,0.491,1.93,307.0,0,0.0
2803,20.0,0.481,1.14,308.6,0,0.0
2804,20.0,0.52,1.36,286.3,0,0.0
2805,20.0,0.498,1.16,291.9,0,0.0
2806,20.0,0.483,1.74,310.3,0,0.0
2807,20.0,0.486,1.46,291.9,0,0.0
2808,20.0,0.484,1.88,294.7,0,0.0
2809,20.0,0.513,1.6,305.0,0,0.0
2810,20.0,0.485,1.45,288.5,0,0.0
2811,20.0,0.503,1.09,298.1,0,0.0
2812,20.0,0.511,1.33,294.6,0,0.0
2813,20.0,0.484,1.59,293.4,0,0.0
2814,20.0,0.499,1.37,312.3,0,0.0
2815,20.0,0.506,1.16,298.6,0,0.0
2816,20.0,0.517,1.08,292.1,0,0.0
2817,20.0,0.487,1.02,306.4,0,0.0
2818,20.0,0.485,1.5,313.2,0,0.0
2819,20.0,0.499,1.44,289.9,0,0.0
2820,20.0,0.504,1.5,289.5,0,0.0
2821,20.0,0.485,1.27,314.9,0,0.0
2822,20.0,0.497,1.59,311.6,0,0.0
2823,20.0,0.494,1.56,296.1,0,0.0
2824,20.0,0.5,1.45,301.9,0,0.0
2825,20.0,0.517,1.73,300.1,0,0.0
2826,20.0,0.505,1.82,305.8,0,0.0
2827,20.0,0.485,1.04,286.9,0,0.0
2828,20.0,0.513,1.8,307.4,0,0.0
2829,20.0,0.498,0.98,286.4,0,0.0
2830,20.0,0.507,1.34,286.8,0,0.0
2831,20.0,0.509,1.91,312.5,0,0.0
2832,20.0,0.514,1.16,297.5,0,0.0
2833,20.0,0.483,1.03,310.7,0,0.0
2834,20.0,0.492,1.1,312.9,0,0.0
2835,20.0,0.506,1.7,309.3,0,0.0
2836,20.0,0.485,1.11,306.9,0,0.0
2837,20.0,0.492,1.04,287.1,0,0.0
2838,20.0,0.51,1.68,307.3,0,0.0
2839,20.0,0.516,1.77,288.3,0,0.0
2840,20.0,0.489,1.72,295.5,0,0.0
2841,20.0,0.483,1.72,307.3,0,0.0
2842,20.0,0.507,1.18,290.3,0,0.0
2843,20.0,0.502,1.26,301.5,0,0.0
2844,20.0,0.495,1.19,299.4,0,0.0
2845,20.0,0.513,1.1,301.4,0,0.0
2846,20.0,0.512,1.17,295.1,0,0.0
2847,20.0,0.483,1.62,291.8,0,0.0
2848,20.0,0.514,1.3,293.9,0,0.0
2849,20.0,0.516,1.98,288.7,0,0.0
2850,20.0,0.508,1.89,293.4,0,0.0
2851,20.0,0.517,1.8,301.6,0,0.0
2852,20.0,0.483,1.51,298.1,0,0.0
2853,20.0,0.498,1.59,311.5,0,0.0
2854,20.0,0.507,1.05,303.6,0,0.0
2855,20.0,0.514,1.45,301.6,0,0.0
2856,20.0,0.509,1.51,294.5,0,0.0
2857,20.0,0.482,1.59,286.1,0,0.0
2858,20.0,0.505,1.73,313.5,0,0.0
2859,20.0,0.503,1.34,293.4,0,0.0
2860,20.0,0.503,1.23,308.2,0,0.0
2861,20.0,0.516,1.12,304.5,0,0.0
2862,20.0,0.482,1.87,309.1,0,0.0
2863,20.0,0.502,1.66,310.3,0,0.0
2864,20.0,0.5,1.53,293.6,0,0.0
2865,20.0,0.492,1.08,303.3,0,0.0
2866,20.0,0.483,1.74,285.4,0,0.0
2867,20.0,0.494,1.91,307.8,0,0.0
2868,20.0,0.487,0.92,291.9,0,0.0
2869,20.0,0.504,1.68,311.0,0,0.0
2870,20.0,0.517,1.8,313.5,0,0.0
2871,20.0,0.5,1.44,292.7,0,0.0
2872,20.0,0.497,1.56,295.3,0,0.0
2873,20.0,0.518,1.42,292.1,0,0.0
2874,20.0,0.503,1.6,293.4,0,0.0
2875,20.0,0.505,1.87,298.5,0,0.0
2876,20.0,0.484,1.4,301.7,0,0.0
2877,20.0,0.499,1.2,293.3,0,0.0
2878,20.0,0.509,1.17,293.9,0,0.0
2879,20.0,0.506,1.73,288.1,0,0.0
2880,20.0,0.497,1.16,307.4,0,0.0
2881,20.0,0.505,1.17,305.1,0,0.0
2882,20.0,0.487,1.59,305.9,0,0.0
2883,20.0,0.512,1.08,292.2,0,0.0
2884,20.0,0.49,1.32,286.2,0,0.0
2885,20.0,0.502,1.88,291.7,0,0.0
2886,20.0,0.517,1.9,313.9,0,0.0
2887,20.0,0.501,1.53,290.5,0,0.0
2888,20.0,0.495,1.76,285.2,0,0.0
2889,20.0,0.504,1.18,314.2,0,0.0
2890,20.0,0.497,1.05,304.8,0,0.0
2891,20.0,0.511,1.38,289.3,0,0.0
2892,20.0,0.513,1.8,293.6,0,0.0
2893,20.0,0.5,1.94,297.8,0,0.0
2894,20.0,0.507,1.58,304.8,0,0.0
2895,20.0,0.511,1.64,292.7,0,0.0
2896,20.0,0.513,1.51,305.5,0,0.0
2897,20.0,0.501,1.69,298.2,0,0.0
2898,20.0,0.481,1.22,291.1,0,0.0
2899,20.0,0.518,2.06,305.9,0,0.0
2900,20.0,0.491,1.68,300.2,0,0.0
2901,20.0,0.48,0.97,302.1,0,0.0
2902,20.0,0.516,1.4,304.8,0,0.0
2903,20.0,0.514,1.32,314.2,0,0.0
2904,20.0,0.49,1.24,304.4,0,0.0
2905,20.0,0.517,1.32,294.5,0,0.0
2906,20.0,0.513,1.35,296.1,0,0.0
2907,20.0,0.504,1.47,297.8,0,0.0
2908,20.0,0.508,1.38,298.9,0,0.0
2909,20.0,0.504,1.79,289.2,0,0.0
2910,20.0,0.496,1.05,301.2,0,0.0
2911,20.0,0.508,1.63,302.7,0,0.0
2912,20.0,0.492,1.28,293.5,0,0.0
2913,20.0,0.502,1.59,294.3,0,0.0
2914,20.0,0.485,1.12,296.9,0,0.0
2915,20.0,0.512,1.71,294.8,0,0.0
2916,20.0,0.499,1.65,285.4,0,0.0
2917,20.0,0.494,1.24,295.2,0,0.0
2918,20.0,0.5,1.24,314.6,0,0.0
2919,20.0,0.483,1.54,296.0,0,0.0
2920,20.0,0.513,1.46,306.7,0,0.0
2921,20.0,0.514,1.27,313.1,0,0.0
2922,20.0,0.484,1.53,296.1,0,0.0
2923,20.0,0.504,1.47,309.0,0,0.0
2924,20.0,0.517,1.36,292.7,0,0.0
2925,20.0,0.512,1.29,298.2,0,0.0
2926,20.0,0.491,1.4,299.2,0,0.0
2927,20.0,0.49,1.51,293.8,0,0.0
2928,20.0,0.485,1.68,307.5,0,0.0
2929,20.0,0.482,1.75,300.6,0,0.0
2930,20.0,0.494,1.91,298.4,0,0.0
2931,20.0,0.493,1.36,310.6,0,0.0
2932,20.0,0.484,1.15,305.6,0,0.0
2933,20.0,0.498,1.9,298.1,0,0.0
2934,20.0,0.506,1.72,295.1,0,0.0
2935,20.0,0.519,1.27,301.3,0,0.0
2936,20.0,0.518,1.43,289.6,0,0.0
2937,20.0,0.501,1.11,314.8,0,0.0
2938,20.0,0.489,1.92,310.8,0,0.0
2939,20.0,0.489,1.92,313.7,0,0.0
2940,20.0,0.5,1.0,286.1,0,0.0
2941,20.0,0.516,2.04,297.4,0,0.0
2942,20.0,0.489,1.34,291.5,0,0.0
2943,20.0,0.481,1.33,298.1,0,0.0
2944,20.0,0.489,1.4,307.4,0,0.0
2945,20.0,0.499,1.79,300.0,0,0.0
2946,20.0,0.515,1.56,301.5,0,0.0
2947,20.0,0.507,1.7,289.6,0,0.0
2948,20.0,0.484,1.49,314.4,0,0.0
2949,20.0,0.493,1.75,295.3,0,0.0
2950,20.0,0.509,2.08,313.2,0,0.0
2951,20.0,0.482,1.71,301.2,0,0.0
2952,20.0,0.519,1.59,309.0,0,0.0
2953,20.0,0.509,1.4,292.2,0,0.0
2954,20.0,0.508,1.72,311.6,0,0.0
2955,20.0,0.498,1.46,312.1,0,0.0
2956,20.0,0.482,1.13,300.8,0,0.0
2957,20.0,0.484,1.39,308.3,0,0.0
2958,20.0,0.506,1.44,295.8,0,0.0
2959,20.0,0.495,1.29,309.7,0,0.0
2960,20.0,0.494,1.5,307.9,0,0.0
2961,20.0,0.515,1.88,296.3,0,0.0
2962,20.0,0.508,1.67,300.2,0,0.0
2963,20.0,0.515,1.33,304.1,0,0.0
2964,20.0,0.519,1.69,298.0,0,0.0
2965,20.0,0.495,2.04,314.1,0,0.0
2966,20.0,0.504,1.02,301.8,0,0.0
2967,20.0,0.484,1.89,312.7,0,0.0
2968,20.0,0.506,1.31,289.7,0,0.0
2969,20.0,0.494,1.85,289.8,0,0.0
2970,20.0,0.49,1.4,307.2,0,0.0
2971,20.0,0.516,1.69,302.5,0,0.0
2972,20.0,0.513,1.4,301.3,0,0.0
2973,20.0,0.486,1.89,297.5,0,0.0
2974,20.0,0.495,1.75,302.6,0,0.0
2975,20.0,0.512,1.65,295.5,0,0.0
2976,20.0,0.51,1.4,310.9,0,0.0
2977,20.0,0.487,1.32,297.1,0,0.0
2978,20.0,0.514,1.19,299.7,0,0.0
2979,20.0,0.5,1.65,303.1,0,0.0
2980,20.0,0.515,1.89,312.7,0,0.0
2981,20.0,0.501,1.68,292.8,0,0.0
2982,20.0,0.481,1.59,287.1,0,0.0
2983,20.0,0.5,1.01,294.7,0,0.0
2984,20.0,0.49,1.46,293.0,0,0.0
2985,20.0,0.503,1.59,288.1,0,0.0
2986,20.0,0.487,1.86,292.0,0,0.0
2987,20.0,0.494,1.62,306.6,0,0.0
2988,20.0,0.484,1.68,294.9,0,0.0
2989,20.0,0.492,1.93,314.5,0,0.0
2990,20.0,0.491,1.47,311.3,0,0.0
2991,20.0,0.513,1.16,304.8,0,0.0
2992,20.0,0.506,1.59,299.9,0,0.0
2993,20.0,0.486,1.13,301.0,0,0.0
2994,20.0,0.506,1.83,307.3,0,0.0
2995,20.0,0.5,1.76,289.0,0,0.0
2996,20.0,0.508,1.48,297.7,0,0.0
2997,20.0,0.503,1.59,314.5,0,0.0
2998,20.0,0.482,1.44,309.8,0,0.0
2999,20.0,0.501,1.1,311.5,0,0.0
3000,20.0,0.509,1.18,291.2,0,0.0
3001,20.0,0.483,1.87,296.6,0,0.0
3002,20.0,0.5,1.12,296.0,0,0.0
3003,20.0,0.489,1.86,307.3,0,0.0
3004,20.0,0.509,1.46,309.0,0,0.0
3005,20.0,0.487,1.97,307.8,0,0.0
3006,20.0,0.507,1.56,313.7,0,0.0
3007,20.0,0.512,1.95,294.6,0,0.0
3008,20.0,0.505,1.4,289.7,0,0.0
3009,20.0,0.487,1.19,311.8,0,0.0
3010,20.0,0.497,1.67,303.7,0,0.0
3011,20.0,0.494,1.32,299.4,0,0.0
3012,20.0,0.508,1.93,297.8,0,0.0
3013,20.0,0.502,1.49,311.1,0,0.0
3014,20.0,0.485,1.9,288.8,0,0.0
3015,20.0,0.508,1.59,286.1,0,0.0
3016,20.0,0.515,1.95,308.3,0,0.0
3017,20.0,0.513,1.71,290.0,0,0.0
3018,20.0,0.485,1.2,307.0,0,0.0
3019,20.0,0.483,1.12,287.5,0,0.0
3020,20.0,0.507,1.97,314.4,0,0.0
3021,20.0,0.486,1.28,302.9,0,0.0
3022,20.0,0.513,1.3,312.1,0,0.0
3023,20.0,0.49,1.38,291.1,0,0.0
3024,20.0,0.492,1.84,302.4,0,0.0
3025,20.0,0.505,1.79,296.1,0,0.0
3026,20.0,0.485,1.14,312.5,0,0.0
3027,20.0,0.503,1.58,294.9,0,0.0
3028,20.0,0.512,1.92,301.2,0,0.0
3029,20.0,0.497,1.08,299.1,0,0.0
3030,20.0,0.5,1.16,296.0,0,0.0
3031,20.0,0.49,1.0,295.6,0,0.0
3032,20.0,0.51,1.83,292.7,0,0.0
3033,20.0,0.516,1.94,314.7,0,0.0
3034,20.0,0.507,1.89,301.0,0,0.0
3035,20.0,0.492,0.94,287.5,0,0.0
3036,20.0,0.484,1.4,285.5,0,0.0
3037,20.0,0.496,0.97,295.0,0,0.0
3038,20.0,0.515,1.21,286.6,0,0.0
3039,20.0,0.518,1.23,295.1,0,0.0
3040,20.0,0.504,1.35,299.5,0,0.0
3041,20.0,0.517,1.29,288.4,0,0.0
3042,20.0,0.507,1.46,315.0,0,0.0
3043,20.0,0.502,1.47,313.7,0,0.0
3044,20.0,0.519,1.55,288.6,0,0.0
3045,20.0,0.492,1.62,287.8,0,0.0
3046,20.0,0.516,1.91,314.2,0,0.0
3047,20.0,0.52,1.39,309.4,0,0.0
3048,20.0,0.484,1.44,303.4,0,0.0
3049,20.0,0.513,1.09,294.5,0,0.0
3050,20.0,0.511,1.92,313.1,0,0.0
3051,20.0,0.505,1.46,288.5,0,0.0
3052,20.0,0.5,1.42,312.7,0,0.0
3053,20.0,0.495,1.47,309.5,0,0.0
3054,20.0,0.485,1.58,298.6,0,0.0
3055,20.0,0.487,1.47,296.9,0,0.0
3056,20.0,0.483,1.95,306.1,0,0.0
3057,20.0,0.504,1.16,299.2,0,0.0
3058,20.0,0.49,1.28,313.3,0,0.0
3059,20.0,0.502,1.93,287.7,0,0.0
3060,20.0,0.514,1.51,291.5,0,0.0
3061,20.0,0.484,1.62,302.3,0,0.0
3062,20.0,0.489,1.7,289.3,0,0.0
3063,20.0,0.481,1.73,296.0,0,0.0
3064,20.0,0.52,1.3,296.4,0,0.0
3065,20.0,0.505,1.48,305.2,0,0.0
3066,20.0,0.513,1.39,313.6,0,0.0
3067,20.0,0.486,1.0,299.5,0,0.0
3068,20.0,0.507,2.01,302.6,0,0.0
3069,20.0,0.481,1.86,299.5,0,0.0
3070,20.0,0.518,1.41,297.5,0,0.0
3071,20.0,0.515,1.64,297.8,0,0.0
3072,20.0,0.486,1.88,286.2,0,0.0
3073,20.0,0.51,1.72,297.7,0,0.0
3074,20.0,0.517,1.49,292.9,0,0.0
3075,20.0,0.495,1.9,290.0,0,0.0
3076,20.0,0.516,1.86,285.2,0,0.0
3077,20.0,0.507,2.03,306.6,0,0.0
3078,20.0,0.48,1.23,311.4,0,0.0
3079,20.0,0.505,1.21,299.5,0,0.0
3080,20.0,0.483,1.5,309.8,0,0.0
3081,20.0,0.482,1.3,298.1,0,0.0
3082,20.0,0.498,1.88,304.1,0,0.0
3083,20.0,0.517,2.0,298.7,0,0.0
3084,20.0,0.492,0.97,295.3,0,0.0
3085,20.0,0.502,1.99,314.2,0,0.0
3086,20.0,0.482,1.49,287.0,0,0.0
3087,20.0,0.49,1.18,309.3,0,0.0
3088,20.0,0.517,1.78,293.2,0,0.0
3089,20.0,0.492,0.93,288.3,0,0.0
3090,20.0,0.514,1.1,297.5,0,0.0
3091,20.0,0.511,1.43,289.0,0,0.0
3092,20.0,0.496,1.98,309.1,0,0.0
3093,20.0,0.507,1.11,311.1,0,0.0
3094,20.0,0.481,1.68,286.5,0,0.0
3095,20.0,0.481,1.22,303.3,0,0.0
3096,20.0,0.486,1.23,313.0,0,0.0
3097,20.0,0.483,1.01,296.2,0,0.0
3098,20.0,0.5,1.93,288.7,0,0.0
3099,20.0,0.518,1.71,288.7,0,0.0
3100,20.0,0.518,1.28,306.9,0,0.0
3101,20.0,0.504,1.9,286.9,0,0.0
3102,20.0,0.506,1.83,290.3,0,0.0
3103,20.0,0.489,1.03,288.3,0,0.0
3104,20.0,0.504,1.69,305.5,0,0.0
3105,20.0,0.494,1.97,301.4,0,0.0
3106,20.0,0.495,0.96,285.3,0,0.0
3107,20.0,0.494,1.63,288.9,0,0.0
3108,20.0,0.51,1.97,313.4,0,0.0
3109,20.0,0.495,1.59,304.3,0,0.0
3110,20.0,0.482,1.12,289.1,0,0.0
3111,20.0,0.516,1.76,308.3,0,0.0
3112,20.0,0.496,1.06,300.3,0,0.0
3113,20.0,0.515,1.69,311.6,0,0.0
3114,20.0,0.513,1.28,301.8,0,0.0
3115,20.0,0.493,1.59,305.3,0,0.0
3116,20.0,0.495,1.79,299.2,0,0.0
3117,20.0,0.507,1.48,304.5,0,0.0
3118,20.0,0.487,1.13,293.9,0,0.0
3119,20.0,0.517,1.72,309.6,0,0.0
3120,20.0,0.518,1.03,294.1,0,0.0
3121,20.0,0.485,1.72,303.4,0,0.0
3122,20.0,0.506,1.9,291.8,0,0.0
3123,20.0,0.509,1.28,312.0,0,0.0
3124,20.0,0.493,1.65,292.3,0,0.0
3125,20.0,0.494,1.16,291.4,0,0.0
3126,20.0,0.508,1.14,308.9,0,0.0
3127,20.0,0.491,1.85,300.2,0,0.0
3128,20.0,0.499,1.08,306.6,0,0.0
3129,20.0,0.485,1.55,292.7,0,0.0
3130,20.0,0.501,1.64,290.0,0,0.0
3131,20.0,0.5,1.05,293.6,0,0.0
3132,20.0,0.52,1.52,305.9,0,0.0
3133,20.0,0.498,1.87,295.0,0,0.0
3134,20.0,0.514,1.91,305.6,0,0.0
3135,20.0,0.491,1.65,294.6,0,0.0
3136,20.0,0.517,1.96,293.0,0,0.0
3137,20.0,0.519,1.85,307.7,0,0.0
3138,20.0,0.5,1.65,285.2,0,0.0
3139,20.0,0.502,1.72,293.0,0,0.0
3140,20.0,0.509,1.09,302.0,0,0.0
3141,20.0,0.495,1.7,285.5,0,0.0
3142,20.0,0.504,2.01,304.3,0,0.0
3143,20.0,0.5,1.9,293.2,0,0.0
3144,20.0,0.519,1.98,299.1,0,0.0
3145,20.0,0.513,1.68,290.3,0,0.0
3146,20.0,0.5,1.26,305.3,0,0.0
3147,20.0,0.489,1.63,307.9,0,0.0
3148,20.0,0.488,1.18,288.5,0,0.0
3149,20.0,0.508,1.37,299.9,0,0.0
3150,20.0,0.482,1.61,296.2,0,0.0
3151,20.0,0.497,1.42,301.9,0,0.0
3152,20.0,0.495,1.25,311.4,0,0.0
3153,20.0,0.489,1.4,304.6,0,0.0
3154,20.0,0.485,1.58,300.1,0,0.0
3155,20.0,0.499,1.87,298.0,0,0.0
3156,20.0,0.487,1.69,308.5,0,0.0
3157,20.0,0.501,1.6,300.6,0,0.0
3158,20.0,0.496,1.29,309.8,0,0.0
3159,20.0,0.519,1.58,290.3,0,0.0
3160,20.0,0.495,1.94,310.5,0,0.0
3161,20.0,0.511,1.6,307.8,0,0.0
3162,20.0,0.502,1.36,287.7,0,0.0
3163,20.0,0.491,1.17,287.0,0,0.0
3164,20.0,0.492,1.73,304.7,0,0.0
3165,20.0,0.515,1.11,301.8,0,0.0
3166,20.0,0.482,1.74,304.9,0,0.0
3167,20.0,0.506,2.01,303.4,0,0.0
3168,20.0,0.503,1.43,309.7,0,0.0
3169,20.0,0.52,1.62,295.8,0,0.0
3170,20.0,0.511,1.3,313.5,0,0.0
3171,20.0,0.489,1.93,295.5,0,0.0
3172,20.0,0.52,1.98,312.3,0,0.0
3173,20.0,0.496,1.89,301.3,0,0.0
3174,20.0,0.518,1.55,292.5,0,0.0
3175,20.0,0.501,1.47,293.4,0,0.0
3176,20.0,0.517,1.1,306.9,0,0.0
3177,20.0,0.485,1.85,292.9,0,0.0
3178,20.0,0.486,1.75,289.9,0,0.0
3179,20.0,0.508,1.21,306.0,0,0.0
3180,20.0,0.49,1.24,289.7,0,0.0
3181,20.0,0.496,1.51,290.0,0,0.0
3182,20.0,0.501,1.84,309.2,0,0.0
3183,20.0,0.5,1.63,307.8,0,0.0
3184,20.0,0.483,1.04,313.2,0,0.0
3185,20.0,0.509,1.29,304.5,0,0.0
3186,20.0,0.495,1.5,302.8,0,0.0
3187,20.0,0.517,1.78,306.5,0,0.0
3188,20.0,0.494,1.19,305.0,0,0.0
3189,20.0,0.483,1.77,311.0,0,0.0
3190,20.0,0.496,1.46,297.4,0,0.0
3191,20.0,0.519,1.92,308.9,0,0.0
3192,20.0,0.482,1.61,292.7,0,0.0
3193,20.0,0.505,1.98,301.4,0,0.0
3194,20.0,0.481,1.18,302.3,0,0.0
3195,20.0,0.492,1.06,303.8,0,0.0
3196,20.0,0.513,1.22,304.8,0,0.0
3197,20.0,0.491,1.39,314.9,0,0.0
3198,20.0,0.504,1.27,286.4,0,0.0
3199,20.0,0.519,1.95,313.0,0,0.0
3200,20.0,0.493,1.66,295.2,0,0.0
3201,20.0,0.513,1.45,309.8,0,0.0
3202,20.0,0.507,1.69,291.5,0,0.0
3203,20.0,0.5,1.21,307.1,0,0.0
3204,20.0,0.485,1.96,306.7,0,0.0
3205,20.0,0.502,1.15,289.9,0,0.0
3206,20.0,0.501,1.24,312.6,0,0.0
3207,20.0,0.511,1.01,290.2,0,0.0
3208,20.0,0.509,1.22,295.7,0,0.0
3209,20.0,0.503,1.51,287.0,0,0.0
3210,20.0,0.5,1.26,290.1,0,0.0
3211,20.0,0.492,1.01,300.1,0,0.0
3212,20.0,0.518,2.0,310.4,0,0.0
3213,20.0,0.494,1.71,299.4,0,0.0
3214,20.0,0.467,1.64,294.5,0,0.0
3215,20.0,0.531,1.8,290.6,0,0.0
3216,20.0,0.498,1.44,288.1,0,0.0
3217,20.0,0.511,1.63,283.3,0,0.0
3218,20.0,0.476,1.44,279.2,0,0.0
3219,20.0,0.451,0.92,276.8,0,0.0
3220,20.0,0.533,1.92,274.1,0,0.0
3221,20.0,0.52,1.16,270.2,0,0.0
3222,20.0,0.489,1.0,265.6,0,0.0
3223,20.0,0.48,1.63,261.7,0,0.0
3224,20.0,0.543,1.03,257.0,0,0.0
3225,20.0,0.466,1.45,252.3,0,0.0
3226,20.0,0.513,1.64,249.8,1,80.6
3227,20.0,0.458,1.28,247.3,1,79.24
3228,20.0,0.481,1.58,243.4,1,81.71
3229,20.0,0.549,0.9,241.1,1,79.55
3230,20.0,0.535,1.49,236.8,1,81.83
3231,20.0,0.486,1.52,232.9,1,81.49
3232,20.0,0.518,1.49,230.8,1,78.33
3233,20.0,0.508,0.77,226.8,1,81.26
3234,20.0,0.54,0.92,222.8,1,78.78
3235,20.0,0.538,0.9,220.0,1,79.11
3236,20.0,0.507,0.86,217.1,1,78.78
3237,20.0,0.498,1.49,212.3,1,78.86
3238,20.0,0.53,0.99,208.6,1,79.9
3239,20.0,0.507,1.33,205.9,1,80.85
3240,20.0,0.548,0.67,202.6,1,79.93
3241,20.0,0.457,1.31,198.0,1,81.85
3242,20.0,0.461,0.89,194.7,1,79.32
3243,20.0,0.514,0.79,190.0,1,80.13
3244,20.0,0.532,1.18,187.2,1,79.1
3245,20.0,0.505,1.12,183.4,1,79.29
3246,20.0,0.48,1.09,179.9,1,80.19
3247,20.0,0.512,1.01,177.5,1,81.09
3248,20.0,0.468,0.66,174.6,1,78.92
3249,20.0,0.502,0.56,169.6,1,81.49
3250,20.0,0.458,1.21,166.6,1,80.12
3251,20.0,0.513,0.35,163.8,1,81.01
3252,20.0,0.531,1.11,160.1,1,81.46
3253,20.0,0.478,0.3,155.4,1,81.0
3254,20.0,0.536,1.23,153.2,1,78.92
3255,20.0,0.464,0.82,150.5,1,81.92
3256,20.0,0.497,0.88,146.4,1,78.71
3257,20.0,0.489,0.72,142.6,1,79.86
3258,20.0,0.535,0.39,140.5,1,81.08
3259,20.0,0.494,0.2,138.2,1,78.05
3260,20.0,0.454,0.96,134.4,1,80.03
3261,20.0,0.501,0.98,129.7,1,80.55
3262,20.0,0.504,0.78,126.2,1,78.31
3263,20.0,0.464,0.88,121.9,1,81.42
3264,20.0,0.492,0.7,117.5,1,79.0
3265,20.0,0.459,0.53,113.3,1,80.1
3266,20.0,0.471,0.56,109.9,1,81.45
3267,20.0,0.475,0.64,106.5,1,79.55
3268,20.0,0.481,0.92,101.6,1,82.0
3269,20.0,0.467,0.62,98.1,1,78.47
3270,20.0,0.539,0.41,93.2,1,80.15
3271,20.0,0.515,0.15,90.9,1,79.59
3272,20.0,0.511,-0.03,86.0,1,79.9
3273,20.0,0.472,0.85,81.1,1,80.02
3274,20.0,0.469,0.11,77.1,1,80.09
3275,20.0,0.519,0.27,74.5,1,81.47
3276,20.0,0.526,0.54,71.3,1,81.03
3277,20.0,0.546,-0.03,67.1,1,80.1
3278,20.0,0.491,-0.18,63.8,1,79.82
3279,20.0,0.477,0.51,60.6,1,79.51
3280,20.0,0.542,0.44,56.9,1,80.76
3281,20.0,0.467,0.41,53.0,1,79.9
3282,20.0,0.461,0.7,50.2,1,79.44
3283,20.0,0.457,0.65,47.2,1,79.83
3284,20.0,0.459,0.17,42.9,1,79.75
3285,20.0,0.516,-0.02,40.5,1,80.36
3286,20.0,0.48,-0.03,37.1,1,79.21
3287,20.0,0.496,0.33,34.3,1,81.15
3288,20.0,0.511,0.27,31.0,1,81.08
3289,20.0,0.548,0.45,28.8,1,78.78
3290,20.0,0.473,0.37,25.5,1,78.25
3291,20.0,0.51,-0.37,21.7,1,80.46
3292,20.0,0.468,0.22,18.5,1,78.54
3293,20.0,0.462,0.12,14.2,1,79.34
3294,20.0,0.502,-0.44,10.8,1,78.63
3295,20.0,0.452,-0.44,7.8,1,78.58
3296,20.0,0.472,0.12,3.3,1,79.61
3297,20.0,0.489,0.24,0.0,1,81.85
3298,20.0,0.523,0.2,0.0,1,79.72
3299,20.0,0.528,0.39,0.0,1,81.7
3300,20.0,0.488,1.25,305.1,0,0.0
3301,20.0,0.519,1.91,290.1,0,0.0
3302,20.0,0.519,1.8,300.9,0,0.0
3303,20.0,0.5,1.2,297.6,0,0.0
3304,20.0,0.483,1.48,311.6,0,0.0
3305,20.0,0.486,1.14,296.1,0,0.0
3306,20.0,0.492,1.49,292.5,0,0.0
3307,20.0,0.498,1.52,298.1,0,0.0
3308,20.0,0.497,1.78,291.4,0,0.0
3309,20.0,0.492,1.98,314.2,0,0.0
3310,20.0,0.507,1.85,297.0,0,0.0
3311,20.0,0.481,1.02,291.6,0,0.0
3312,20.0,0.487,1.65,296.9,0,0.0
3313,20.0,0.505,1.84,309.8,0,0.0
3314,20.0,0.503,1.28,307.3,0,0.0
3315,20.0,0.498,1.6,287.8,0,0.0
3316,20.0,0.499,1.37,286.1,0,0.0
3317,20.0,0.5,1.75,300.8,0,0.0
3318,20.0,0.517,1.88,312.2,0,0.0
3319,20.0,0.491,1.81,297.3,0,0.0
3320,20.0,0.489,1.73,297.1,0,0.0
3321,20.0,0.513,1.77,288.3,0,0.0
3322,20.0,0.502,1.94,299.5,0,0.0
3323,20.0,0.505,1.53,311.8,0,0.0
3324,20.0,0.481,1.42,293.2,0,0.0
3325,20.0,0.518,1.8,295.7,0,0.0
3326,20.0,0.493,1.41,301.3,0,0.0
3327,20.0,0.503,1.11,311.9,0,0.0
3328,20.0,0.51,1.72,293.5,0,0.0
3329,20.0,0.514,1.44,310.9,0,0.0
3330,20.0,0.507,1.96,309.6,0,0.0
3331,20.0,0.502,1.01,288.9,0,0.0
3332,20.0,0.497,1.04,287.0,0,0.0
3333,20.0,0.482,1.51,289.0,0,0.0
3334,20.0,0.48,1.34,294.2,0,0.0
3335,20.0,0.491,1.75,295.5,0,0.0
3336,20.0,0.496,2.02,312.3,0,0.0
3337,20.0,0.499,2.0,309.2,0,0.0
3338,20.0,0.497,2.02,312.9,0,0.0
3339,20.0,0.51,1.81,310.5,0,0.0
3340,20.0,0.506,1.99,304.9,0,0.0
3341,20.0,0.516,1.72,295.7,0,0.0
3342,20.0,0.52,1.83,307.3,0,0.0
3343,20.0,0.506,1.62,301.6,0,0.0
3344,20.0,0.497,1.92,295.2,0,0.0
3345,20.0,0.5,1.93,296.3,0,0.0
3346,20.0,0.518,1.73,309.0,0,0.0
3347,20.0,0.495,1.47,305.0,0,0.0
3348,20.0,0.515,1.58,293.0,0,0.0
3349,20.0,0.505,1.94,289.8,0,0.0
3350,20.0,0.503,1.61,305.2,0,0.0
3351,20.0,0.496,1.93,313.7,0,0.0
3352,20.0,0.508,1.88,309.0,0,0.0
3353,20.0,0.518,1.22,310.2,0,0.0
3354,20.0,0.518,1.41,311.6,0,0.0
3355,20.0,0.503,1.1,286.8,0,0.0
3356,20.0,0.486,1.12,299.7,0,0.0
3357,20.0,0.497,1.97,300.0,0,0.0
3358,20.0,0.482,1.14,296.5,0,0.0
3359,20.0,0.482,1.95,307.8,0,0.0
3360,20.0,0.509,1.09,300.3,0,0.0
3361,20.0,0.486,1.77,303.7,0,0.0
3362,20.0,0.507,1.36,308.4,0,0.0
3363,20.0,0.484,1.28,314.6,0,0.0
3364,20.0,0.5,1.95,310.5,0,0.0
3365,20.0,0.493,1.42,299.2,0,0.0
3366,20.0,0.508,1.45,287.2,0,0.0
3367,20.0,0.513,1.55,289.0,0,0.0
3368,20.0,0.497,1.73,301.8,0,0.0
3369,20.0,0.513,1.23,295.8,0,0.0
3370,20.0,0.494,1.54,289.1,0,0.0
3371,20.0,0.493,1.24,302.1,0,0.0
3372,20.0,0.486,1.16,305.4,0,0.0
3373,20.0,0.485,1.4,311.5,0,0.0
3374,20.0,0.508,1.98,307.2,0,0.0
3375,20.0,0.515,1.91,285.9,0,0.0
3376,20.0,0.492,1.34,314.9,0,0.0
3377,20.0,0.486,1.16,299.3,0,0.0
3378,20.0,0.517,1.37,304.6,0,0.0
3379,20.0,0.489,1.19,294.5,0,0.0
3380,20.0,0.501,1.8,290.1,0,0.0
3381,20.0,0.503,1.56,314.8,0,0.0
3382,20.0,0.511,1.43,305.8,0,0.0
3383,20.0,0.507,1.13,294.2,0,0.0
3384,20.0,0.504,1.61,286.5,0,0.0
3385,20.0,0.485,1.57,287.7,0,0.0
3386,20.0,0.5,1.72,287.9,0,0.0
3387,20.0,0.49,1.78,294.8,0,0.0
3388,20.0,0.498,1.7,301.4,0,0.0
3389,20.0,0.502,1.53,302.5,0,0.0
3390,20.0,0.488,1.77,310.0,0,0.0
3391,20.0,0.505,1.89,290.4,0,0.0
3392,20.0,0.499,1.43,309.1,0,0.0
3393,20.0,0.52,1.32,304.8,0,0.0
3394,20.0,0.504,1.12,297.1,0,0.0
3395,20.0,0.506,1.25,310.7,0,0.0
3396,20.0,0.512,1.38,292.2,0,0.0
3397,20.0,0.514,1.4,294.8,0,0.0
3398,20.0,0.509,1.11,312.0,0,0.0
3399,20.0,0.508,1.21,300.4,0,0.0
3400,20.0,0.493,1.81,298.4,0,0.0
3401,20.0,0.51,1.44,314.9,0,0.0
3402,20.0,0.518,1.81,297.4,0,0.0
3403,20.0,0.485,1.74,297.4,0,0.0
3404,20.0,0.489,1.09,301.4,0,0.0
3405,20.0,0.484,1.71,300.2,0,0.0
3406,20.0,0.513,1.63,305.6,0,0.0
3407,20.0,0.492,1.97,307.3,0,0.0
3408,20.0,0.486,1.55,294.8,0,0.0
3409,20.0,0.514,1.87,285.1,0,0.0
3410,20.0,0.485,1.97,307.4,0,0.0
3411,20.0,0.488,1.43,288.1,0,0.0
3412,20.0,0.507,1.81,288.1,0,0.0
3413,20.0,0.481,1.19,313.4,0,0.0
3414,20.0,0.509,1.77,311.0,0,0.0
3415,20.0,0.491,1.34,306.7,0,0.0
3416,20.0,0.497,1.41,296.6,0,0.0
3417,20.0,0.488,1.67,295.9,0,0.0
3418,20.0,0.497,1.36,305.2,0,0.0
3419,20.0,0.493,1.24,295.1,0,0.0
3420,20.0,0.51,2.01,304.0,0,0.0
3421,20.0,0.495,1.15,291.2,0,0.0
3422,20.0,0.485,1.09,311.0,0,0.0
3423,20.0,0.515,1.58,303.8,0,0.0
3424,20.0,0.494,1.1,287.6,0,0.0
3425,20.0,0.481,1.65,298.0,0,0.0
3426,20.0,0.481,1.12,300.2,0,0.0
3427,20.0,0.515,1.29,299.5,0,0.0
3428,20.0,0.499,1.34,309.3,0,0.0
3429,20.0,0.494,1.23,299.5,0,0.0
3430,20.0,0.51,1.91,295.9,0,0.0
3431,20.0,0.481,1.84,302.4,0,0.0
3432,20.0,0.489,1.1,294.2,0,0.0
3433,20.0,0.485,1.58,300.5,0,0.0
3434,20.0,0.485,1.35,291.2,0,0.0
3435,20.0,0.486,1.8,295.0,0,0.0
3436,20.0,0.491,1.75,300.8,0,0.0
3437,20.0,0.503,1.66,299.8,0,0.0
3438,20.0,0.506,1.31,312.3,0,0.0
3439,20.0,0.503,1.98,303.7,0,0.0
3440,20.0,0.5,1.71,314.0,0,0.0
3441,20.0,0.492,1.65,290.0,0,0.0
3442,20.0,0.506,1.67,304.8,0,0.0
3443,20.0,0.519,1.86,307.3,0,0.0
3444,20.0,0.496,1.18,288.3,0,0.0
3445,20.0,0.489,1.11,312.6,0,0.0
3446,20.0,0.482,1.49,299.6,0,0.0
3447,20.0,0.502,1.16,305.5,0,0.0
3448,20.0,0.501,1.36,285.1,0,0.0
3449,20.0,0.481,1.92,309.1,0,0.0
3450,20.0,0.49,1.72,288.4,0,0.0
3451,20.0,0.507,2.0,297.6,0,0.0
3452,20.0,0.509,1.1,288.2,0,0.0
3453,20.0,0.505,1.74,295.0,0,0.0
3454,20.0,0.485,1.78,313.7,0,0.0
3455,20.0,0.497,2.03,308.0,0,0.0
3456,20.0,0.504,1.69,302.4,0,0.0
3457,20.0,0.495,1.13,303.6,0,0.0
3458,20.0,0.509,1.71,292.5,0,0.0
3459,20.0,0.498,0.98,292.1,0,0.0
3460,20.0,0.488,1.18,285.9,0,0.0
3461,20.0,0.506,1.55,302.9,0,0.0
3462,20.0,0.506,1.87,306.3,0,0.0
3463,20.0,0.515,1.98,304.9,0,0.0
3464,20.0,0.488,1.17,298.2,0,0.0
3465,20.0,0.481,1.65,288.7,0,0.0
3466,20.0,0.491,1.49,286.7,0,0.0
3467,20.0,0.488,1.12,287.0,0,0.0
3468,20.0,0.511,1.27,310.2,0,0.0
3469,20.0,0.51,1.3,302.5,0,0.0
3470,20.0,0.519,1.09,287.4,0,0.0
3471,20.0,0.499,1.74,293.6,0,0.0
3472,20.0,0.485,1.12,293.3,0,0.0
3473,20.0,0.519,1.87,307.1,0,0.0
3474,20.0,0.492,1.27,301.6,0,0.0
3475,20.0,0.508,1.67,304.5,0,0.0
3476,20.0,0.5,1.11,300.8,0,0.0
3477,20.0,0.496,1.93,311.6,0,0.0
3478,20.0,0.489,1.79,314.0,0,0.0
3479,20.0,0.487,0.99,303.1,0,0.0
3480,20.0,0.512,1.09,288.7,0,0.0
3481,20.0,0.514,2.08,313.9,0,0.0
3482,20.0,0.485,1.19,300.3,0,0.0
3483,20.0,0.494,1.87,286.6,0,0.0
3484,20.0,0.491,1.5,289.6,0,0.0
3485,20.0,0.513,1.91,285.1,0,0.0
3486,20.0,0.492,1.01,295.3,0,0.0
3487,20.0,0.483,1.2,312.7,0,0.0
3488,20.0,0.52,1.55,300.1,0,0.0
3489,20.0,0.486,1.76,311.5,0,0.0
3490,20.0,0.492,1.95,299.3,0,0.0
3491,20.0,0.489,1.12,296.9,0,0.0
3492,20.0,0.491,1.83,288.8,0,0.0
3493,20.0,0.492,1.85,311.9,0,0.0
3494,20.0,0.488,1.95,299.8,0,0.0
3495,20.0,0.499,1.74,298.0,0,0.0
3496,20.0,0.515,1.57,298.7,0,0.0
3497,20.0,0.518,1.79,295.8,0,0.0
3498,20.0,0.509,1.81,291.3,0,0.0
3499,20.0,0.495,1.98,307.5,0,0.0
3500,20.0,0.48,1.82,289.3,0,0.0
3501,20.0,0.52,1.86,304.1,0,0.0
3502,20.0,0.492,1.11,298.5,0,0.0
3503,20.0,0.494,1.1,291.3,0,0.0
3504,20.0,0.487,0.98,301.7,0,0.0
3505,20.0,0.489,1.33,289.8,0,0.0
3506,20.0,0.498,1.95,295.1,0,0.0
3507,20.0,0.492,1.7,306.8,0,0.0
3508,20.0,0.503,1.96,302.5,0,0.0
3509,20.0,0.506,1.83,308.7,0,0.0
3510,20.0,0.484,1.41,285.1,0,0.0
3511,20.0,0.502,1.91,307.8,0,0.0
3512,20.0,0.509,1.38,298.0,0,0.0
3513,20.0,0.505,1.46,293.4,0,0.0
3514,20.0,0.509,1.06,292.5,0,0.0
3515,20.0,0.497,1.53,287.9,0,0.0
3516,20.0,0.497,1.92,301.2,0,0.0
3517,20.0,0.52,1.44,299.4,0,0.0
3518,20.0,0.506,1.89,315.0,0,0.0
3519,20.0,0.481,1.85,292.3,0,0.0
3520,20.0,0.484,1.16,310.5,0,0.0
3521,20.0,0.487,1.58,288.5,0,0.0
3522,20.0,0.494,1.93,294.0,0,0.0
3523,20.0,0.49,1.95,314.4,0,0.0
3524,20.0,0.488,1.72,304.1,0,0.0
3525,20.0,0.516,1.9,314.2,0,0.0
3526,20.0,0.51,1.77,298.1,0,0.0
3527,20.0,0.497,0.98,291.2,0,0.0
3528,20.0,0.493,1.09,311.2,0,0.0
3529,20.0,0.489,1.07,300.7,0,0.0
3530,20.0,0.505,1.45,291.3,0,0.0
3531,20.0,0.502,1.78,288.4,0,0.0
3532,20.0,0.481,1.34,305.6,0,0.0
3533,20.0,0.519,1.83,310.2,0,0.0
3534,20.0,0.497,1.6,290.2,0,0.0
3535,20.0,0.516,1.86,298.8,0,0.0
3536,20.0,0.505,1.31,293.7,0,0.0
3537,20.0,0.507,1.12,285.1,0,0.0
3538,20.0,0.486,1.46,305.7,0,0.0
3539,20.0,0.507,1.23,291.5,0,0.0
3540,20.0,0.483,1.59,295.9,0,0.0
3541,20.0,0.5,1.13,299.9,0,0.0
3542,20.0,0.483,1.59,298.4,0,0.0
3543,20.0,0.489,1.02,290.5,0,0.0
3544,20.0,0.492,1.18,287.0,0,0.0
3545,20.0,0.504,0.94,285.4,0,0.0
3546,20.0,0.499,1.22,307.5,0,0.0
3547,20.0,0.487,1.44,312.8,0,0.0
3548,20.0,0.507,1.86,311.7,0,0.0
3549,20.0,0.48,1.84,289.1,0,0.0
3550,20.0,0.511,1.17,292.6,0,0.0
3551,20.0,0.513,1.8,311.5,0,0.0
3552,20.0,0.507,1.1,309.1,0,0.0
3553,20.0,0.507,1.68,314.3,0,0.0
3554,20.0,0.515,1.56,305.1,0,0.0
3555,20.0,0.507,1.29,294.2,0,0.0
3556,20.0,0.518,1.45,309.0,0,0.0
3557,20.0,0.497,1.46,296.3,0,0.0
3558,20.0,0.515,1.97,301.3,0,0.0
3559,20.0,0.497,1.64,314.4,0,0.0
3560,20.0,0.517,1.26,299.8,0,0.0
3561,20.0,0.511,1.67,311.1,0,0.0
3562,20.0,0.491,1.39,286.0,0,0.0
3563,20.0,0.498,1.37,305.6,0,0.0
3564,20.0,0.498,1.7,306.3,0,0.0
3565,20.0,0.511,2.01,304.3,0,0.0
3566,20.0,0.488,1.1,285.7,0,0.0
3567,20.0,0.483,1.1,311.7,0,0.0
3568,20.0,0.5,1.96,302.9,0,0.0
3569,20.0,0.498,1.8,285.8,0,0.0
3570,20.0,0.493,1.32,294.0,0,0.0
3571,20.0,0.509,1.61,313.9,0,0.0
3572,20.0,0.485,1.83,302.8,0,0.0
3573,20.0,0.505,1.25,309.6,0,0.0
3574,20.0,0.491,1.85,291.6,0,0.0
3575,20.0,0.507,1.43,295.9,0,0.0
3576,20.0,0.483,1.64,313.0,0,0.0
3577,20.0,0.515,1.5,295.5,0,0.0
3578,20.0,0.485,1.19,311.1,0,0.0
3579,20.0,0.52,2.03,309.1,0,0.0
3580,20.0,0.508,1.69,289.4,0,0.0
3581,20.0,0.491,1.27,296.7,0,0.0
3582,20.0,0.497,1.75,287.6,0,0.0
3583,20.0,0.491,1.12,300.1,0,0.0
3584,20.0,0.513,1.1,285.0,0,0.0
3585,20.0,0.519,2.0,302.6,0,0.0
3586,20.0,0.491,1.65,306.4,0,0.0
3587,20.0,0.514,1.6,308.8,0,0.0
3588,20.0,0.498,1.61,304.3,0,0.0
3589,20.0,0.491,1.9,300.8,0,0.0
3590,20.0,0.5,1.63,290.3,0,0.0
3591,20.0,0.52,1.16,296.2,0,0.0
3592,20.0,0.49,1.68,286.4,0,0.0
3593,20.0,0.512,1.52,303.3,0,0.0
3594,20.0,0.489,1.49,307.8,0,0.0
3595,20.0,0.515,1.31,294.1,0,0.0
3596,20.0,0.483,1.74,313.3,0,0.0
3597,20.0,0.49,1.66,314.2,0,0.0
3598,20.0,0.488,1.87,314.8,0,0.0
3599,20.0,0.509,1.52,302.0,0,0.0
3600,20.0,0.485,1.88,286.0,0,0.0
3601,20.0,0.484,1.77,297.6,0,0.0
3602,20.0,0.503,1.59,304.1,0,0.0
3603,20.0,0.505,1.28,307.9,0,0.0
3604,20.0,0.502,1.42,305.6,0,0.0
3605,20.0,0.504,1.88,302.9,0,0.0
3606,20.0,0.485,1.57,289.4,0,0.0
3607,20.0,0.499,1.89,305.0,0,0.0
3608,20.0,0.497,1.49,286.5,0,0.0
3609,20.0,0.49,1.58,293.5,0,0.0
3610,20.0,0.484,1.01,306.3,0,0.0
3611,20.0,0.486,1.83,288.7,0,0.0
3612,20.0,0.492,1.8,302.0,0,0.0
3613,20.0,0.49,1.58,300.4,0,0.0
3614,20.0,0.516,1.8,288.9,0,0.0
3615,20.0,0.507,1.0,292.3,0,0.0
3616,20.0,0.511,1.36,311.4,0,0.0
3617,20.0,0.483,1.75,285.5,0,0.0
3618,20.0,0.512,1.12,302.6,0,0.0
3619,20.0,0.492,1.82,313.5,0,0.0
3620,20.0,0.499,1.1,310.1,0,0.0
3621,20.0,0.495,1.91,313.2,0,0.0
3622,20.0,0.51,1.38,312.8,0,0.0
3623,20.0,0.507,1.12,298.9,0,0.0
3624,20.0,0.515,1.98,301.3,0,0.0
3625,20.0,0.48,1.85,301.7,0,0.0
3626,20.0,0.494,0.99,286.7,0,0.0
3627,20.0,0.494,1.31,302.0,0,0.0
3628,20.0,0.501,1.43,289.5,0,0.0
3629,20.0,0.49,1.5,301.6,0,0.0
3630,20.0,0.505,1.08,291.7,0,0.0
3631,20.0,0.505,1.87,294.3,0,0.0
3632,20.0,0.483,1.94,306.8,0,0.0
3633,20.0,0.489,1.88,306.2,0,0.0
3634,20.0,0.511,1.2,298.5,0,0.0
3635,20.0,0.503,1.78,301.1,0,0.0
3636,20.0,0.505,1.17,296.3,0,0.0
3637,20.0,0.509,1.72,303.6,0,0.0
3638,20.0,0.5,1.2,302.3,0,0.0
3639,20.0,0.484,0.95,296.0,0,0.0
3640,20.0,0.497,1.39,295.1,0,0.0
3641,20.0,0.516,1.4,289.6,0,0.0
3642,20.0,0.497,1.78,307.2,0,0.0
3643,20.0,0.493,1.15,289.6,0,0.0
3644,20.0,0.496,1.5,287.7,0,0.0
3645,20.0,0.496,1.58,306.7,0,0.0
3646,20.0,0.504,1.14,285.7,0,0.0
3647,20.0,0.503,1.78,307.8,0,0.0
3648,20.0,0.509,1.27,300.3,0,0.0
3649,20.0,0.489,1.2,285.2,0,0.0
3650,20.0,0.508,1.92,308.4,0,0.0
3651,20.0,0.504,1.8,290.0,0,0.0
3652,20.0,0.488,1.58,311.4,0,0.0
3653,20.0,0.494,1.89,310.4,0,0.0
3654,20.0,0.516,1.45,291.4,0,0.0
3655,20.0,0.489,1.13,289.4,0,0.0
3656,20.0,0.499,1.72,294.0,0,0.0
3657,20.0,0.486,1.69,290.7,0,0.0
3658,20.0,0.507,1.56,288.7,0,0.0
3659,20.0,0.517,1.02,287.8,0,0.0
3660,20.0,0.482,1.64,295.3,0,0.0
3661,20.0,0.487,1.44,302.3,0,0.0
3662,20.0,0.504,1.55,290.0,0,0.0
3663,20.0,0.501,1.21,308.2,0,0.0
3664,20.0,0.514,1.35,286.1,0,0.0
3665,20.0,0.51,1.73,304.5,0,0.0
3666,20.0,0.492,1.85,287.2,0,0.0
3667,20.0,0.507,1.37,310.6,0,0.0
3668,20.0,0.518,1.65,290.7,0,0.0
3669,20.0,0.48,1.88,290.2,0,0.0
3670,20.0,0.494,1.77,309.9,0,0.0
3671,20.0,0.508,1.38,296.0,0,0.0
3672,20.0,0.499,1.25,301.6,0,0.0
3673,20.0,0.488,1.38,286.3,0,0.0
3674,20.0,0.519,1.35,307.8,0,0.0
3675,20.0,0.496,1.79,311.8,0,0.0
3676,20.0,0.496,1.88,289.6,0,0.0
3677,20.0,0.489,1.59,313.1,0,0.0
3678,20.0,0.511,1.15,305.3,0,0.0
3679,20.0,0.482,1.18,298.5,0,0.0
3680,20.0,0.519,1.76,308.5,0,0.0
3681,20.0,0.509,1.63,293.0,0,0.0
3682,20.0,0.498,1.71,291.2,0,0.0
3683,20.0,0.488,1.5,295.3,0,0.0
3684,20.0,0.502,1.79,314.3,0,0.0
3685,20.0,0.518,1.42,287.1,0,0.0
3686,20.0,0.508,1.23,299.6,0,0.0
3687,20.0,0.491,1.87,290.1,0,0.0
3688,20.0,0.49,1.91,287.4,0,0.0
3689,20.0,0.494,1.58,290.3,0,0.0
3690,20.0,0.506,1.53,314.2,0,0.0
3691,20.0,0.519,1.05,291.0,0,0.0
3692,20.0,0.496,1.84,313.0,0,0.0
3693,20.0,0.497,1.42,297.9,0,0.0
3694,20.0,0.513,1.23,302.3,0,0.0
3695,20.0,0.493,1.41,313.8,0,0.0
3696,20.0,0.482,1.78,313.6,0,0.0
3697,20.0,0.495,0.98,295.1,0,0.0
3698,20.0,0.499,1.21,298.1,0,0.0
3699,20.0,0.502,1.33,285.6,0,0.0
3700,20.0,0.514,1.81,295.5,0,0.0
3701,20.0,0.516,1.77,288.6,0,0.0
3702,20.0,0.514,1.52,288.2,0,0.0
3703,20.0,0.506,1.95,301.5,0,0.0
3704,20.0,0.509,1.43,310.5,0,0.0
3705,20.0,0.518,1.26,290.7,0,0.0
3706,20.0,0.503,1.4,312.7,0,0.0
3707,20.0,0.496,1.36,304.3,0,0.0
3708,20.0,0.514,1.67,301.7,0,0.0
3709,20.0,0.497,1.22,285.2,0,0.0
3710,20.0,0.496,1.6,297.5,0,0.0
3711,20.0,0.5,1.95,303.7,0,0.0
3712,20.0,0.499,1.28,297.0,0,0.0
3713,20.0,0.486,1.05,306.7,0,0.0
3714,20.0,0.486,1.98,309.9,0,0.0
3715,20.0,0.497,0.98,297.3,0,0.0
3716,20.0,0.51,1.97,299.0,0,0.0
3717,20.0,0.488,1.46,291.6,0,0.0
3718,20.0,0.51,1.65,296.2,0,0.0
3719,20.0,0.494,1.86,287.3,0,0.0
3720,20.0,0.503,1.2,287.9,0,0.0
3721,20.0,0.492,1.51,308.2,0,0.0
3722,20.0,0.498,1.35,302.5,0,0.0
3723,20.0,0.52,1.22,294.6,0,0.0
3724,20.0,0.485,1.46,310.7,0,0.0
3725,20.0,0.502,1.11,311.0,0,0.0
3726,20.0,0.496,1.26,287.4,0,0.0
3727,20.0,0.488,1.8,310.4,0,0.0
3728,20.0,0.486,1.26,296.4,0,0.0
3729,20.0,0.491,1.48,294.2,0,0.0
3730,20.0,0.507,1.34,314.7,0,0.0
3731,20.0,0.514,1.5,298.7,0,0.0
3732,20.0,0.501,1.28,290.1,0,0.0
3733,20.0,0.519,1.69,296.4,0,0.0
3734,20.0,0.495,1.16,312.2,0,0.0
3735,20.0,0.517,1.69,301.5,0,0.0
3736,20.0,0.505,1.1,290.6,0,0.0
3737,20.0,0.498,1.39,293.2,0,0.0
3738,20.0,0.5,1.96,304.2,0,0.0
3739,20.0,0.5,1.71,293.4,0,0.0
3740,20.0,0.496,1.76,311.2,0,0.0
3741,20.0,0.494,2.02,308.4,0,0.0
3742,20.0,0.514,1.78,304.3,0,0.0
3743,20.0,0.497,1.98,311.9,0,0.0
3744,20.0,0.511,1.82,311.2,0,0.0
3745,20.0,0.505,1.53,287.4,0,0.0
3746,20.0,0.501,1.93,311.0,0,0.0
3747,20.0,0.482,1.51,289.6,0,0.0
3748,20.0,0.516,1.8,308.8,0,0.0
3749,20.0,0.495,1.82,286.8,0,0.0
3750,20.0,0.518,1.97,308.6,0,0.0
3751,20.0,0.519,1.14,303.1,0,0.0
3752,20.0,0.489,1.94,301.1,0,0.0
3753,20.0,0.496,1.97,296.8,0,0.0
3754,20.0,0.516,1.88,288.2,0,0.0
3755,20.0,0.511,1.41,295.9,0,0.0
3756,20.0,0.511,1.83,308.9,0,0.0
3757,20.0,0.496,1.55,314.2,0,0.0
3758,20.0,0.484,1.67,315.0,0,0.0
3759,20.0,0.501,1.34,309.5,0,0.0
3760,20.0,0.519,1.13,306.6,0,0.0
3761,20.0,0.519,1.8,300.8,0,0.0
3762,20.0,0.514,1.55,291.0,0,0.0
3763,20.0,0.495,1.3,305.6,0,0.0
3764,20.0,0.493,1.68,309.5,0,0.0
3765,20.0,0.485,1.06,294.4,0,0.0
3766,20.0,0.514,1.76,286.0,0,0.0
3767,20.0,0.492,1.42,298.5,0,0.0
3768,20.0,0.507,1.59,286.2,0,0.0
3769,20.0,0.484,1.74,307.0,0,0.0
3770,20.0,0.506,1.62,297.7,0,0.0
3771,20.0,0.482,1.74,290.4,0,0.0
3772,20.0,0.494,1.74,290.2,0,0.0
3773,20.0,0.515,1.33,305.3,0,0.0
3774,20.0,0.487,1.72,301.7,0,0.0
3775,20.0,0.481,1.9,305.4,0,0.0
3776,20.0,0.52,1.68,295.3,0,0.0
3777,20.0,0.502,1.15,295.1,0,0.0
3778,20.0,0.486,1.22,302.3,0,0.0
3779,20.0,0.481,1.12,285.0,0,0.0
3780,20.0,0.488,1.08,290.3,0,0.0
3781,20.0,0.509,1.0,287.9,0,0.0
3782,20.0,0.489,1.58,285.4,0,0.0
3783,20.0,0.498,1.65,311.8,0,0.0
3784,20.0,0.487,1.4,304.0,0,0.0
3785,20.0,0.488,1.75,310.8,0,0.0
3786,20.0,0.513,1.22,312.6,0,0.0
3787,20.0,0.504,1.73,307.7,0,0.0
3788,20.0,0.52,1.39,294.8,0,0.0
3789,20.0,0.492,1.39,306.8,0,0.0
3790,20.0,0.51,1.68,303.0,0,0.0
3791,20.0,0.514,1.04,287.3,0,0.0
3792,20.0,0.513,1.12,299.0,0,0.0
3793,20.0,0.491,1.25,285.9,0,0.0
3794,20.0,0.486,1.52,292.9,0,0.0
3795,20.0,0.492,1.4,306.7,0,0.0
3796,20.0,0.5,1.63,308.5,0,0.0
3797,20.0,0.494,0.99,291.9,0,0.0
3798,20.0,0.515,1.62,292.3,0,0.0
3799,20.0,0.506,1.09,308.7,0,0.0
3800,20.0,0.484,1.2,294.8,0,0.0
3801,20.0,0.494,1.85,308.7,0,0.0
3802,20.0,0.502,1.67,286.5,0,0.0
3803,20.0,0.495,2.0,303.5,0,0.0
3804,20.0,0.516,1.27,300.2,0,0.0
3805,20.0,0.482,1.19,296.3,0,0.0
3806,20.0,0.499,1.29,311.3,0,0.0
3807,20.0,0.482,1.82,309.3,0,0.0
3808,20.0,0.5,1.0,295.6,0,0.0
3809,20.0,0.499,1.15,310.4,0,0.0
3810,20.0,0.505,1.35,291.1,0,0.0
3811,20.0,0.508,1.76,312.5,0,0.0
3812,20.0,0.502,1.95,288.8,0,0.0
3813,20.0,0.498,1.83,286.7,0,0.0
3814,20.0,0.489,1.89,313.3,0,0.0
3815,20.0,0.514,1.98,314.2,0,0.0
3816,20.0,0.484,1.21,296.5,0,0.0
3817,20.0,0.511,1.28,293.5,0,0.0
3818,20.0,0.498,1.31,296.7,0,0.0
3819,20.0,0.497,1.95,312.2,0,0.0
3820,20.0,0.494,1.69,298.5,0,0.0
3821,20.0,0.506,1.84,292.4,0,0.0
3822,20.0,0.5,1.97,296.6,0,0.0
3823,20.0,0.498,1.94,313.1,0,0.0
3824,20.0,0.489,1.71,287.1,0,0.0
3825,20.0,0.507,1.13,310.8,0,0.0
3826,20.0,0.484,1.63,287.8,0,0.0
3827,20.0,0.491,1.07,308.4,0,0.0
3828,20.0,0.498,1.54,290.1,0,0.0
3829,20.0,0.52,1.54,299.0,0,0.0
3830,20.0,0.509,1.17,302.0,0,0.0
3831,20.0,0.481,1.77,292.4,0,0.0
3832,20.0,0.489,1.84,300.0,0,0.0
3833,20.0,0.52,1.35,293.5,0,0.0
3834,20.0,0.501,1.79,306.6,0,0.0
3835,20.0,0.503,1.49,295.0,0,0.0
3836,20.0,0.501,1.58,314.8,0,0.0
3837,20.0,0.483,1.68,298.0,0,0.0
3838,20.0,0.499,1.78,296.5,0,0.0
3839,20.0,0.506,1.28,291.4,0,0.0
3840,20.0,0.507,1.71,309.7,0,0.0
3841,20.0,0.49,1.39,308.6,0,0.0
3842,20.0,0.511,1.51,287.4,0,0.0
3843,20.0,0.506,1.39,296.8,0,0.0
3844,20.0,0.494,1.33,300.9,0,0.0
3845,20.0,0.515,1.52,295.9,0,0.0
3846,20.0,0.487,1.17,295.4,0,0.0
3847,20.0,0.51,1.33,289.8,0,0.0
3848,20.0,0.485,1.6,295.4,0,0.0
3849,20.0,0.513,1.43,308.7,0,0.0
3850,20.0,0.499,1.38,287.3,0,0.0
3851,20.0,0.494,1.02,296.2,0,0.0
3852,20.0,0.513,1.85,301.1,0,0.0
3853,20.0,0.5,1.08,301.9,0,0.0
3854,20.0,0.498,1.37,292.1,0,0.0
3855,20.0,0.481,1.38,286.3,0,0.0
3856,20.0,0.486,1.36,311.0,0,0.0
3857,20.0,0.495,1.43,311.6,0,0.0
3858,20.0,0.507,1.73,299.2,0,0.0
3859,20.0,0.513,1.45,291.6,0,0.0
3860,20.0,0.494,1.42,285.2,0,0.0
3861,20.0,0.495,1.9,297.6,0,0.0
3862,20.0,0.495,1.94,295.1,0,0.0
3863,20.0,0.495,1.52,304.5,0,0.0
3864,20.0,0.493,1.68,309.4,0,0.0
3865,20.0,0.507,1.0,294.4,0,0.0
3866,20.0,0.499,1.78,300.2,0,0.0
3867,20.0,0.501,1.7,313.8,0,0.0
3868,20.0,0.498,1.12,295.8,0,0.0
3869,20.0,0.508,1.82,303.7,0,0.0
3870,20.0,0.5,1.88,309.3,0,0.0
3871,20.0,0.514,1.92,307.5,0,0.0
3872,20.0,0.515,1.34,289.3,0,0.0
3873,20.0,0.509,1.14,314.3,0,0.0
3874,20.0,0.512,1.28,300.1,0,0.0
3875,20.0,0.497,1.32,314.4,0,0.0
3876,20.0,0.498,1.85,290.3,0,0.0
3877,20.0,0.512,1.32,309.7,0,0.0
3878,20.0,0.509,1.15,310.0,0,0.0
3879,20.0,0.511,1.79,298.8,0,0.0
3880,20.0,0.505,1.9,285.0,0,0.0
3881,20.0,0.514,1.49,285.1,0,0.0
3882,20.0,0.498,1.05,288.4,0,0.0
3883,20.0,0.488,1.13,308.5,0,0.0
3884,20.0,0.509,1.73,291.1,0,0.0
3885,20.0,0.492,1.14,306.4,0,0.0
3886,20.0,0.505,1.4,300.0,0,0.0
3887,20.0,0.509,1.13,294.7,0,0.0
3888,20.0,0.48,1.3,307.1,0,0.0
3889,20.0,0.507,1.91,302.9,0,0.0
3890,20.0,0.503,1.6,285.1,0,0.0
3891,20.0,0.49,1.67,314.5,0,0.0
3892,20.0,0.512,1.25,302.2,0,0.0
3893,20.0,0.488,1.4,296.6,0,0.0
3894,20.0,0.5,1.7,307.2,0,0.0
3895,20.0,0.501,1.57,292.8,0,0.0
3896,20.0,0.487,1.49,288.0,0,0.0
3897,20.0,0.517,1.75,292.2,0,0.0
3898,20.0,0.518,1.34,308.0,0,0.0
3899,20.0,0.514,1.19,291.4,0,0.0
3900,20.0,0.505,1.27,299.3,0,0.0
3901,20.0,0.509,1.93,314.7,0,0.0
3902,20.0,0.513,1.21,285.0,0,0.0
3903,20.0,0.485,1.21,286.8,0,0.0
3904,20.0,0.49,1.91,298.8,0,0.0
3905,20.0,0.516,1.54,311.7,0,0.0
3906,20.0,0.491,1.93,308.4,0,0.0
3907,20.0,0.505,1.65,303.1,0,0.0
3908,20.0,0.517,2.06,304.9,0,0.0
3909,20.0,0.501,1.96,291.9,0,0.0
3910,20.0,0.493,1.8,304.0,0,0.0
3911,20.0,0.501,1.55,299.8,0,0.0
3912,20.0,0.514,1.24,301.6,0,0.0
3913,20.0,0.486,1.8,297.3,0,0.0
3914,20.0,0.519,2.04,303.4,0,0.0
3915,20.0,0.516,1.88,296.0,0,0.0
3916,20.0,0.489,1.86,307.1,0,0.0
3917,20.0,0.489,1.51,313.9,0,0.0
3918,20.0,0.504,1.29,287.3,0,0.0
3919,20.0,0.515,1.18,312.7,0,0.0
3920,20.0,0.496,1.51,285.6,0,0.0
3921,20.0,0.507,1.24,306.2,0,0.0
3922,20.0,0.498,1.95,307.0,0,0.0
3923,20.0,0.491,1.45,308.6,0,0.0
3924,20.0,0.505,1.92,304.7,0,0.0
3925,20.0,0.518,1.56,299.6,0,0.0
3926,20.0,0.512,1.13,289.5,0,0.0
3927,20.0,0.51,1.55,286.9,0,0.0
3928,20.0,0.515,1.6,308.9,0,0.0
3929,20.0,0.503,1.41,314.8,0,0.0
3930,20.0,0.508,1.95,307.1,0,0.0
3931,20.0,0.509,1.21,294.4,0,0.0
3932,20.0,0.489,1.76,312.9,0,0.0
3933,20.0,0.518,1.28,305.7,0,0.0
3934,20.0,0.505,1.07,305.3,0,0.0
3935,20.0,0.502,1.96,310.4,0,0.0
3936,20.0,0.519,1.28,312.6,0,0.0
3937,20.0,0.49,1.88,310.5,0,0.0
3938,20.0,0.497,1.53,302.9,0,0.0
3939,20.0,0.488,1.83,294.8,0,0.0
3940,20.0,0.519,1.1,306.8,0,0.0
3941,20.0,0.496,1.66,287.9,0,0.0
3942,20.0,0.514,1.76,295.9,0,0.0
3943,20.0,0.49,1.58,294.4,0,0.0
3944,20.0,0.515,1.23,300.9,0,0.0
3945,20.0,0.503,1.21,308.1,0,0.0
3946,20.0,0.499,1.84,288.5,0,0.0
3947,20.0,0.507,1.96,308.9,0,0.0
3948,20.0,0.516,2.09,312.9,0,0.0
3949,20.0,0.5,1.88,307.8,0,0.0
3950,20.0,0.516,1.34,299.5,0,0.0
3951,20.0,0.485,1.17,290.7,0,0.0
3952,20.0,0.495,1.44,294.6,0,0.0
3953,20.0,0.516,1.59,286.4,0,0.0
3954,20.0,0.493,1.59,287.7,0,0.0
3955,20.0,0.485,1.87,285.9,0,0.0
3956,20.0,0.499,1.23,311.2,0,0.0
3957,20.0,0.485,1.15,302.3,0,0.0
3958,20.0,0.491,1.6,299.6,0,0.0
3959,20.0,0.49,1.45,286.7,0,0.0
3960,20.0,0.498,1.91,313.6,0,0.0
3961,20.0,0.483,1.46,293.9,0,0.0
3962,20.0,0.494,0.99,299.3,0,0.0
3963,20.0,0.492,1.75,294.0,0,0.0
3964,20.0,0.511,1.23,306.3,0,0.0
3965,20.0,0.487,1.26,308.2,0,0.0
3966,20.0,0.509,1.92,296.2,0,0.0
3967,20.0,0.494,1.88,307.3,0,0.0
3968,20.0,0.512,1.89,308.4,0,0.0
3969,20.0,0.515,1.41,303.9,0,0.0
3970,20.0,0.516,1.94,300.3,0,0.0
3971,20.0,0.509,1.72,312.3,0,0.0
3972,20.0,0.506,1.83,286.4,0,0.0
3973,20.0,0.515,1.03,286.1,0,0.0
3974,20.0,0.502,1.23,290.2,0,0.0
3975,20.0,0.494,1.41,304.6,0,0.0
3976,20.0,0.494,1.01,292.3,0,0.0
3977,20.0,0.517,1.1,304.0,0,0.0
3978,20.0,0.519,1.51,301.3,0,0.0
3979,20.0,0.5,1.55,306.6,0,0.0
3980,20.0,0.498,1.43,295.7,0,0.0
3981,20.0,0.511,1.12,313.8,0,0.0
3982,20.0,0.483,1.35,305.2,0,0.0
3983,20.0,0.51,1.33,306.4,0,0.0
3984,20.0,0.515,1.44,288.4,0,0.0
3985,20.0,0.505,1.82,300.9,0,0.0
3986,20.0,0.49,1.81,298.0,0,0.0
3987,20.0,0.492,1.22,297.8,0,0.0
3988,20.0,0.514,1.37,303.3,0,0.0
3989,20.0,0.487,1.47,312.2,0,0.0
3990,20.0,0.487,1.69,302.3,0,0.0
3991,20.0,0.503,1.05,296.1,0,0.0
3992,20.0,0.518,1.91,309.8,0,0.0
3993,20.0,0.498,1.98,301.2,0,0.0
3994,20.0,0.481,1.44,312.0,0,0.0
3995,20.0,0.519,1.27,291.3,0,0.0
3996,20.0,0.494,1.45,306.6,0,0.0
3997,20.0,0.513,1.27,301.9,0,0.0
3998,20.0,0.494,2.01,306.6,0,0.0
3999,20.0,0.511,1.36,311.0,0,0.0
4000,20.0,0.517,1.37,309.4,0,0.0
4001,20.0,0.497,1.42,290.4,0,0.0
4002,20.0,0.51,1.84,312.7,0,0.0
4003,20.0,0.52,1.84,308.4,0,0.0
4004,20.0,0.519,1.72,314.7,0,0.0
4005,20.0,0.481,1.57,305.9,0,0.0
4006,20.0,0.481,1.79,287.4,0,0.0
4007,20.0,0.495,1.06,314.0,0,0.0
4008,20.0,0.504,1.08,305.1,0,0.0
4009,20.0,0.493,1.45,313.7,0,0.0
4010,20.0,0.508,1.25,298.0,0,0.0
4011,20.0,0.51,1.39,295.8,0,0.0
4012,20.0,0.504,1.31,304.3,0,0.0
4013,20.0,0.491,1.12,287.8,0,0.0
4014,20.0,0.501,1.76,299.9,0,0.0
4015,20.0,0.489,1.22,290.7,0,0.0
4016,20.0,0.492,1.99,303.1,0,0.0
4017,20.0,0.492,1.39,290.5,0,0.0
4018,20.0,0.508,1.27,308.3,0,0.0
4019,20.0,0.485,1.37,291.1,0,0.0
4020,20.0,0.514,1.65,297.1,0,0.0
4021,20.0,0.507,1.15,291.7,0,0.0
4022,20.0,0.487,1.46,301.8,0,0.0
4023,20.0,0.495,1.1,314.2,0,0.0
4024,20.0,0.501,1.48,295.8,0,0.0
4025,20.0,0.484,1.3,305.7,0,0.0
4026,20.0,0.484,1.33,301.4,0,0.0
4027,20.0,0.483,1.37,308.0,0,0.0
4028,20.0,0.492,1.05,301.5,0,0.0
4029,20.0,0.498,1.89,308.6,0,0.0
4030,20.0,0.485,1.97,313.8,0,0.0
4031,20.0,0.486,1.59,300.6,0,0.0
4032,20.0,0.517,1.82,312.0,0,0.0
4033,20.0,0.491,1.25,300.4,0,0.0
4034,20.0,0.484,1.11,291.2,0,0.0
4035,20.0,0.487,1.11,291.9,0,0.0
4036,20.0,0.489,1.53,301.7,0,0.0
4037,20.0,0.487,1.22,290.9,0,0.0
4038,20.0,0.51,1.88,299.2,0,0.0
4039,20.0,0.515,1.14,294.1,0,0.0
4040,20.0,0.501,1.39,295.7,0,0.0
4041,20.0,0.508,1.3,291.3,0,0.0
4042,20.0,0.487,1.31,294.6,0,0.0
4043,20.0,0.502,1.77,300.2,0,0.0
4044,20.0,0.485,1.43,302.1,0,0.0
4045,20.0,0.512,1.81,296.5,0,0.0
4046,20.0,0.514,1.85,287.2,0,0.0
4047,20.0,0.489,1.21,307.2,0,0.0
4048,20.0,0.502,1.96,310.9,0,0.0
4049,20.0,0.515,1.18,304.5,0,0.0
4050,20.0,0.496,1.66,310.6,0,0.0
4051,20.0,0.502,1.43,305.4,0,0.0
4052,20.0,0.518,1.18,308.3,0,0.0
4053,20.0,0.505,1.34,287.5,0,0.0
4054,20.0,0.513,1.24,299.9,0,0.0
4055,20.0,0.501,1.84,301.1,0,0.0
4056,20.0,0.512,1.95,295.5,0,0.0
4057,20.0,0.482,1.66,309.6,0,0.0
4058,20.0,0.499,1.68,287.0,0,0.0
4059,20.0,0.514,1.41,312.9,0,0.0
4060,20.0,0.501,1.93,295.2,0,0.0
4061,20.0,0.484,1.71,291.8,0,0.0
4062,20.0,0.493,1.56,307.0,0,0.0
4063,20.0,0.52,1.34,309.4,0,0.0
4064,20.0,0.504,1.85,296.1,0,0.0
4065,20.0,0.49,1.29,305.3,0,0.0
4066,20.0,0.487,1.53,311.3,0,0.0
4067,20.0,0.492,1.83,301.7,0,0.0
4068,20.0,0.516,1.23,308.5,0,0.0
4069,20.0,0.497,1.35,294.4,0,0.0
4070,20.0,0.507,2.02,309.3,0,0.0
4071,20.0,0.498,1.16,287.0,0,0.0
4072,20.0,0.489,1.67,295.4,0,0.0
4073,20.0,0.491,1.7,312.3,0,0.0
4074,20.0,0.482,1.52,305.2,0,0.0
4075,20.0,0.507,2.0,315.0,0,0.0
4076,20.0,0.496,0.95,292.5,0,0.0
4077,20.0,0.519,1.69,303.1,0,0.0
4078,20.0,0.517,2.04,307.5,0,0.0
4079,20.0,0.485,1.83,314.0,0,0.0
4080,20.0,0.48,1.9,300.2,0,0.0
4081,20.0,0.483,1.26,299.0,0,0.0
4082,20.0,0.497,1.86,294.0,0,0.0
4083,20.0,0.51,1.96,301.7,0,0.0
4084,20.0,0.491,1.62,307.2,0,0.0
4085,20.0,0.485,1.66,293.9,0,0.0
4086,20.0,0.52,1.45,307.4,0,0.0
4087,20.0,0.51,1.66,297.4,0,0.0
4088,20.0,0.485,1.64,310.7,0,0.0
4089,20.0,0.508,1.75,286.0,0,0.0
4090,20.0,0.5,1.9,306.2,0,0.0
4091,20.0,0.505,1.86,294.4,0,0.0
4092,20.0,0.513,1.28,297.3,0,0.0
4093,20.0,0.497,1.25,285.5,0,0.0
4094,20.0,0.518,1.58,289.7,0,0.0
4095,20.0,0.512,1.46,313.3,0,0.0
4096,20.0,0.496,1.16,295.4,0,0.0
4097,20.0,0.517,1.61,290.9,0,0.0
4098,20.0,0.512,2.05,310.4,0,0.0
4099,20.0,0.508,1.19,302.3,0,0.0
4100,20.0,0.488,1.66,297.3,0,0.0
4101,20.0,0.504,1.66,309.7,0,0.0
4102,20.0,0.501,1.25,312.8,0,0.0
4103,20.0,0.51,2.01,313.5,0,0.0
4104,20.0,0.5,1.81,295.4,0,0.0
4105,20.0,0.507,1.77,310.2,0,0.0
4106,20.0,0.483,1.56,299.1,0,0.0
4107,20.0,0.496,1.33,286.0,0,0.0
4108,20.0,0.508,1.99,310.7,0,0.0
4109,20.0,0.487,1.44,299.6,0,0.0
4110,20.0,0.515,1.47,289.5,0,0.0
4111,20.0,0.498,1.91,288.4,0,0.0
4112,20.0,0.487,1.56,292.4,0,0.0
4113,20.0,0.487,1.76,309.2,0,0.0
4114,20.0,0.513,1.66,286.8,0,0.0
4115,20.0,0.489,1.24,298.6,0,0.0
4116,20.0,0.483,1.85,302.9,0,0.0
4117,20.0,0.486,1.0,303.9,0,0.0
4118,20.0,0.516,1.8,304.8,0,0.0
4119,20.0,0.496,1.96,303.1,0,0.0
4120,20.0,0.482,1.89,302.7,0,0.0
4121,20.0,0.486,1.77,307.4,0,0.0
4122,20.0,0.508,1.4,293.2,0,0.0
4123,20.0,0.48,1.24,310.0,0,0.0
4124,20.0,0.495,1.07,301.4,0,0.0
4125,20.0,0.519,1.18,297.3,0,0.0
4126,20.0,0.499,1.98,302.4,0,0.0
4127,20.0,0.498,1.46,300.2,0,0.0
4128,20.0,0.503,1.12,309.8,0,0.0
4129,20.0,0.486,1.43,286.3,0,0.0
4130,20.0,0.511,2.03,309.8,0,0.0
4131,20.0,0.504,1.64,297.9,0,0.0
4132,20.0,0.485,1.74,298.7,0,0.0
4133,20.0,0.511,1.5,293.7,0,0.0
4134,20.0,0.502,1.45,305.3,0,0.0
4135,20.0,0.503,1.35,304.9,0,0.0
4136,20.0,0.501,1.93,295.3,0,0.0
4137,20.0,0.503,1.59,301.9,0,0.0
4138,20.0,0.498,1.75,290.7,0,0.0
4139,20.0,0.507,1.29,288.1,0,0.0
4140,20.0,0.48,1.27,306.0,0,0.0
4141,20.0,0.503,1.52,296.3,0,0.0
4142,20.0,0.49,1.12,306.1,0,0.0
4143,20.0,0.515,1.37,288.3,0,0.0
4144,20.0,0.488,1.16,306.8,0,0.0
4145,20.0,0.515,1.2,304.8,0,0.0
4146,20.0,0.486,1.65,298.6,0,0.0
4147,20.0,0.508,1.46,297.8,0,0.0
4148,20.0,0.493,1.29,296.5,0,0.0
4149,20.0,0.508,1.53,302.0,0,0.0
4150,20.0,0.513,1.6,312.7,0,0.0
4151,20.0,0.48,1.0,293.7,0,0.0
4152,20.0,0.505,1.77,292.5,0,0.0
4153,20.0,0.516,1.78,299.1,0,0.0
4154,20.0,0.517,1.32,294.0,0,0.0
4155,20.0,0.485,0.96,294.5,0,0.0
4156,20.0,0.502,1.29,307.9,0,0.0
4157,20.0,0.493,1.12,286.1,0,0.0
4158,20.0,0.481,1.05,289.6,0,0.0
4159,20.0,0.507,1.14,311.5,0,0.0
4160,20.0,0.483,1.76,288.9,0,0.0
4161,20.0,0.503,1.86,296.9,0,0.0
4162,20.0,0.505,1.59,292.9,0,0.0
4163,20.0,0.49,1.78,285.3,0,0.0
4164,20.0,0.504,1.0,288.3,0,0.0
4165,20.0,0.486,1.54,288.5,0,0.0
4166,20.0,0.509,1.12,288.6,0,0.0
4167,20.0,0.506,1.71,298.6,0,0.0
4168,20.0,0.491,1.34,312.8,0,0.0
4169,20.0,0.494,2.03,314.2,0,0.0
4170,20.0,0.5,1.93,302.2,0,0.0
4171,20.0,0.503,1.28,294.3,0,0.0
4172,20.0,0.496,1.33,302.0,0,0.0
4173,20.0,0.487,1.22,286.1,0,0.0
4174,20.0,0.512,1.87,287.9,0,0.0
4175,20.0,0.51,1.52,286.2,0,0.0
4176,20.0,0.509,1.44,291.4,0,0.0
4177,20.0,0.51,1.47,288.7,0,0.0
4178,20.0,0.484,1.2,301.8,0,0.0
4179,20.0,0.518,1.86,303.1,0,0.0
4180,20.0,0.491,1.06,295.4,0,0.0
4181,20.0,0.5,1.48,296.1,0,0.0
4182,20.0,0.483,1.75,295.9,0,0.0
4183,20.0,0.49,1.7,299.1,0,0.0
4184,20.0,0.493,1.55,311.6,0,0.0
4185,20.0,0.507,2.02,302.0,0,0.0
4186,20.0,0.516,1.54,309.1,0,0.0
4187,20.0,0.494,1.69,297.6,0,0.0
4188,20.0,0.505,1.79,288.4,0,0.0
4189,20.0,0.501,1.49,293.2,0,0.0
4190,20.0,0.497,1.89,308.4,0,0.0
4191,20.0,0.49,1.8,296.1,0,0.0
4192,20.0,0.491,1.38,287.1,0,0.0
4193,20.0,0.493,1.78,303.6,0,0.0
4194,20.0,0.518,1.24,297.2,0,0.0
4195,20.0,0.515,1.43,302.5,0,0.0
4196,20.0,0.51,1.67,292.8,0,0.0
4197,20.0,0.496,1.84,302.7,0,0.0
4198,20.0,0.495,1.16,304.7,0,0.0
4199,20.0,0.5,1.34,312.2,0,0.0
4200,20.0,0.497,1.88,305.4,0,0.0
4201,20.0,0.496,1.87,308.2,0,0.0
4202,20.0,0.512,1.79,302.1,0,0.0
4203,20.0,0.483,1.75,297.2,0,0.0
4204,20.0,0.508,1.07,305.2,0,0.0
4205,20.0,0.519,1.85,295.6,0,0.0
4206,20.0,0.482,1.85,301.6,0,0.0
4207,20.0,0.49,1.9,290.1,0,0.0
4208,20.0,0.499,1.5,290.1,0,0.0
4209,20.0,0.49,1.86,313.4,0,0.0
4210,20.0,0.508,1.04,290.1,0,0.0
4211,20.0,0.508,1.58,307.3,0,0.0
4212,20.0,0.49,1.55,310.9,0,0.0
4213,20.0,0.488,1.71,305.1,0,0.0
4214,20.0,0.484,1.24,291.0,0,0.0
4215,20.0,0.487,1.36,306.9,0,0.0
4216,20.0,0.504,2.02,309.0,0,0.0
4217,20.0,0.513,1.19,306.6,0,0.0
4218,20.0,0.482,1.27,306.6,0,0.0
4219,20.0,0.512,1.12,309.3,0,0.0
4220,20.0,0.494,1.93,298.9,0,0.0
4221,20.0,0.512,1.82,306.6,0,0.0
4222,20.0,0.515,1.29,290.8,0,0.0
4223,20.0,0.485,1.41,304.3,0,0.0
4224,20.0,0.498,1.95,313.9,0,0.0
4225,20.0,0.515,1.43,289.9,0,0.0
4226,20.0,0.498,1.84,299.1,0,0.0
4227,20.0,0.496,1.91,308.7,0,0.0
4228,20.0,0.489,1.52,306.7,0,0.0
4229,20.0,0.488,1.71,289.2,0,0.0
4230,20.0,0.505,1.9,307.7,0,0.0
4231,20.0,0.49,1.01,297.1,0,0.0
4232,20.0,0.498,1.25,285.5,0,0.0
4233,20.0,0.487,1.92,311.5,0,0.0
4234,20.0,0.505,1.74,297.4,0,0.0
4235,20.0,0.511,1.24,304.9,0,0.0
4236,20.0,0.508,1.85,314.2,0,0.0
4237,20.0,0.498,0.97,288.7,0,0.0
4238,20.0,0.506,1.58,300.1,0,0.0
4239,20.0,0.492,1.06,312.1,0,0.0
4240,20.0,0.492,1.49,287.6,0,0.0
4241,20.0,0.514,1.4,299.8,0,0.0
4242,20.0,0.491,1.9,295.1,0,0.0
4243,20.0,0.503,1.71,312.9,0,0.0
4244,20.0,0.484,1.86,312.8,0,0.0
4245,20.0,0.511,1.33,312.8,0,0.0
4246,20.0,0.486,1.33,292.3,0,0.0
4247,20.0,0.492,1.72,307.5,0,0.0
4248,20.0,0.506,1.13,289.0,0,0.0
4249,20.0,0.509,1.92,314.4,0,0.0
4250,20.0,0.517,1.73,289.8,0,0.0
4251,20.0,0.508,1.22,297.1,0,0.0
4252,20.0,0.52,2.03,296.4,0,0.0
4253,20.0,0.487,1.37,287.2,0,0.0
4254,20.0,0.484,1.35,296.6,0,0.0
4255,20.0,0.509,1.45,302.7,0,0.0
4256,20.0,0.482,1.26,298.0,0,0.0
4257,20.0,0.487,1.59,308.7,0,0.0
4258,20.0,0.51,1.39,293.8,0,0.0
4259,20.0,0.511,1.25,290.9,0,0.0
4260,20.0,0.503,1.21,294.8,0,0.0
4261,20.0,0.495,1.74,304.3,0,0.0
4262,20.0,0.49,1.84,299.6,0,0.0
4263,20.0,0.496,1.88,286.7,0,0.0
4264,20.0,0.49,1.24,301.2,0,0.0
4265,20.0,0.5,1.11,301.5,0,0.0
4266,20.0,0.518,1.79,289.3,0,0.0
4267,20.0,0.504,1.25,307.7,0,0.0
4268,20.0,0.511,1.86,295.9,0,0.0
4269,20.0,0.512,1.25,311.1,0,0.0
4270,20.0,0.51,1.14,300.3,0,0.0
4271,20.0,0.519,1.24,313.7,0,0.0
4272,20.0,0.482,1.56,288.1,0,0.0
4273,20.0,0.496,1.36,297.7,0,0.0
4274,20.0,0.497,1.28,312.2,0,0.0
4275,20.0,0.516,2.05,307.4,0,0.0
4276,20.0,0.48,1.8,296.9,0,0.0
4277,20.0,0.489,1.36,289.6,0,0.0
4278,20.0,0.485,1.82,298.8,0,0.0
4279,20.0,0.495,1.78,295.1,0,0.0
4280,20.0,0.518,1.4,290.2,0,0.0
4281,20.0,0.499,1.21,292.4,0,0.0
4282,20.0,0.487,1.62,314.3,0,0.0
4283,20.0,0.495,1.96,301.7,0,0.0
4284,20.0,0.514,1.2,303.8,0,0.0
4285,20.0,0.497,1.07,304.4,0,0.0
4286,20.0,0.492,1.24,306.6,0,0.0
4287,20.0,0.515,1.81,285.8,0,0.0
4288,20.0,0.501,1.1,305.3,0,0.0
4289,20.0,0.516,2.07,307.6,0,0.0
4290,20.0,0.487,1.27,287.9,0,0.0
4291,20.0,0.491,1.91,301.7,0,0.0
4292,20.0,0.52,1.07,292.8,0,0.0
4293,20.0,0.517,1.92,312.6,0,0.0
4294,20.0,0.498,1.02,290.6,0,0.0
4295,20.0,0.487,1.32,292.3,0,0.0
4296,20.0,0.49,1.94,298.3,0,0.0
4297,20.0,0.508,1.42,310.3,0,0.0
4298,20.0,0.512,1.64,312.1,0,0.0
4299,20.0,0.51,1.81,294.4,0,0.0
4300,20.0,0.512,2.0,306.7,0,0.0
4301,20.0,0.48,1.21,308.2,0,0.0
4302,20.0,0.492,1.65,308.3,0,0.0
4303,20.0,0.498,1.15,287.6,0,0.0
4304,20.0,0.482,1.33,297.1,0,0.0
4305,20.0,0.502,1.61,298.9,0,0.0
4306,20.0,0.484,1.37,289.0,0,0.0
4307,20.0,0.507,1.34,299.0,0,0.0
4308,20.0,0.488,1.93,303.3,0,0.0
4309,20.0,0.484,1.59,311.1,0,0.0
4310,20.0,0.52,1.68,309.6,0,0.0
4311,20.0,0.489,1.32,310.1,0,0.0
4312,20.0,0.482,1.7,311.8,0,0.0
4313,20.0,0.513,1.3,295.5,0,0.0
4314,20.0,0.494,1.68,295.2,0,0.0
4315,20.0,0.487,1.42,295.3,0,0.0
4316,20.0,0.51,1.46,297.6,0,0.0
4317,20.0,0.484,1.31,295.1,0,0.0
4318,20.0,0.49,1.29,310.6,0,0.0
4319,20.0,0.49,1.06,302.9,0,0.0
4320,20.0,0.518,1.2,312.1,0,0.0
4321,20.0,0.502,1.51,298.5,0,0.0
4322,20.0,0.49,1.71,285.4,0,0.0
4323,20.0,0.513,1.35,297.3,0,0.0
4324,20.0,0.516,1.76,313.9,0,0.0
4325,20.0,0.49,1.97,299.7,0,0.0
4326,20.0,0.515,1.15,293.0,0,0.0
4327,20.0,0.519,1.27,309.6,0,0.0
4328,20.0,0.506,1.16,285.1,0,0.0
4329,20.0,0.505,1.86,311.0,0,0.0
4330,20.0,0.489,1.65,298.8,0,0.0
4331,20.0,0.5,1.78,303.0,0,0.0
4332,20.0,0.502,1.19,306.0,0,0.0
4333,20.0,0.517,1.93,295.4,0,0.0
4334,20.0,0.505,1.0,293.2,0,0.0
4335,20.0,0.514,1.67,289.0,0,0.0
4336,20.0,0.51,2.08,310.6,0,0.0
4337,20.0,0.487,1.66,302.9,0,0.0
4338,20.0,0.482,1.42,308.2,0,0.0
4339,20.0,0.485,1.67,293.2,0,0.0
4340,20.0,0.491,1.49,313.7,0,0.0
4341,20.0,0.485,1.35,308.8,0,0.0
4342,20.0,0.508,1.99,299.9,0,0.0
4343,20.0,0.517,1.56,308.5,0,0.0
4344,20.0,0.498,1.95,305.2,0,0.0
4345,20.0,0.507,1.16,290.0,0,0.0
4346,20.0,0.503,1.4,293.3,0,0.0
4347,20.0,0.498,1.66,303.8,0,0.0
4348,20.0,0.506,1.03,288.9,0,0.0
4349,20.0,0.488,1.79,306.6,0,0.0
4350,20.0,0.515,1.68,297.2,0,0.0
4351,20.0,0.504,1.64,292.8,0,0.0
4352,20.0,0.483,1.06,303.4,0,0.0
4353,20.0,0.51,1.9,290.9,0,0.0
4354,20.0,0.497,1.35,289.1,0,0.0
4355,20.0,0.489,1.9,309.3,0,0.0
4356,20.0,0.488,0.97,295.4,0,0.0
4357,20.0,0.508,1.61,286.9,0,0.0
4358,20.0,0.496,1.61,298.0,0,0.0
4359,20.0,0.504,1.83,312.3,0,0.0
4360,20.0,0.497,1.49,302.4,0,0.0
4361,20.0,0.5,1.44,289.4,0,0.0
4362,20.0,0.514,1.44,309.9,0,0.0
4363,20.0,0.518,1.55,302.9,0,0.0
4364,20.0,0.502,1.31,307.5,0,0.0
4365,20.0,0.491,1.49,313.0,0,0.0
4366,20.0,0.495,1.71,299.9,0,0.0
4367,20.0,0.492,2.01,314.4,0,0.0
4368,20.0,0.49,1.47,293.9,0,0.0
4369,20.0,0.487,1.37,299.3,0,0.0
4370,20.0,0.503,1.6,295.8,0,0.0
4371,20.0,0.498,1.37,292.1,0,0.0
4372,20.0,0.52,2.0,303.8,0,0.0
4373,20.0,0.511,1.75,285.6,0,0.0
4374,20.0,0.496,1.75,306.1,0,0.0
4375,20.0,0.493,1.19,310.1,0,0.0
4376,20.0,0.507,1.79,295.4,0,0.0
4377,20.0,0.509,2.0,294.5,0,0.0
4378,20.0,0.496,1.93,307.7,0,0.0
4379,20.0,0.503,1.39,311.5,0,0.0
4380,20.0,0.509,1.9,297.9,0,0.0
4381,20.0,0.487,1.13,297.3,0,0.0
4382,20.0,0.504,1.33,308.7,0,0.0
4383,20.0,0.496,1.03,304.0,0,0.0
4384,20.0,0.513,1.92,301.9,0,0.0
4385,20.0,0.519,1.5,293.5,0,0.0
4386,20.0,0.498,1.89,303.4,0,0.0
4387,20.0,0.518,1.02,287.6,0,0.0
4388,20.0,0.489,1.82,306.4,0,0.0
4389,20.0,0.483,1.11,298.7,0,0.0
4390,20.0,0.499,1.06,310.5,0,0.0
4391,20.0,0.518,1.21,294.0,0,0.0
4392,20.0,0.519,1.91,299.2,0,0.0
4393,20.0,0.492,1.6,302.5,0,0.0
4394,20.0,0.485,1.21,313.0,0,0.0
4395,20.0,0.51,1.0,289.4,0,0.0
4396,19.09,0.501,1.95,298.9,0,0.0
4397,18.42,0.516,1.22,288.7,0,0.0
4398,17.59,0.489,1.67,293.8,0,0.0
4399,16.89,0.497,1.52,288.7,0,0.0
4400,16.37,0.505,1.0,289.0,0,0.0
4401,15.64,0.511,1.85,307.5,0,0.0
4402,14.57,0.499,1.76,297.1,0,0.0
4403,13.62,0.498,1.95,306.5,0,0.0
4404,12.51,0.483,1.44,285.9,0,0.0
4405,12.01,0.492,1.97,311.3,0,0.0
4406,11.07,0.498,1.1,307.5,0,0.0
4407,9.61,0.497,1.08,286.6,0,0.0
4408,8.17,0.483,0.96,289.0,0,0.0
4409,6.82,0.484,2.0,310.7,0,0.0
4410,6.11,0.506,1.16,295.9,0,0.0
4411,4.73,0.489,1.05,287.1,0,0.0
4412,3.3,0.481,0.86,278.9,0,0.0
4413,2.56,0.517,1.5,270.5,0,0.0
4414,1.35,0.502,1.59,263.7,0,0.0
4415,0.0,0.497,0.95,255.7,0,0.0
4416,0.0,0.518,1.25,246.9,0,0.0
4417,0.0,0.481,1.1,237.3,0,0.0
4418,0.0,0.496,1.38,229.7,0,0.0
4419,0.0,0.483,0.94,223.9,0,0.0
4420,0.0,0.513,1.4,215.2,0,0.0
4421,0.0,0.504,1.5,206.2,0,0.0
4422,0.0,0.512,0.84,200.4,0,0.0
4423,0.0,0.51,0.9,193.1,0,0.0
4424,0.0,0.51,1.27,184.6,0,0.0
4425,0.0,0.515,0.52,174.9,0,0.0
4426,0.0,0.498,0.41,169.0,0,0.0
4427,0.0,0.491,0.9,160.8,0,0.0
4428,0.0,0.484,0.77,154.6,0,0.0
4429,0.0,0.484,0.93,144.7,0,0.0
4430,0.0,0.483,0.27,136.5,0,0.0
4431,0.0,0.514,0.38,131.1,0,0.0
4432,0.0,0.482,0.14,125.1,0,0.0
4433,0.0,0.485,0.07,115.3,0,0.0
4434,0.0,0.519,0.75,105.7,0,0.0
4435,0.0,0.481,0.13,100.1,0,0.0
4436,0.0,0.502,0.75,91.0,0,0.0
4437,0.0,0.51,0.57,83.4,0,0.0
4438,0.0,0.488,0.6,73.4,0,0.0
4439,0.0,0.508,-0.06,68.4,0,0.0
4440,0.0,0.511,0.76,62.0,0,0.0
4441,0.0,0.488,0.58,52.3,0,0.0
4442,0.0,0.502,0.17,44.3,0,0.0
4443,0.0,0.513,0.46,35.8,0,0.0
4444,0.0,0.482,-0.21,29.4,0,0.0
4445,0.0,0.492,0.61,23.2,0,0.0
4446,0.0,0.513,0.54,14.7,0,0.0
4447,0.0,0.506,-0.42,7.5,0,0.0
4448,0.0,0.491,0.16,1.9,0,0.0
4449,0.0,0.502,0.46,0.0,0,0.0
4450,0.0,0.512,-0.46,0.0,0,0.0
4451,0.0,0.515,0.42,0.0,0,0.0
4452,0.0,0.51,0.35,0.0,0,0.0
4453,0.0,0.494,0.24,0.0,0,0.0
4454,0.0,0.511,0.48,0.0,0,0.0
4455,0.0,0.515,0.12,0.0,0,0.0
4456,0.0,0.489,-0.27,0.0,0,0.0
4457,0.0,0.497,-0.48,0.0,0,0.0
4458,0.0,0.509,0.19,0.0,0,0.0
4459,0.0,0.517,0.08,0.0,0,0.0
4460,0.0,0.505,-0.15,0.0,0,0.0
4461,0.0,0.517,-0.12,0.0,0,0.0
4462,0.0,0.509,0.48,0.0,0,0.0
4463,0.0,0.487,0.48,0.0,0,0.0
4464,0.0,0.504,0.4,0.0,0,0.0
4465,0.0,0.505,0.45,0.0,0,0.0
4466,0.0,0.499,0.36,0.0,0,0.0
4467,0.0,0.508,-0.32,0.0,0,0.0
4468,0.0,0.489,-0.12,0.0,0,0.0
4469,0.0,0.51,-0.29,0.0,0,0.0
4470,0.0,0.519,-0.17,0.0,0,0.0
4471,0.0,0.5,-0.47,0.0,0,0.0
4472,0.0,0.483,0.02,0.0,0,0.0
4473,0.0,0.501,-0.28,0.0,0,0.0
4474,0.0,0.492,0.3,0.0,0,0.0
4475,0.0,0.48,-0.11,0.0,0,0.0
4476,0.0,0.487,0.01,0.0,0,0.0
4477,0.0,0.517,0.41,0.0,0,0.0
4478,0.0,0.519,0.16,0.0,0,0.0
4479,0.0,0.486,-0.04,0.0,0,0.0
4480,0.0,0.504,-0.04,0.0,0,0.0
4481,0.0,0.493,-0.18,0.0,0,0.0
4482,0.0,0.485,-0.12,0.0,0,0.0
4483,0.0,0.488,0.26,0.0,0,0.0
4484,0.0,0.493,0.33,0.0,0,0.0
4485,0.0,0.498,0.46,0.0,0,0.0
4486,0.0,0.51,0.22,0.0,0,0.0
4487,0.0,0.519,0.3,0.0,0,0.0
4488,0.0,0.51,-0.15,0.0,0,0.0
4489,0.0,0.5,-0.47,0.0,0,0.0
4490,0.0,0.511,-0.14,0.0,0,0.0
4491,0.0,0.517,-0.35,0.0,0,0.0
4492,0.0,0.484,-0.45,0.0,0,0.0
4493,0.0,0.496,-0.48,0.0,0,0.0
4494,0.0,0.508,-0.39,0.0,0,0.0
4495,0.0,0.482,0.3,0.0,0,0.0
4496,0.0,0.48,-0.03,0.0,0,0.0
4497,0.0,0.484,-0.01,0.0,0,0.0
4498,0.0,0.5,-0.43,0.0,0,0.0
4499,0.0,0.494,-0.43,0.0,0,0.0
4500,0.0,0.519,-0.35,0.0,0,0.0
4501,0.0,0.482,0.47,0.0,0,0.0
4502,0.0,0.498,0.09,0.0,0,0.0
4503,0.0,0.497,0.1,0.0,0,0.0
4504,0.0,0.518,-0.47,0.0,0,0.0
4505,0.0,0.499,-0.42,0.0,0,0.0
4506,0.0,0.508,-0.14,0.0,0,0.0
4507,0.0,0.506,0.14,0.0,0,0.0
4508,0.0,0.505,0.34,0.0,0,0.0
4509,0.0,0.493,0.43,0.0,0,0.0
4510,0.0,0.505,-0.22,0.0,0,0.0
4511,0.0,0.514,0.33,0.0,0,0.0
4512,0.0,0.501,0.41,0.0,0,0.0
4513,0.0,0.514,0.49,0.0,0,0.0
4514,0.0,0.5,-0.49,0.0,0,0.0
4515,0.0,0.491,-0.11,0.0,0,0.0
4516,0.0,0.516,-0.32,0.0,0,0.0
4517,0.0,0.512,0.3,0.0,0,0.0
4518,0.0,0.514,0.46,0.0,0,0.0
4519,0.0,0.503,0.19,0.0,0,0.0
4520,0.0,0.503,0.37,0.0,0,0.0
4521,0.0,0.506,0.17,0.0,0,0.0
4522,0.0,0.505,0.13,0.0,0,0.0
4523,0.0,0.488,0.42,0.0,0,0.0
4524,0.0,0.484,-0.4,0.0,0,0.0
4525,0.0,0.513,0.32,0.0,0,0.0
4526,0.0,0.511,0.16,0.0,0,0.0
4527,0.0,0.509,0.01,0.0,0,0.0
4528,0.0,0.494,0.45,0.0,0,0.0
4529,0.0,0.486,0.32,0.0,0,0.0
4530,0.0,0.495,-0.02,0.0,0,0.0
4531,0.0,0.493,0.21,0.0,0,0.0
4532,0.0,0.51,-0.34,0.0,0,0.0
4533,0.0,0.505,-0.09,0.0,0,0.0
4534,0.0,0.493,0.23,0.0,0,0.0
4535,0.0,0.511,0.12,0.0,0,0.0
4536,0.0,0.502,0.38,0.0,0,0.0
4537,0.0,0.499,-0.07,0.0,0,0.0
4538,0.0,0.483,-0.04,0.0,0,0.0
4539,0.0,0.501,0.29,0.0,0,0.0
4540,0.0,0.497,-0.32,0.0,0,0.0
4541,0.0,0.49,0.18,0.0,0,0.0
4542,0.0,0.513,-0.08,0.0,0,0.0
4543,0.0,0.513,-0.19,0.0,0,0.0
4544,0.0,0.514,0.27,0.0,0,0.0
4545,0.0,0.501,0.22,0.0,0,0.0
4546,0.0,0.502,0.36,0.0,0,0.0
4547,0.0,0.506,0.48,0.0,0,0.0
4548,0.0,0.495,0.37,0.0,0,0.0
4549,0.0,0.519,0.42,0.0,0,0.0
4550,0.0,0.485,-0.25,0.0,0,0.0
4551,0.0,0.486,0.34,0.0,0,0.0
4552,0.0,0.501,0.21,0.0,0,0.0
4553,0.0,0.514,0.39,0.0,0,0.0
4554,0.0,0.48,0.23,0.0,0,0.0
4555,0.0,0.517,0.48,0.0,0,0.0
4556,0.0,0.489,0.39,0.0,0,0.0
4557,0.0,0.512,-0.48,0.0,0,0.0
4558,0.0,0.481,-0.05,0.0,0,0.0
4559,0.0,0.494,0.34,0.0,0,0.0
4560,0.0,0.5,-0.01,0.0,0,0.0
4561,0.0,0.491,0.5,0.0,0,0.0
4562,0.0,0.497,-0.01,0.0,0,0.0
4563,0.0,0.511,0.22,0.0,0,0.0
4564,0.0,0.502,-0.07,0.0,0,0.0
4565,0.0,0.517,-0.1,0.0,0,0.0
4566,0.0,0.51,-0.33,0.0,0,0.0
4567,0.0,0.497,-0.47,0.0,0,0.0
4568,0.0,0.516,-0.13,0.0,0,0.0
4569,0.0,0.504,-0.28,0.0,0,0.0
4570,0.0,0.512,-0.18,0.0,0,0.0
4571,0.0,0.496,-0.07,0.0,0,0.0
4572,0.0,0.508,-0.37,0.0,0,0.0
4573,0.0,0.518,0.46,0.0,0,0.0
4574,0.0,0.503,-0.12,0.0,0,0.0
4575,0.0,0.498,0.08,0.0,0,0.0
4576,0.0,0.514,0.47,0.0,0,0.0
4577,0.0,0.493,0.02,0.0,0,0.0
4578,0.0,0.51,-0.17,0.0,0,0.0
4579,0.0,0.507,0.32,0.0,0,0.0
4580,0.0,0.487,0.44,0.0,0,0.0
4581,0.0,0.49,-0.38,0.0,0,0.0
4582,0.0,0.52,0.37,0.0,0,0.0
4583,0.0,0.509,-0.23,0.0,0,0.0
4584,0.0,0.485,-0.36,0.0,0,0.0
4585,0.0,0.508,0.33,0.0,0,0.0
4586,0.0,0.516,0.12,0.0,0,0.0
4587,0.0,0.502,-0.26,0.0,0,0.0
4588,0.0,0.519,-0.41,0.0,0,0.0
4589,0.0,0.491,0.11,0.0,0,0.0
4590,0.0,0.487,-0.09,0.0,0,0.0
4591,0.0,0.495,-0.27,0.0,0,0.0
4592,0.0,0.514,-0.27,0.0,0,0.0
4593,0.0,0.49,-0.32,0.0,0,0.0
4594,0.0,0.485,0.02,0.0,0,0.0
4595,0.0,0.503,-0.27,0.0,0,0.0
4596,0.0,0.512,0.23,0.0,0,0.0
4597,0.0,0.497,0.4,0.0,0,0.0
4598,0.0,0.484,-0.36,0.0,0,0.0
4599,0.0,0.484,-0.46,0.0,0,0.0
4600,0.0,0.484,-0.42,0.0,0,0.0
4601,0.0,0.487,-0.11,0.0,0,0.0
4602,0.0,0.51,0.41,0.0,0,0.0
4603,0.0,0.484,0.24,0.0,0,0.0
4604,0.0,0.488,0.45,0.0,0,0.0
4605,0.0,0.492,-0.42,0.0,0,0.0
4606,0.0,0.498,-0.01,0.0,0,0.0
4607,0.0,0.497,0.41,0.0,0,0.0
4608,0.0,0.494,-0.28,0.0,0,0.0
4609,0.0,0.509,-0.42,0.0,0,0.0
4610,0.0,0.516,-0.17,0.0,0,0.0
4611,0.0,0.481,0.36,0.0,0,0.0
4612,0.0,0.482,0.28,0.0,0,0.0
4613,0.0,0.518,0.24,0.0,0,0.0
4614,0.0,0.505,-0.46,0.0,0,0.0
4615,0.0,0.508,-0.35,0.0,0,0.0
4616,0.0,0.518,0.43,0.0,0,0.0
4617,0.0,0.517,-0.3,0.0,0,0.0
4618,0.0,0.49,-0.0,0.0,0,0.0
4619,0.0,0.482,0.15,0.0,0,0.0
4620,0.0,0.481,0.34,0.0,0,0.0
4621,0.0,0.493,-0.24,0.0,0,0.0
4622,0.0,0.515,-0.07,0.0,0,0.0
4623,0.0,0.493,0.12,0.0,0,0.0
4624,0.0,0.52,-0.25,0.0,0,0.0
4625,0.0,0.487,0.41,0.0,0,0.0
4626,0.0,0.484,0.16,0.0,0,0.0
4627,0.0,0.518,-0.48,0.0,0,0.0
4628,0.0,0.502,-0.03,0.0,0,0.0
4629,0.0,0.49,-0.06,0.0,0,0.0
4630,0.0,0.513,0.4,0.0,0,0.0
4631,0.0,0.508,-0.38,0.0,0,0.0
4632,0.0,0.483,0.08,0.0,0,0.0
4633,0.0,0.518,-0.03,0.0,0,0.0
4634,0.0,0.481,-0.49,0.0,0,0.0
4635,0.0,0.497,-0.2,0.0,0,0.0
4636,0.0,0.48,0.17,0.0,0,0.0
4637,0.0,0.512,-0.37,0.0,0,0.0
4638,0.0,0.504,0.17,0.0,0,0.0
4639,0.0,0.483,-0.19,0.0,0,0.0
4640,0.0,0.493,0.25,0.0,0,0.0
4641,0.0,0.514,-0.14,0.0,0,0.0
4642,0.0,0.501,0.28,0.0,0,0.0
4643,0.0,0.508,-0.21,0.0,0,0.0
4644,0.0,0.49,0.25,0.0,0,0.0
4645,0.0,0.485,0.41,0.0,0,0.0
4646,0.0,0.495,-0.4,0.0,0,0.0
4647,0.0,0.493,-0.07,0.0,0,0.0
4648,0.0,0.488,-0.09,0.0,0,0.0
4649,0.0,0.519,-0.05,0.0,0,0.0
4650,0.0,0.51,0.1,0.0,0,0.0
4651,0.0,0.494,0.35,0.0,0,0.0
4652,0.0,0.493,-0.33,0.0,0,0.0
4653,0.0,0.492,-0.02,0.0,0,0.0
4654,0.0,0.512,-0.01,0.0,0,0.0
4655,0.0,0.496,-0.24,0.0,0,0.0
4656,0.0,0.495,0.02,0.0,0,0.0
4657,0.0,0.495,-0.3,0.0,0,0.0
4658,0.0,0.492,-0.38,0.0,0,0.0
4659,0.0,0.495,0.44,0.0,0,0.0
4660,0.0,0.505,0.17,0.0,0,0.0
4661,0.0,0.511,-0.24,0.0,0,0.0
4662,0.0,0.485,-0.43,0.0,0,0.0
4663,0.0,0.513,-0.11,0.0,0,0.0
4664,0.0,0.509,0.01,0.0,0,0.0
4665,0.0,0.481,0.4,0.0,0,0.0
4666,0.0,0.484,-0.32,0.0,0,0.0
4667,0.0,0.493,-0.02,0.0,0,0.0
4668,0.0,0.51,-0.13,0.0,0,0.0
4669,0.0,0.512,-0.26,0.0,0,0.0
4670,0.0,0.494,-0.47,0.0,0,0.0
4671,0.0,0.515,0.43,0.0,0,0.0
4672,0.0,0.511,-0.18,0.0,0,0.0
4673,0.0,0.501,-0.41,0.0,0,0.0
4674,0.0,0.511,0.34,0.0,0,0.0
4675,0.0,0.502,-0.12,0.0,0,0.0
4676,0.0,0.499,-0.25,0.0,0,0.0
4677,0.0,0.497,0.22,0.0,0,0.0
4678,0.0,0.517,-0.24,0.0,0,0.0
4679,0.0,0.495,-0.03,0.0,0,0.0
4680,0.0,0.509,-0.46,0.0,0,0.0
4681,0.0,0.488,0.46,0.0,0,0.0
4682,0.0,0.52,-0.22,0.0,0,0.0
4683,0.0,0.495,0.47,0.0,0,0.0
4684,0.0,0.515,-0.21,0.0,0,0.0
4685,0.0,0.495,0.17,0.0,0,0.0
4686,0.0,0.483,0.25,0.0,0,0.0
4687,0.0,0.518,0.04,0.0,0,0.0
4688,0.0,0.489,0.18,0.0,0,0.0
4689,0.0,0.504,-0.32,0.0,0,0.0
4690,0.0,0.506,-0.36,0.0,0,0.0
4691,0.0,0.514,-0.05,0.0,0,0.0
4692,0.0,0.506,0.49,0.0,0,0.0
4693,0.0,0.502,0.25,0.0,0,0.0
4694,0.0,0.51,0.47,0.0,0,0.0
4695,0.0,0.502,-0.34,0.0,0,0.0
4696,0.0,0.497,-0.21,0.0,0,0.0
4697,0.0,0.483,0.33,0.0,0,0.0
4698,0.0,0.518,0.05,0.0,0,0.0
4699,0.0,0.51,0.35,0.0,0,0.0
4700,0.0,0.496,0.43,0.0,0,0.0
4701,0.0,0.484,0.13,0.0,0,0.0
4702,0.0,0.504,-0.43,0.0,0,0.0
4703,0.0,0.491,0.11,0.0,0,0.0
4704,0.0,0.507,-0.11,0.0,0,0.0
4705,0.0,0.492,0.25,0.0,0,0.0
4706,0.0,0.483,0.02,0.0,0,0.0
4707,0.0,0.516,0.2,0.0,0,0.0
4708,0.0,0.483,0.35,0.0,0,0.0
4709,0.0,0.482,0.13,0.0,0,0.0
4710,0.0,0.498,-0.07,0.0,0,0.0
4711,0.0,0.493,0.16,0.0,0,0.0
4712,0.0,0.509,-0.16,0.0,0,0.0
4713,0.0,0.514,0.25,0.0,0,0.0
4714,0.0,0.51,0.08,0.0,0,0.0
4715,0.0,0.485,0.42,0.0,0,0.0
4716,0.0,0.504,-0.36,0.0,0,0.0
4717,0.0,0.506,0.4,0.0,0,0.0
4718,0.0,0.487,0.02,0.0,0,0.0
4719,0.0,0.511,-0.47,0.0,0,0.0
4720,0.0,0.519,-0.39,0.0,0,0.0
4721,0.0,0.495,-0.16,0.0,0,0.0
4722,0.0,0.51,-0.32,0.0,0,0.0
4723,0.0,0.487,0.16,0.0,0,0.0
4724,0.0,0.506,-0.11,0.0,0,0.0
4725,0.0,0.506,0.01,0.0,0,0.0
4726,0.0,0.497,0.16,0.0,0,0.0
4727,0.0,0.484,-0.06,0.0,0,0.0
4728,0.0,0.508,0.35,0.0,0,0.0
4729,20.0,0.487,1.67,312.7,0,0.0
4730,20.0,0.52,1.69,287.4,0,0.0
4731,20.0,0.506,1.8,300.4,0,0.0
4732,20.0,0.504,1.78,296.0,0,0.0
4733,20.0,0.489,1.55,295.5,0,0.0
4734,20.0,0.511,1.88,297.5,0,0.0
4735,20.0,0.489,1.04,294.4,0,0.0
4736,20.0,0.5,1.8,288.1,0,0.0
4737,20.0,0.499,1.69,286.8,0,0.0
4738,20.0,0.507,1.07,291.8,0,0.0
4739,20.0,0.5,1.79,286.7,0,0.0
4740,20.0,0.505,1.38,291.2,0,0.0
4741,20.0,0.506,1.38,296.6,0,0.0
4742,20.0,0.511,1.44,300.8,0,0.0
4743,20.0,0.516,1.72,302.9,0,0.0
4744,20.0,0.513,1.14,286.5,0,0.0
4745,20.0,0.516,1.37,308.9,0,0.0
4746,20.0,0.483,1.14,295.2,0,0.0
4747,20.0,0.508,1.09,295.5,0,0.0
4748,20.0,0.516,1.8,309.0,0,0.0
4749,20.0,0.485,1.11,304.9,0,0.0
4750,20.0,0.495,1.87,291.7,0,0.0
4751,20.0,0.509,1.69,304.0,0,0.0
4752,20.0,0.494,1.55,308.8,0,0.0
4753,20.0,0.504,1.39,303.1,0,0.0
4754,20.0,0.493,1.32,306.5,0,0.0
4755,20.0,0.519,1.79,311.1,0,0.0
4756,20.0,0.483,1.53,311.0,0,0.0
4757,20.0,0.494,1.45,301.1,0,0.0
4758,20.0,0.486,1.49,312.5,0,0.0
4759,20.0,0.499,1.45,293.3,0,0.0
4760,20.0,0.513,1.42,293.7,0,0.0
4761,20.0,0.498,1.61,292.0,0,0.0
4762,20.0,0.494,1.23,288.2,0,0.0
4763,20.0,0.503,1.94,303.2,0,0.0
4764,20.0,0.517,1.31,300.6,0,0.0
4765,20.0,0.515,1.34,314.1,0,0.0
4766,20.0,0.482,1.34,306.2,0,0.0
4767,20.0,0.489,1.33,290.3,0,0.0
4768,20.0,0.506,1.83,292.4,0,0.0
4769,20.0,0.506,1.82,304.4,0,0.0
4770,20.0,0.511,1.83,303.4,0,0.0
4771,20.0,0.51,1.66,304.1,0,0.0
4772,20.0,0.509,1.52,302.6,0,0.0
4773,20.0,0.487,1.57,299.4,0,0.0
4774,20.0,0.491,1.4,296.3,0,0.0
4775,20.0,0.52,2.07,306.6,0,0.0
4776,20.0,0.488,1.19,289.1,0,0.0
4777,20.0,0.512,2.06,307.3,0,0.0
4778,20.0,0.493,1.9,301.7,0,0.0
4779,20.0,0.484,0.99,298.8,0,0.0
4780,20.0,0.497,1.87,292.7,0,0.0
4781,20.0,0.481,1.75,302.5,0,0.0
4782,20.0,0.499,1.58,312.7,0,0.0
4783,20.0,0.493,1.4,301.1,0,0.0
4784,20.0,0.51,1.76,306.8,0,0.0
4785,20.0,0.501,1.96,300.6,0,0.0
4786,20.0,0.514,1.6,303.4,0,0.0
4787,20.0,0.519,1.68,291.1,0,0.0
4788,20.0,0.503,1.95,293.9,0,0.0
4789,20.0,0.49,1.54,313.4,0,0.0
4790,20.0,0.495,1.22,306.9,0,0.0
4791,20.0,0.51,1.22,302.1,0,0.0
4792,20.0,0.517,1.24,293.3,0,0.0
4793,20.0,0.507,1.95,286.5,0,0.0
4794,20.0,0.496,1.77,314.8,0,0.0
4795,20.0,0.491,1.35,309.4,0,0.0
4796,20.0,0.493,1.94,301.3,0,0.0
4797,20.0,0.515,1.92,302.0,0,0.0
4798,20.0,0.519,1.12,312.0,0,0.0
4799,20.0,0.517,1.85,310.2,0,0.0
4800,20.0,0.497,1.93,290.4,0,0.0
4801,20.0,0.489,1.28,307.9,0,0.0
4802,20.0,0.507,1.78,302.8,0,0.0
4803,20.0,0.493,1.63,303.2,0,0.0
4804,20.0,0.482,1.57,295.9,0,0.0
4805,20.0,0.51,1.34,304.8,0,0.0
4806,20.0,0.504,1.23,300.3,0,0.0
4807,20.0,0.519,2.06,310.4,0,0.0
4808,20.0,0.517,1.71,310.3,0,0.0
4809,20.0,0.488,1.02,294.4,0,0.0
4810,20.0,0.492,1.82,303.0,0,0.0
4811,20.0,0.482,1.29,314.4,0,0.0
4812,20.0,0.509,1.65,292.0,0,0.0
4813,20.0,0.487,1.52,312.8,0,0.0
4814,20.0,0.49,1.37,288.8,0,0.0
4815,20.0,0.519,1.52,292.7,0,0.0
4816,20.0,0.493,1.36,303.4,0,0.0
4817,20.0,0.501,1.95,291.3,0,0.0
4818,20.0,0.495,1.87,299.9,0,0.0
4819,20.0,0.504,1.88,294.2,0,0.0
4820,20.0,0.485,1.43,296.5,0,0.0
4821,20.0,0.506,1.33,288.6,0,0.0
4822,20.0,0.513,1.79,294.5,0,0.0
4823,20.0,0.506,1.91,289.0,0,0.0
4824,20.0,0.503,1.26,291.4,0,0.0
4825,20.0,0.498,1.74,304.4,0,0.0
4826,20.0,0.504,1.15,297.9,0,0.0
4827,20.0,0.481,1.79,307.1,0,0.0
4828,20.0,0.506,1.77,309.0,0,0.0
4829,20.0,0.482,0.96,288.0,0,0.0
4830,20.0,0.504,1.07,294.5,0,0.0
4831,20.0,0.516,1.96,293.7,0,0.0
4832,20.0,0.501,1.7,296.9,0,0.0
4833,20.0,0.513,1.29,299.5,0,0.0
4834,20.0,0.501,1.11,306.0,0,0.0
4835,20.0,0.495,1.94,314.3,0,0.0
4836,20.0,0.49,1.35,285.2,0,0.0
4837,20.0,0.498,1.74,299.8,0,0.0
4838,20.0,0.514,1.31,298.8,0,0.0
4839,20.0,0.515,1.8,313.1,0,0.0
4840,20.0,0.512,1.29,313.2,0,0.0
4841,20.0,0.519,1.84,313.8,0,0.0
4842,20.0,0.507,1.25,311.1,0,0.0
4843,20.0,0.48,1.59,299.5,0,0.0
4844,20.0,0.488,1.8,306.1,0,0.0
4845,20.0,0.511,1.93,293.1,0,0.0
4846,20.0,0.505,1.36,299.0,0,0.0
4847,20.0,0.498,1.09,307.2,0,0.0
4848,20.0,0.517,1.56,289.1,0,0.0
4849,20.0,0.501,1.33,299.7,0,0.0
4850,20.0,0.483,1.83,286.3,0,0.0
4851,20.0,0.5,1.91,306.5,0,0.0
4852,20.0,0.498,1.29,312.2,0,0.0
4853,20.0,0.481,1.12,309.6,0,0.0
4854,20.0,0.498,1.57,291.0,0,0.0
4855,20.0,0.498,1.16,301.9,0,0.0
4856,20.0,0.482,1.59,303.0,0,0.0
4857,20.0,0.48,1.62,288.1,0,0.0
4858,20.0,0.506,1.63,286.6,0,0.0
4859,20.0,0.481,1.04,305.3,0,0.0
4860,20.0,0.483,1.52,306.2,0,0.0
4861,20.0,0.5,1.54,291.3,0,0.0
4862,20.0,0.493,1.55,287.0,0,0.0
4863,20.0,0.494,1.47,303.2,0,0.0
4864,20.0,0.52,1.52,285.3,0,0.0
4865,20.0,0.516,1.45,289.1,0,0.0
4866,20.0,0.505,1.94,311.6,0,0.0
4867,20.0,0.48,1.29,305.2,0,0.0
4868,20.0,0.499,1.28,285.8,0,0.0
4869,20.0,0.485,1.2,295.3,0,0.0
4870,20.0,0.519,1.75,310.3,0,0.0
4871,20.0,0.486,1.46,295.4,0,0.0
4872,20.0,0.48,1.54,288.9,0,0.0
4873,20.0,0.515,1.96,304.7,0,0.0
4874,20.0,0.504,1.11,311.0,0,0.0
4875,20.0,0.5,1.96,313.8,0,0.0
4876,20.0,0.492,1.91,304.2,0,0.0
4877,20.0,0.505,1.42,300.4,0,0.0
4878,20.0,0.515,1.34,311.6,0,0.0
4879,20.0,0.502,1.2,304.4,0,0.0
4880,20.0,0.512,1.1,290.8,0,0.0
4881,20.0,0.492,1.96,306.4,0,0.0
4882,20.0,0.513,1.92,289.9,0,0.0
4883,20.0,0.495,1.16,293.5,0,0.0
4884,20.0,0.5,1.72,306.8,0,0.0
4885,20.0,0.505,1.26,300.3,0,0.0
4886,20.0,0.496,1.18,307.8,0,0.0
4887,20.0,0.514,1.75,299.6,0,0.0
4888,20.0,0.487,1.25,292.7,0,0.0
4889,20.0,0.503,1.84,308.9,0,0.0
4890,20.0,0.484,1.52,285.7,0,0.0
4891,20.0,0.481,1.07,306.6,0,0.0
4892,20.0,0.517,1.97,309.3,0,0.0
4893,20.0,0.494,1.52,297.7,0,0.0
4894,20.0,0.486,1.0,290.9,0,0.0
4895,20.0,0.487,1.08,294.4,0,0.0
4896,20.0,0.513,1.27,293.9,0,0.0
4897,20.0,0.492,1.35,297.2,0,0.0
4898,20.0,0.517,1.51,294.6,0,0.0
4899,20.0,0.502,2.0,310.1,0,0.0
4900,20.0,0.487,1.48,301.0,0,0.0
4901,20.0,0.516,1.16,305.4,0,0.0
4902,20.0,0.517,1.64,300.5,0,0.0
4903,20.0,0.48,1.63,300.2,0,0.0
4904,20.0,0.499,1.54,311.8,0,0.0
4905,20.0,0.509,1.09,288.0,0,0.0
4906,20.0,0.51,1.91,286.0,0,0.0
4907,20.0,0.5,1.16,309.6,0,0.0
4908,20.0,0.495,1.7,314.0,0,0.0
4909,20.0,0.511,1.15,308.2,0,0.0
4910,20.0,0.518,1.88,298.8,0,0.0
4911,20.0,0.509,1.95,310.4,0,0.0
4912,20.0,0.494,2.02,312.1,0,0.0
4913,20.0,0.482,1.22,302.1,0,0.0
4914,20.0,0.509,1.78,314.7,0,0.0
4915,20.0,0.507,1.91,292.6,0,0.0
4916,20.0,0.506,1.46,288.4,0,0.0
4917,20.0,0.482,1.87,303.9,0,0.0
4918,20.0,0.486,1.71,305.0,0,0.0
4919,20.0,0.481,1.32,293.0,0,0.0
4920,20.0,0.492,1.91,302.3,0,0.0
4921,20.0,0.509,1.61,298.4,0,0.0
4922,20.0,0.514,1.39,308.3,0,0.0
4923,20.0,0.504,1.0,290.2,0,0.0
4924,20.0,0.492,1.25,309.9,0,0.0
4925,20.0,0.494,1.86,299.9,0,0.0
4926,20.0,0.486,1.34,304.0,0,0.0
4927,20.0,0.503,1.2,306.5,0,0.0
4928,20.0,0.506,1.28,294.1,0,0.0
4929,20.0,0.485,1.05,306.3,0,0.0
4930,20.0,0.508,1.46,295.4,0,0.0
4931,20.0,0.483,1.65,291.7,0,0.0
4932,20.0,0.516,1.17,305.6,0,0.0
4933,20.0,0.514,1.74,294.6,0,0.0
4934,20.0,0.489,1.21,306.7,0,0.0
4935,20.0,0.508,1.36,289.2,0,0.0
4936,20.0,0.515,1.52,307.1,0,0.0
4937,20.0,0.52,1.78,308.8,0,0.0
4938,20.0,0.51,1.34,304.9,0,0.0
4939,20.0,0.512,2.01,314.4,0,0.0
4940,20.0,0.481,1.6,309.0,0,0.0
4941,20.0,0.509,1.8,307.1,0,0.0
4942,20.0,0.515,1.74,314.3,0,0.0
4943,20.0,0.489,1.91,314.7,0,0.0
4944,20.0,0.507,1.52,286.5,0,0.0
4945,20.0,0.508,1.78,312.2,0,0.0
4946,20.0,0.511,1.13,291.2,0,0.0
4947,20.0,0.498,1.9,288.6,0,0.0
4948,20.0,0.51,2.01,304.0,0,0.0
4949,20.0,0.504,1.65,300.9,0,0.0
4950,20.0,0.517,1.69,289.8,0,0.0
4951,20.0,0.507,1.71,299.5,0,0.0
4952,20.0,0.509,1.13,288.2,0,0.0
4953,20.0,0.507,1.26,286.3,0,0.0
4954,20.0,0.496,1.56,292.5,0,0.0
4955,20.0,0.514,1.63,289.8,0,0.0
4956,20.0,0.518,1.32,287.2,0,0.0
4957,20.0,0.488,1.08,308.0,0,0.0
4958,20.0,0.488,1.47,296.5,0,0.0
4959,20.0,0.48,1.39,293.6,0,0.0
4960,20.0,0.513,1.79,306.2,0,0.0
4961,20.0,0.489,1.05,304.4,0,0.0
4962,20.0,0.497,1.12,305.1,0,0.0
4963,20.0,0.516,1.37,314.1,0,0.0
4964,20.0,0.488,1.9,311.2,0,0.0
4965,20.0,0.501,1.28,302.4,0,0.0
4966,20.0,0.491,1.31,297.1,0,0.0
4967,20.0,0.518,1.91,291.8,0,0.0
4968,20.0,0.489,1.52,308.4,0,0.0
4969,20.0,0.509,1.05,291.5,0,0.0
4970,20.0,0.503,1.32,286.6,0,0.0
4971,20.0,0.506,1.98,299.3,0,0.0
4972,20.0,0.506,1.86,292.2,0,0.0
4973,20.0,0.519,1.15,297.0,0,0.0
4974,20.0,0.509,1.54,294.8,0,0.0
4975,20.0,0.503,1.22,306.0,0,0.0
4976,20.0,0.507,1.62,296.2,0,0.0
4977,20.0,0.499,1.35,287.9,0,0.0
4978,20.0,0.494,1.75,301.1,0,0.0
4979,20.0,0.492,1.85,285.2,0,0.0
4980,20.0,0.519,1.05,287.3,0,0.0
4981,20.0,0.506,1.19,287.1,0,0.0
4982,20.0,0.514,1.35,299.0,0,0.0
4983,20.0,0.511,1.54,290.6,0,0.0
4984,20.0,0.495,0.98,295.6,0,0.0
4985,20.0,0.481,1.21,313.0,0,0.0
4986,20.0,0.501,1.48,301.8,0,0.0
4987,20.0,0.519,2.08,304.6,0,0.0
4988,20.0,0.484,1.67,285.0,0,0.0
4989,20.0,0.487,1.68,308.6,0,0.0
4990,20.0,0.488,1.53,299.6,0,0.0
4991,20.0,0.487,1.42,299.9,0,0.0
4992,20.0,0.48,1.2,310.6,0,0.0
4993,20.0,0.493,1.59,291.4,0,0.0
4994,20.0,0.495,1.17,309.3,0,0.0
4995,20.0,0.513,1.25,306.1,0,0.0
4996,20.0,0.504,1.31,301.5,0,0.0
4997,20.0,0.499,1.16,300.9,0,0.0
4998,20.0,0.507,1.59,300.1,0,0.0
4999,20.0,0.509,1.26,304.9,0,0.0
5000,20.0,0.487,1.47,305.9,0,0.0
5001,20.0,0.484,1.24,309.9,0,0.0
5002,20.0,0.516,1.47,288.4,0,0.0
5003,20.0,0.499,1.83,310.7,0,0.0
5004,20.0,0.49,0.95,289.2,0,0.0
5005,20.0,0.483,1.86,304.0,0,0.0
5006,20.0,0.515,1.75,293.4,0,0.0
5007,20.0,0.505,1.68,314.3,0,0.0
5008,20.0,0.518,1.77,309.4,0,0.0
5009,20.0,0.49,1.05,289.6,0,0.0
5010,20.0,0.515,1.93,308.1,0,0.0
5011,20.0,0.513,1.34,302.3,0,0.0
5012,20.0,0.511,1.88,314.5,0,0.0
5013,20.0,0.506,1.7,294.2,0,0.0
5014,20.0,0.5,1.32,305.6,0,0.0
5015,20.0,0.509,1.42,295.1,0,0.0
5016,20.0,0.481,1.33,297.5,0,0.0
5017,20.0,0.488,1.93,311.1,0,0.0
5018,20.0,0.484,0.92,292.6,0,0.0
5019,20.0,0.493,1.49,301.0,0,0.0
5020,20.0,0.502,1.43,314.8,0,0.0
5021,20.0,0.515,1.51,293.9,0,0.0
5022,20.0,0.501,1.54,289.8,0,0.0
5023,20.0,0.484,1.82,298.5,0,0.0
5024,20.0,0.5,1.77,313.9,0,0.0
5025,20.0,0.507,1.14,292.3,0,0.0
5026,20.0,0.507,1.12,309.6,0,0.0
5027,20.0,0.504,1.43,290.2,0,0.0
5028,20.0,0.495,1.22,306.3,0,0.0
5029,20.0,0.52,1.91,308.8,0,0.0
5030,20.0,0.49,1.23,294.9,0,0.0
5031,20.0,0.485,1.43,285.9,0,0.0
5032,20.0,0.512,1.27,296.2,0,0.0
5033,20.0,0.52,1.07,288.7,0,0.0
5034,20.0,0.485,1.74,286.9,0,0.0
5035,20.0,0.483,1.24,299.1,0,0.0
5036,20.0,0.487,1.63,307.4,0,0.0
5037,20.0,0.51,1.08,297.5,0,0.0
5038,20.0,0.503,1.77,286.6,0,0.0
5039,20.0,0.517,1.28,289.4,0,0.0
5040,20.0,0.509,1.28,300.1,0,0.0
5041,20.0,0.494,1.99,305.3,0,0.0
5042,20.0,0.48,1.71,288.5,0,0.0
5043,20.0,0.515,2.03,307.0,0,0.0
5044,20.0,0.5,1.92,313.6,0,0.0
5045,20.0,0.494,1.71,292.4,0,0.0
5046,20.0,0.488,1.46,305.9,0,0.0
5047,20.0,0.51,1.17,299.4,0,0.0
5048,20.0,0.499,2.04,314.4,0,0.0
5049,20.0,0.509,1.95,289.2,0,0.0
5050,20.0,0.49,2.03,314.6,0,0.0
5051,20.0,0.506,1.47,285.9,0,0.0
5052,20.0,0.5,1.72,307.7,0,0.0
5053,20.0,0.52,1.64,306.0,0,0.0
5054,20.0,0.514,1.15,310.1,0,0.0
5055,20.0,0.512,1.21,296.6,0,0.0
5056,20.0,0.519,1.21,299.7,0,0.0
5057,20.0,0.517,1.63,311.2,0,0.0
5058,20.0,0.495,1.67,305.7,0,0.0
5059,20.0,0.502,0.97,287.6,0,0.0
5060,20.0,0.49,1.06,286.7,0,0.0
5061,20.0,0.48,1.05,290.1,0,0.0
5062,20.0,0.499,1.41,309.4,0,0.0
5063,20.0,0.511,1.48,311.7,0,0.0
5064,20.0,0.481,1.26,296.6,0,0.0
5065,20.0,0.488,1.66,290.7,0,0.0
5066,20.0,0.498,1.45,302.1,0,0.0
5067,20.0,0.515,1.16,299.4,0,0.0
5068,20.0,0.52,1.14,288.6,0,0.0
5069,20.0,0.495,1.15,303.5,0,0.0
5070,20.0,0.51,1.49,291.6,0,0.0
5071,20.0,0.494,1.25,302.8,0,0.0
5072,20.0,0.492,1.86,299.2,0,0.0
5073,20.0,0.493,1.09,310.8,0,0.0
5074,20.0,0.501,1.68,291.2,0,0.0
5075,20.0,0.492,1.33,301.4,0,0.0
5076,20.0,0.501,1.37,297.2,0,0.0
5077,20.0,0.487,1.72,295.7,0,0.0
5078,20.0,0.488,1.3,289.8,0,0.0
5079,20.0,0.494,1.05,304.2,0,0.0
5080,20.0,0.499,1.66,314.0,0,0.0
5081,20.0,0.487,1.74,310.2,0,0.0
5082,20.0,0.503,1.52,297.9,0,0.0
5083,20.0,0.499,1.66,308.8,0,0.0
5084,20.0,0.517,1.19,296.9,0,0.0
5085,20.0,0.484,1.55,306.0,0,0.0
5086,20.0,0.504,1.97,309.0,0,0.0
5087,20.0,0.516,1.46,314.5,0,0.0
5088,20.0,0.493,1.68,309.8,0,0.0
5089,20.0,0.519,1.96,289.9,0,0.0
5090,20.0,0.504,1.3,297.6,0,0.0
5091,20.0,0.483,1.41,302.7,0,0.0
5092,20.0,0.51,1.26,300.9,0,0.0
5093,20.0,0.515,2.04,304.7,0,0.0
5094,20.0,0.505,1.07,296.0,0,0.0
5095,20.0,0.513,1.27,301.3,0,0.0
5096,20.0,0.498,1.83,293.0,0,0.0
5097,20.0,0.511,1.54,291.6,0,0.0
5098,20.0,0.516,1.62,293.0,0,0.0
5099,20.0,0.488,1.19,290.7,0,0.0
5100,20.0,0.499,1.44,309.6,0,0.0
5101,20.0,0.508,1.43,310.4,0,0.0
5102,20.0,0.508,1.78,294.7,0,0.0
5103,20.0,0.514,1.1,311.9,0,0.0
5104,20.0,0.512,1.79,303.4,0,0.0
5105,20.0,0.493,1.11,297.1,0,0.0
5106,20.0,0.504,1.41,306.8,0,0.0
5107,20.0,0.514,1.59,295.7,0,0.0
5108,20.0,0.508,1.55,308.9,0,0.0
5109,20.0,0.498,1.93,292.6,0,0.0
5110,20.0,0.506,1.17,298.0,0,0.0
5111,20.0,0.507,1.75,305.9,0,0.0
5112,20.0,0.512,1.62,312.8,0,0.0
5113,20.0,0.503,1.42,311.7,0,0.0
5114,20.0,0.502,1.71,312.5,0,0.0
5115,20.0,0.486,1.77,287.7,0,0.0
5116,20.0,0.505,1.73,307.1,0,0.0
5117,20.0,0.504,1.42,290.8,0,0.0
5118,20.0,0.519,1.73,288.7,0,0.0
5119,20.0,0.483,1.44,304.5,0,0.0
5120,20.0,0.515,1.07,298.6,0,0.0
5121,20.0,0.489,1.98,312.5,0,0.0
5122,20.0,0.515,1.87,305.0,0,0.0
5123,20.0,0.485,1.62,289.0,0,0.0
5124,20.0,0.513,1.42,313.9,0,0.0
5125,20.0,0.498,1.58,294.1,0,0.0
5126,20.0,0.518,1.63,289.4,0,0.0
5127,20.0,0.518,1.15,286.8,0,0.0
5128,20.0,0.487,1.45,289.5,0,0.0
5129,20.0,0.507,1.99,309.4,0,0.0
5130,20.0,0.515,1.66,302.1,0,0.0
5131,20.0,0.503,1.59,296.6,0,0.0
5132,20.0,0.493,1.56,297.1,0,0.0
5133,20.0,0.483,1.25,297.3,0,0.0
5134,20.0,0.517,1.48,313.2,0,0.0
5135,20.0,0.509,1.99,297.8,0,0.0
5136,20.0,0.494,1.31,308.3,0,0.0
5137,20.0,0.507,2.0,303.4,0,0.0
5138,20.0,0.496,1.3,299.5,0,0.0
5139,20.0,0.481,1.71,291.0,0,0.0
5140,20.0,0.495,1.84,294.2,0,0.0
5141,20.0,0.484,1.51,306.1,0,0.0
5142,20.0,0.497,1.77,285.8,0,0.0
5143,20.0,0.483,1.29,291.9,0,0.0
5144,20.0,0.496,1.62,314.2,0,0.0
5145,20.0,0.482,1.54,313.5,0,0.0
5146,20.0,0.518,1.27,312.4,0,0.0
5147,20.0,0.516,1.18,309.7,0,0.0
5148,20.0,0.486,1.62,299.2,0,0.0
5149,20.0,0.504,1.42,292.0,0,0.0
5150,20.0,0.496,1.49,303.1,0,0.0
5151,20.0,0.484,1.95,309.9,0,0.0
5152,20.0,0.496,1.75,306.3,0,0.0
5153,20.0,0.501,1.21,288.7,0,0.0
5154,20.0,0.512,1.24,308.0,0,0.0
5155,20.0,0.495,1.57,285.7,0,0.0
5156,20.0,0.492,1.92,301.7,0,0.0
5157,20.0,0.487,1.9,309.4,0,0.0
5158,20.0,0.515,1.67,300.5,0,0.0
5159,20.0,0.515,1.25,307.0,0,0.0
5160,20.0,0.498,1.26,288.1,0,0.0
5161,20.0,0.492,1.56,292.6,0,0.0
5162,20.0,0.486,1.79,291.9,0,0.0
5163,20.0,0.501,1.16,286.6,0,0.0
5164,20.0,0.51,1.13,314.3,0,0.0
5165,20.0,0.495,2.02,314.4,0,0.0
5166,20.0,0.492,1.24,285.1,0,0.0
5167,20.0,0.489,1.64,302.9,0,0.0
5168,20.0,0.507,1.75,302.9,0,0.0
5169,20.0,0.51,1.43,305.8,0,0.0
5170,20.0,0.517,1.89,310.9,0,0.0
5171,20.0,0.498,1.06,299.6,0,0.0
5172,20.0,0.482,1.81,303.9,0,0.0
5173,20.0,0.493,1.82,309.2,0,0.0
5174,20.0,0.497,1.87,302.1,0,0.0
5175,20.0,0.507,1.33,305.1,0,0.0
5176,20.0,0.509,1.54,314.9,0,0.0
5177,20.0,0.5,1.04,298.1,0,0.0
5178,20.0,0.486,1.72,310.0,0,0.0
5179,20.0,0.492,1.8,313.1,0,0.0
5180,20.0,0.518,1.56,309.0,0,0.0
5181,20.0,0.489,1.77,300.4,0,0.0
5182,20.0,0.513,1.47,286.1,0,0.0
5183,20.0,0.499,1.87,313.5,0,0.0
5184,20.0,0.502,1.17,301.4,0,0.0
5185,20.0,0.516,1.87,311.4,0,0.0
5186,20.0,0.517,1.52,291.2,0,0.0
5187,20.0,0.492,1.04,306.3,0,0.0
5188,20.0,0.506,1.2,289.8,0,0.0
5189,20.0,0.499,1.24,313.5,0,0.0
5190,20.0,0.51,1.29,285.0,0,0.0
5191,20.0,0.482,1.43,285.2,0,0.0
5192,20.0,0.509,1.96,298.5,0,0.0
5193,20.0,0.49,1.95,303.6,0,0.0
5194,20.0,0.504,1.68,289.2,0,0.0
5195,20.0,0.514,1.19,299.2,0,0.0
5196,20.0,0.506,1.52,304.4,0,0.0
5197,20.0,0.519,1.6,311.4,0,0.0
5198,20.0,0.514,1.08,297.8,0,0.0
5199,20.0,0.484,1.19,294.9,0,0.0
5200,20.0,0.514,1.71,296.5,0,0.0
5201,20.0,0.502,1.26,286.8,0,0.0
5202,20.0,0.495,1.9,298.0,0,0.0
5203,20.0,0.483,1.29,287.6,0,0.0
5204,20.0,0.517,1.3,296.1,0,0.0
5205,20.0,0.495,1.33,301.6,0,0.0
5206,20.0,0.5,1.23,302.0,0,0.0
5207,20.0,0.497,1.83,312.3,0,0.0
5208,20.0,0.49,1.54,287.0,0,0.0
5209,20.0,0.507,1.42,292.8,0,0.0
5210,20.0,0.499,1.94,296.4,0,0.0
5211,20.0,0.486,1.05,298.1,0,0.0
5212,20.0,0.505,1.96,314.7,0,0.0
5213,20.0,0.481,1.93,313.0,0,0.0
5214,20.0,0.505,1.6,290.8,0,0.0
5215,20.0,0.51,1.39,293.6,0,0.0
5216,20.0,0.502,1.13,298.9,0,0.0
5217,20.0,0.506,1.74,312.4,0,0.0
5218,20.0,0.511,1.87,308.1,0,0.0
5219,20.0,0.496,1.17,313.0,0,0.0
5220,20.0,0.505,1.16,302.4,0,0.0
5221,20.0,0.494,1.59,298.5,0,0.0
5222,20.0,0.485,1.91,299.3,0,0.0
5223,20.0,0.507,1.59,305.8,0,0.0
5224,20.0,0.494,1.58,311.2,0,0.0
5225,20.0,0.493,1.43,297.5,0,0.0
5226,20.0,0.488,1.23,307.0,0,0.0
5227,20.0,0.506,1.47,293.7,0,0.0
5228,20.0,0.499,1.78,293.1,0,0.0
5229,20.0,0.491,1.31,290.1,0,0.0
5230,20.0,0.516,1.44,301.3,0,0.0
5231,20.0,0.488,1.64,288.0,0,0.0
5232,20.0,0.519,1.27,288.5,0,0.0
5233,20.0,0.509,1.08,308.5,0,0.0
5234,20.0,0.514,1.72,310.5,0,0.0
5235,20.0,0.494,1.16,306.3,0,0.0
5236,20.0,0.503,1.32,290.6,0,0.0
5237,20.0,0.482,0.95,297.9,0,0.0
5238,20.0,0.508,1.62,289.7,0,0.0
5239,20.0,0.499,0.96,291.6,0,0.0
5240,20.0,0.482,1.87,304.5,0,0.0
5241,20.0,0.502,1.61,305.6,0,0.0
5242,20.0,0.499,1.56,311.0,0,0.0
5243,20.0,0.506,1.69,289.3,0,0.0
5244,20.0,0.493,1.72,301.3,0,0.0
5245,20.0,0.502,1.44,308.2,0,0.0
5246,20.0,0.481,1.94,309.5,0,0.0
5247,20.0,0.494,1.62,299.8,0,0.0
5248,20.0,0.489,1.62,288.6,0,0.0
5249,20.0,0.495,1.58,298.9,0,0.0
5250,20.0,0.504,1.85,304.0,0,0.0
5251,20.0,0.5,1.3,295.5,0,0.0
5252,20.0,0.499,1.62,287.3,0,0.0
5253,20.0,0.482,1.78,306.5,0,0.0
5254,20.0,0.49,1.78,311.7,0,0.0
5255,20.0,0.512,1.63,285.3,0,0.0
5256,20.0,0.483,1.77,297.6,0,0.0
5257,20.0,0.519,2.07,314.0,0,0.0
5258,20.0,0.509,1.23,289.8,0,0.0
5259,20.0,0.506,1.03,292.5,0,0.0
5260,20.0,0.518,1.05,293.0,0,0.0
5261,20.0,0.507,1.94,296.7,0,0.0
5262,20.0,0.516,1.08,294.2,0,0.0
5263,20.0,0.491,1.41,293.4,0,0.0
5264,20.0,0.507,1.37,297.4,0,0.0
5265,20.0,0.485,1.71,287.8,0,0.0
5266,20.0,0.511,1.36,310.9,0,0.0
5267,20.0,0.491,1.15,296.3,0,0.0
5268,20.0,0.487,1.77,291.8,0,0.0
5269,20.0,0.489,1.74,288.3,0,0.0
5270,20.0,0.505,1.46,299.2,0,0.0
5271,20.0,0.51,1.09,303.8,0,0.0
5272,20.0,0.513,1.76,288.3,0,0.0
5273,20.0,0.491,1.55,312.9,0,0.0
5274,20.0,0.507,1.67,289.2,0,0.0
5275,20.0,0.503,1.4,315.0,0,0.0
5276,20.0,0.485,1.23,294.8,0,0.0
5277,20.0,0.487,1.32,310.5,0,0.0
5278,20.0,0.514,1.07,299.1,0,0.0
5279,20.0,0.519,1.21,295.3,0,0.0
5280,20.0,0.506,1.69,296.0,0,0.0
5281,20.0,0.487,1.85,290.0,0,0.0
5282,20.0,0.51,1.52,295.9,0,0.0
5283,20.0,0.49,1.96,305.3,0,0.0
5284,20.0,0.489,0.97,288.1,0,0.0
5285,20.0,0.502,1.25,312.4,0,0.0
5286,20.0,0.508,1.07,297.6,0,0.0
5287,20.0,0.498,1.88,285.2,0,0.0
5288,20.0,0.491,1.34,305.9,0,0.0
5289,20.0,0.505,1.26,291.8,0,0.0
5290,20.0,0.509,1.35,298.7,0,0.0
5291,20.0,0.487,1.33,311.4,0,0.0
5292,20.0,0.485,1.63,286.7,0,0.0
5293,20.0,0.509,1.45,285.8,0,0.0
5294,20.0,0.5,1.01,299.9,0,0.0
5295,20.0,0.496,1.52,303.1,0,0.0
5296,20.0,0.495,1.72,287.3,0,0.0
5297,20.0,0.482,1.09,301.3,0,0.0
5298,20.0,0.515,1.65,300.9,0,0.0
5299,20.0,0.507,1.89,287.4,0,0.0
5300,20.0,0.517,1.66,308.1,0,0.0
5301,20.0,0.489,1.79,294.6,0,0.0
5302,20.0,0.509,1.99,300.7,0,0.0
5303,20.0,0.518,1.46,286.2,0,0.0
5304,20.0,0.509,1.88,297.2,0,0.0
5305,20.0,0.495,1.78,301.6,0,0.0
5306,20.0,0.509,1.6,292.7,0,0.0
5307,20.0,0.508,1.1,293.9,0,0.0
5308,20.0,0.498,1.12,305.2,0,0.0
5309,20.0,0.497,1.4,300.6,0,0.0
5310,20.0,0.508,1.41,289.4,0,0.0
5311,20.0,0.507,1.78,312.5,0,0.0
5312,20.0,0.515,1.55,314.5,0,0.0
5313,20.0,0.511,1.41,288.5,0,0.0
5314,20.0,0.482,1.14,296.8,0,0.0
5315,20.0,0.488,1.7,288.3,0,0.0
5316,20.0,0.513,1.74,300.9,0,0.0
5317,20.0,0.512,1.37,293.7,0,0.0
5318,20.0,0.504,1.5,286.8,0,0.0
5319,20.0,0.485,1.74,309.1,0,0.0
5320,20.0,0.497,1.61,292.7,0,0.0
5321,20.0,0.514,1.93,313.6,0,0.0
5322,20.0,0.505,1.55,287.8,0,0.0
5323,20.0,0.493,1.7,293.7,0,0.0
5324,20.0,0.511,1.27,289.8,0,0.0
5325,20.0,0.501,1.39,285.4,0,0.0
5326,20.0,0.496,1.34,308.7,0,0.0
5327,20.0,0.499,1.58,285.0,0,0.0
5328,20.0,0.494,1.23,309.6,0,0.0
5329,20.0,0.491,1.8,309.3,0,0.0
5330,20.0,0.503,1.58,311.4,0,0.0
5331,20.0,0.488,1.69,313.9,0,0.0
5332,20.0,0.482,1.53,310.8,0,0.0
5333,20.0,0.502,1.96,306.4,0,0.0
5334,20.0,0.486,1.84,292.8,0,0.0
5335,20.0,0.5,1.03,291.2,0,0.0
5336,20.0,0.496,1.37,302.6,0,0.0
5337,20.0,0.495,1.86,287.7,0,0.0
5338,20.0,0.491,2.01,312.1,0,0.0
5339,20.0,0.487,1.87,290.7,0,0.0
5340,20.0,0.497,1.54,308.0,0,0.0
5341,20.0,0.503,1.69,292.3,0,0.0
5342,20.0,0.515,1.19,306.4,0,0.0
5343,20.0,0.504,1.47,308.1,0,0.0
5344,20.0,0.493,1.3,310.5,0,0.0
5345,20.0,0.488,1.38,299.5,0,0.0
5346,20.0,0.487,1.5,289.7,0,0.0
5347,20.0,0.501,0.95,288.2,0,0.0
5348,20.0,0.515,1.37,310.0,0,0.0
5349,20.0,0.518,2.03,305.8,0,0.0
5350,20.0,0.498,1.71,308.6,0,0.0
5351,20.0,0.508,1.02,285.5,0,0.0
5352,20.0,0.486,1.68,289.8,0,0.0
5353,20.0,0.517,1.63,296.6,0,0.0
5354,20.0,0.483,1.04,294.0,0,0.0
5355,20.0,0.481,1.73,300.1,0,0.0
5356,20.0,0.481,1.61,287.9,0,0.0
5357,20.0,0.495,1.06,288.4,0,0.0
5358,20.0,0.514,1.42,309.2,0,0.0
5359,20.0,0.493,1.74,298.2,0,0.0
5360,20.0,0.504,1.77,314.3,0,0.0
5361,20.0,0.514,1.9,298.6,0,0.0
5362,20.0,0.514,1.33,288.5,0,0.0
5363,20.0,0.496,1.87,290.0,0,0.0
5364,20.0,0.517,2.0,308.0,0,0.0
5365,20.0,0.503,1.09,296.8,0,0.0
5366,20.0,0.503,1.49,313.7,0,0.0
5367,20.0,0.513,1.75,307.1,0,0.0
5368,20.0,0.493,1.54,295.8,0,0.0
5369,20.0,0.488,1.93,308.4,0,0.0
5370,20.0,0.497,1.53,299.8,0,0.0
5371,20.0,0.504,1.4,310.8,0,0.0
5372,20.0,0.497,1.5,310.6,0,0.0
5373,20.0,0.494,1.06,286.1,0,0.0
5374,20.0,0.489,1.1,311.4,0,0.0
5375,20.0,0.486,1.46,299.6,0,0.0
5376,20.0,0.485,1.0,285.6,0,0.0
5377,20.0,0.49,1.22,305.0,0,0.0
5378,20.0,0.495,1.4,295.8,0,0.0
5379,20.0,0.487,1.15,302.0,0,0.0
5380,20.0,0.515,2.03,310.1,0,0.0
5381,20.0,0.51,1.87,310.8,0,0.0
5382,20.0,0.487,1.86,298.0,0,0.0
5383,20.0,0.497,1.76,314.3,0,0.0
5384,20.0,0.499,2.06,313.9,0,0.0
5385,20.0,0.483,1.33,296.1,0,0.0
5386,20.0,0.481,1.78,302.2,0,0.0
5387,20.0,0.491,0.98,294.9,0,0.0
5388,20.0,0.485,1.17,312.8,0,0.0
5389,20.0,0.488,1.74,307.8,0,0.0
5390,20.0,0.489,1.94,309.4,0,0.0
5391,20.0,0.489,1.75,306.7,0,0.0
5392,20.0,0.496,1.57,299.7,0,0.0
5393,20.0,0.488,1.6,301.4,0,0.0
5394,20.0,0.499,1.73,306.0,0,0.0
5395,20.0,0.503,1.5,287.4,0,0.0
5396,20.0,0.516,1.52,290.7,0,0.0
5397,20.0,0.488,0.92,287.0,0,0.0
5398,20.0,0.52,1.14,295.6,0,0.0
5399,20.0,0.513,1.8,300.4,0,0.0
5400,20.0,0.517,1.96,300.4,0,0.0
5401,20.0,0.486,1.62,295.5,0,0.0
5402,20.0,0.509,1.76,289.8,0,0.0
5403,20.0,0.501,1.88,302.5,0,0.0
5404,20.0,0.481,1.86,312.4,0,0.0
5405,20.0,0.498,1.59,298.9,0,0.0
5406,20.0,0.491,1.54,301.2,0,0.0
5407,20.0,0.494,1.23,301.9,0,0.0
5408,20.0,0.481,0.92,290.8,0,0.0
5409,20.0,0.514,2.03,301.8,0,0.0
5410,20.0,0.48,1.21,298.3,0,0.0
5411,20.0,0.499,1.21,292.3,0,0.0
5412,20.0,0.487,1.74,295.8,0,0.0
5413,20.0,0.483,1.75,293.5,0,0.0
5414,20.0,0.513,1.81,300.1,0,0.0
5415,20.0,0.482,1.15,307.3,0,0.0
5416,20.0,0.509,1.78,310.1,0,0.0
5417,20.0,0.499,1.73,292.1,0,0.0
5418,20.0,0.482,0.96,297.6,0,0.0
5419,20.0,0.519,2.08,306.2,0,0.0
5420,20.0,0.497,1.21,314.7,0,0.0
5421,20.0,0.484,1.16,285.5,0,0.0
5422,20.0,0.512,1.93,308.2,0,0.0
5423,20.0,0.505,1.37,299.2,0,0.0
5424,20.0,0.485,1.09,304.3,0,0.0
5425,20.0,0.502,1.07,298.3,0,0.0
5426,20.0,0.507,1.86,288.9,0,0.0
5427,20.0,0.484,1.84,312.0,0,0.0
5428,20.0,0.486,1.08,292.8,0,0.0
5429,20.0,0.499,1.77,298.9,0,0.0
5430,20.0,0.518,1.9,291.1,0,0.0
5431,20.0,0.486,1.57,312.0,0,0.0
5432,20.0,0.516,1.29,288.0,0,0.0
5433,20.0,0.519,1.63,305.4,0,0.0
5434,20.0,0.496,1.89,307.6,0,0.0
5435,20.0,0.48,0.96,297.4,0,0.0
5436,20.0,0.498,1.4,293.3,0,0.0
5437,20.0,0.501,1.84,308.7,0,0.0
5438,20.0,0.494,1.34,286.1,0,0.0
5439,20.0,0.481,1.02,295.5,0,0.0
5440,20.0,0.496,1.41,300.2,0,0.0
5441,20.0,0.492,1.24,311.8,0,0.0
5442,20.0,0.504,1.72,314.3,0,0.0
5443,20.0,0.483,1.07,288.5,0,0.0
5444,20.0,0.503,1.23,296.1,0,0.0
5445,20.0,0.497,1.0,293.0,0,0.0
5446,20.0,0.501,1.22,313.6,0,0.0
5447,20.0,0.5,1.26,303.6,0,0.0
5448,20.0,0.495,1.23,295.3,0,0.0
5449,20.0,0.515,1.51,291.0,0,0.0
5450,20.0,0.501,1.51,313.4,0,0.0
5451,20.0,0.516,1.74,302.0,0,0.0
5452,20.0,0.492,1.96,314.7,0,0.0
5453,20.0,0.492,0.98,287.1,0,0.0
5454,20.0,0.519,1.59,307.6,0,0.0
5455,20.0,0.515,1.95,306.1,0,0.0
5456,20.0,0.505,2.0,299.4,0,0.0
5457,20.0,0.487,1.16,287.7,0,0.0
5458,20.0,0.493,1.0,295.2,0,0.0
5459,20.0,0.504,1.81,313.9,0,0.0
5460,20.0,0.494,1.4,296.4,0,0.0
5461,20.0,0.497,1.03,290.8,0,0.0
5462,20.0,0.514,1.99,305.9,0,0.0
5463,20.0,0.486,1.59,303.3,0,0.0
5464,20.0,0.505,1.32,291.4,0,0.0
5465,20.0,0.502,1.47,304.8,0,0.0
5466,20.0,0.483,1.9,297.4,0,0.0
5467,20.0,0.49,1.19,311.0,0,0.0
5468,20.0,0.486,1.6,299.3,0,0.0
5469,20.0,0.496,1.07,302.7,0,0.0
5470,20.0,0.505,1.95,296.6,0,0.0
5471,20.0,0.515,1.36,306.3,0,0.0
5472,20.0,0.481,1.22,289.1,0,0.0
5473,20.0,0.52,1.76,305.2,0,0.0
5474,20.0,0.492,1.77,301.2,0,0.0
5475,20.0,0.497,1.82,286.8,0,0.0
5476,20.0,0.484,1.02,307.8,0,0.0
5477,20.0,0.505,1.29,303.8,0,0.0
5478,20.0,0.487,1.49,314.6,0,0.0
5479,20.0,0.511,1.11,301.8,0,0.0
5480,20.0,0.505,1.32,293.0,0,0.0
5481,20.0,0.516,1.86,307.2,0,0.0
5482,20.0,0.483,1.19,289.7,0,0.0
5483,20.0,0.52,1.36,299.5,0,0.0
5484,20.0,0.519,1.54,313.5,0,0.0
5485,20.0,0.481,1.44,313.4,0,0.0
5486,20.0,0.486,1.07,290.3,0,0.0
5487,20.0,0.5,1.4,296.2,0,0.0
5488,20.0,0.48,0.99,291.6,0,0.0
5489,20.0,0.5,1.03,288.3,0,0.0
5490,20.0,0.517,2.02,304.7,0,0.0
5491,20.0,0.512,1.15,292.8,0,0.0
5492,20.0,0.499,1.44,285.3,0,0.0
5493,20.0,0.503,1.08,300.5,0,0.0
5494,20.0,0.5,1.33,306.9,0,0.0
5495,20.0,0.496,1.53,297.7,0,0.0
5496,20.0,0.492,2.03,314.1,0,0.0
5497,20.0,0.502,1.09,310.0,0,0.0
5498,20.0,0.481,1.71,296.1,0,0.0
5499,20.0,0.484,1.64,312.1,0,0.0
5500,20.0,0.518,1.2,311.2,0,0.0
5501,20.0,0.498,1.42,298.5,0,0.0
5502,20.0,0.515,1.92,307.8,0,0.0
5503,20.0,0.508,1.72,297.5,0,0.0
5504,20.0,0.511,1.56,299.9,0,0.0
5505,20.0,0.502,1.73,287.8,0,0.0
5506,20.0,0.498,1.71,301.5,0,0.0
5507,20.0,0.491,1.25,295.7,0,0.0
5508,20.0,0.518,1.19,304.8,0,0.0
5509,20.0,0.502,1.6,308.8,0,0.0
5510,20.0,0.517,1.21,310.6,0,0.0
5511,20.0,0.495,1.74,308.9,0,0.0
5512,20.0,0.482,1.86,292.7,0,0.0
5513,20.0,0.493,1.66,309.1,0,0.0
5514,20.0,0.519,1.33,286.0,0,0.0
5515,20.0,0.513,1.22,295.9,0,0.0
5516,20.0,0.509,1.6,301.2,0,0.0
5517,20.0,0.494,1.47,291.4,0,0.0
5518,20.0,0.509,1.26,300.7,0,0.0
5519,20.0,0.502,1.57,300.9,0,0.0
5520,20.0,0.506,1.84,305.2,0,0.0
5521,20.0,0.504,1.29,303.8,0,0.0
5522,20.0,0.487,1.36,289.7,0,0.0
5523,20.0,0.513,1.93,294.3,0,0.0
5524,20.0,0.513,1.61,298.2,0,0.0
5525,20.0,0.511,1.89,289.4,0,0.0
5526,20.0,0.511,1.15,285.8,0,0.0
5527,20.0,0.486,1.08,286.0,0,0.0
5528,20.0,0.481,1.34,300.8,0,0.0
5529,20.0,0.505,1.99,307.2,0,0.0
5530,20.0,0.499,1.21,314.3,0,0.0
5531,20.0,0.493,1.07,307.7,0,0.0
5532,20.0,0.499,1.62,296.1,0,0.0
5533,20.0,0.516,1.35,313.0,0,0.0
5534,20.0,0.517,1.25,311.1,0,0.0
5535,20.0,0.493,1.57,299.6,0,0.0
5536,20.0,0.485,1.63,310.1,0,0.0
5537,20.0,0.487,1.32,313.0,0,0.0
5538,20.0,0.51,1.59,307.6,0,0.0
5539,20.0,0.508,1.75,304.5,0,0.0
5540,20.0,0.48,1.77,312.3,0,0.0
5541,20.0,0.51,1.44,290.6,0,0.0
5542,20.0,0.508,1.22,303.9,0,0.0
5543,20.0,0.505,1.51,312.3,0,0.0
5544,20.0,0.508,1.09,300.2,0,0.0
5545,20.0,0.482,1.15,291.6,0,0.0
5546,20.0,0.516,1.41,301.6,0,0.0
5547,20.0,0.518,1.63,294.5,0,0.0
5548,20.0,0.494,1.87,288.6,0,0.0
5549,20.0,0.494,1.86,289.3,0,0.0
5550,20.0,0.501,1.96,307.6,0,0.0
5551,20.0,0.52,1.47,301.0,0,0.0
5552,20.0,0.483,1.83,298.7,0,0.0
5553,20.0,0.489,1.43,293.3,0,0.0
5554,20.0,0.503,1.24,298.2,0,0.0
5555,20.0,0.488,1.71,291.6,0,0.0
5556,20.0,0.49,1.86,294.3,0,0.0
5557,20.0,0.489,1.06,287.5,0,0.0
5558,20.0,0.494,1.54,302.6,0,0.0
5559,20.0,0.517,1.05,287.0,0,0.0
5560,20.0,0.512,1.94,311.1,0,0.0
5561,20.0,0.512,1.72,288.1,0,0.0
5562,20.0,0.482,1.97,313.1,0,0.0
5563,20.0,0.496,1.29,290.6,0,0.0
5564,20.0,0.506,1.33,309.8,0,0.0
5565,20.0,0.507,1.06,303.7,0,0.0
5566,20.0,0.498,1.34,294.5,0,0.0
5567,20.0,0.498,1.17,294.6,0,0.0
5568,20.0,0.488,1.21,301.9,0,0.0
5569,20.0,0.504,1.5,303.0,0,0.0
5570,20.0,0.516,1.99,299.6,0,0.0
5571,20.0,0.507,1.54,294.6,0,0.0
5572,20.0,0.507,1.74,303.3,0,0.0
5573,20.0,0.495,1.53,298.5,0,0.0
5574,20.0,0.517,1.15,299.8,0,0.0
5575,20.0,0.483,1.03,292.7,0,0.0
5576,20.0,0.487,1.25,307.8,0,0.0
5577,20.0,0.516,1.97,303.5,0,0.0
5578,20.0,0.492,1.66,298.3,0,0.0
5579,20.0,0.509,1.82,303.2,0,0.0
5580,20.0,0.488,1.92,301.9,0,0.0
5581,20.0,0.487,1.09,309.7,0,0.0
5582,20.0,0.495,1.12,313.3,0,0.0
5583,20.0,0.513,1.23,313.1,0,0.0
5584,20.0,0.509,1.39,308.3,0,0.0
5585,20.0,0.499,1.78,313.6,0,0.0
5586,20.0,0.501,1.15,285.2,0,0.0
5587,20.0,0.519,1.47,304.8,0,0.0
5588,20.0,0.509,1.89,302.9,0,0.0
5589,20.0,0.493,1.57,303.5,0,0.0
5590,20.0,0.491,1.47,307.5,0,0.0
5591,20.0,0.492,1.3,306.1,0,0.0
5592,20.0,0.515,1.04,293.7,0,0.0
5593,20.0,0.508,1.53,289.3,0,0.0
5594,20.0,0.519,1.69,293.9,0,0.0
5595,20.0,0.49,1.54,308.3,0,0.0
5596,20.0,0.519,1.79,296.5,0,0.0
5597,20.0,0.5,1.21,293.1,0,0.0
5598,20.0,0.509,1.24,296.2,0,0.0
5599,20.0,0.511,1.95,295.5,0,0.0
5600,20.0,0.508,1.49,297.4,0,0.0
5601,20.0,0.48,1.71,310.4,0,0.0
5602,20.0,0.491,1.11,293.4,0,0.0
5603,20.0,0.481,1.81,288.2,0,0.0
5604,20.0,0.491,1.55,306.3,0,0.0
5605,20.0,0.488,1.18,301.1,0,0.0
5606,20.0,0.487,1.66,304.2,0,0.0
5607,20.0,0.483,1.9,306.8,0,0.0
5608,20.0,0.502,1.64,312.5,0,0.0
5609,20.0,0.493,1.48,295.3,0,0.0
5610,20.0,0.516,1.44,295.9,0,0.0
5611,20.0,0.498,1.18,297.9,0,0.0
5612,20.0,0.492,1.21,309.2,0,0.0
5613,20.0,0.503,1.85,296.3,0,0.0
5614,20.0,0.502,1.32,307.0,0,0.0
5615,20.0,0.502,1.68,286.0,0,0.0
5616,20.0,0.502,1.86,300.2,0,0.0
5617,20.0,0.487,1.56,285.1,0,0.0
5618,20.0,0.512,1.48,292.5,0,0.0
5619,20.0,0.499,1.64,291.2,0,0.0
5620,20.0,0.516,1.1,303.4,0,0.0
5621,20.0,0.488,1.29,285.5,0,0.0
5622,20.0,0.513,1.19,304.7,0,0.0
5623,20.0,0.502,1.28,310.0,0,0.0
5624,20.0,0.491,1.18,285.4,0,0.0
5625,20.0,0.513,1.37,309.9,0,0.0
5626,20.0,0.501,1.85,290.8,0,0.0
5627,20.0,0.486,1.43,286.6,0,0.0
5628,20.0,0.535,1.92,284.3,0,0.0
5629,20.0,0.456,1.16,282.3,0,0.0
5630,20.0,0.469,1.06,277.7,0,0.0
5631,20.0,0.536,1.51,275.4,0,0.0
5632,20.0,0.485,1.22,273.2,0,0.0
5633,20.0,0.474,1.31,270.0,0,0.0
5634,20.0,0.511,0.97,265.8,0,0.0
5635,20.0,0.496,1.7,262.9,0,0.0
5636,20.0,0.507,1.09,259.5,0,0.0
5637,20.0,0.524,1.6,255.8,0,0.0
5638,20.0,0.492,1.13,252.4,0,0.0
5639,20.0,0.469,0.91,249.8,1,81.41
5640,20.0,0.521,0.85,245.4,1,78.85
5641,20.0,0.517,0.88,243.0,1,80.72
5642,20.0,0.457,0.79,239.9,1,80.94
5643,20.0,0.503,1.12,235.3,1,78.59
5644,20.0,0.494,1.64,231.7,1,78.74
5645,20.0,0.456,0.58,229.2,1,80.5
5646,20.0,0.548,1.49,225.1,1,81.1
5647,20.0,0.52,0.91,223.0,1,78.53
5648,20.0,0.542,0.81,219.5,1,80.8
5649,20.0,0.537,1.45,215.3,1,80.61
5650,20.0,0.516,0.95,212.8,1,80.5
5651,20.0,0.517,1.12,209.6,1,79.29
5652,20.0,0.54,1.51,205.7,1,79.99
5653,20.0,0.503,1.48,202.1,1,78.81
5654,20.0,0.466,0.5,199.8,1,80.82
5655,20.0,0.508,1.45,195.7,1,81.54
5656,20.0,0.532,0.67,191.5,1,80.31
5657,20.0,0.453,1.04,188.2,1,79.02
5658,20.0,0.523,0.9,184.3,1,80.78
5659,20.0,0.486,0.87,181.8,1,78.33
5660,20.0,0.504,0.68,177.0,1,78.72
5661,20.0,0.465,1.28,173.8,1,79.87
5662,20.0,0.489,1.16,171.7,1,78.97
5663,20.0,0.454,0.47,167.1,1,80.67
5664,20.0,0.455,1.14,162.3,1,80.91
5665,20.0,0.466,0.29,159.3,1,78.82
5666,20.0,0.547,0.66,155.2,1,80.01
5667,20.0,0.465,0.28,152.8,1,78.41
5668,20.0,0.471,0.51,150.4,1,79.68
5669,20.0,0.504,1.23,147.2,1,81.53
5670,20.0,0.525,0.99,145.2,1,81.66
5671,20.0,0.497,1.19,140.7,1,78.25
5672,20.0,0.46,0.74,136.6,1,79.22
5673,20.0,0.49,0.31,133.9,1,80.35
5674,20.0,0.477,0.26,130.0,1,78.4
5675,20.0,0.546,0.39,126.1,1,78.04
5676,20.0,0.495,0.26,121.9,1,80.05
5677,20.0,0.46,0.86,117.4,1,78.45
5678,20.0,0.477,1.02,114.4,1,78.15
5679,20.0,0.527,0.1,110.5,1,78.65
5680,20.0,0.478,0.94,107.9,1,80.75
5681,20.0,0.455,0.19,105.5,1,80.01
5682,20.0,0.465,0.29,100.7,1,78.46
5683,20.0,0.461,0.24,97.5,1,79.02
5684,20.0,0.515,0.53,94.8,1,78.69
5685,20.0,0.522,0.42,92.4,1,79.99
5686,20.0,0.474,0.51,88.8,1,79.26
5687,20.0,0.461,0.34,85.4,1,78.54
5688,20.0,0.522,0.83,82.3,1,81.42
5689,20.0,0.509,0.59,77.9,1,79.34
5690,20.0,0.541,0.63,75.8,1,79.74
5691,20.0,0.543,0.56,72.9,1,80.27
5692,20.0,0.543,0.26,68.5,1,81.4
5693,20.0,0.528,-0.08,66.0,1,80.79
5694,20.0,0.495,0.34,62.8,1,80.22
5695,20.0,0.469,-0.14,59.2,1,81.78
5696,20.0,0.508,0.56,54.4,1,81.22
5697,20.0,0.539,0.53,52.1,1,80.76
5698,20.0,0.452,0.35,50.0,1,78.52
5699,20.0,0.469,0.7,47.0,1,79.32
5700,20.0,0.475,0.08,44.3,1,80.25
5701,20.0,0.54,-0.13,40.5,1,79.39
5702,20.0,0.466,0.62,37.2,1,80.56
5703,20.0,0.497,0.58,33.4,1,78.94
5704,20.0,0.521,0.6,31.3,1,80.85
5705,20.0,0.539,0.12,26.4,1,81.87
5706,20.0,0.511,-0.18,22.4,1,81.84
5707,20.0,0.503,-0.18,18.6,1,79.23
5708,20.0,0.538,-0.1,16.5,1,81.25
5709,20.0,0.452,0.26,14.3,1,81.34
5710,20.0,0.47,-0.12,9.8,1,81.01
5711,20.0,0.458,-0.35,6.9,1,81.93
5712,20.0,0.495,0.27,3.7,1,78.33
5713,20.0,0.483,-0.48,0.0,1,79.67
5714,20.0,0.513,-0.37,0.0,1,80.89
5715,20.0,0.518,0.07,0.0,1,78.42
5716,20.0,0.457,0.33,0.0,1,81.86
5717,20.0,0.463,0.05,0.0,1,81.6
5718,20.0,0.508,-0.37,0.0,1,81.79
5719,20.0,0.484,0.38,0.0,1,79.09
5720,20.0,0.49,0.3,0.0,1,78.63
5721,20.0,0.489,-0.29,0.0,1,80.28
5722,20.0,0.521,0.45,0.0,1,78.95
5723,20.0,0.528,0.41,0.0,1,81.64
5724,20.0,0.502,-0.36,0.0,1,80.36
5725,20.0,0.497,0.48,0.0,1,80.98
5726,20.0,0.46,0.35,0.0,1,78.78
5727,20.0,0.487,-0.38,0.0,1,78.03
5728,20.0,0.502,-0.19,0.0,1,80.93
5729,20.0,0.46,0.47,0.0,1,79.5
5730,20.0,0.494,-0.49,0.0,1,80.94
5731,20.0,0.486,-0.29,0.0,1,80.8
5732,20.0,0.492,-0.2,0.0,1,81.52
5733,20.0,0.529,-0.26,0.0,1,78.38
5734,20.0,0.488,-0.01,0.0,1,79.08
5735,20.0,0.524,-0.25,0.0,1,78.78
5736,20.0,0.545,0.35,0.0,1,80.26
5737,20.0,0.536,-0.13,0.0,1,81.97
5738,20.0,0.525,0.02,0.0,1,78.18
5739,20.0,0.481,0.07,0.0,1,81.2
5740,20.0,0.453,-0.28,0.0,1,80.91
5741,20.0,0.547,0.17,0.0,1,78.02
5742,20.0,0.488,0.2,0.0,1,79.67
5743,20.0,0.485,-0.19,0.0,1,81.97
5744,20.0,0.526,0.43,0.0,1,79.75
5745,20.0,0.467,0.26,0.0,1,79.49
5746,20.0,0.52,0.26,0.0,1,80.62
5747,20.0,0.524,0.12,0.0,1,79.24
5748,20.0,0.52,-0.22,0.0,1,79.52
5749,20.0,0.509,-0.07,0.0,1,78.2
5750,20.0,0.496,-0.19,0.0,1,80.57
5751,20.0,0.541,-0.41,0.0,1,80.85
5752,20.0,0.505,0.19,0.0,1,79.32
5753,20.0,0.498,0.17,0.0,1,81.99
5754,20.0,0.456,-0.22,0.0,1,80.11
5755,20.0,0.464,0.47,0.0,1,78.46
5756,20.0,0.458,0.03,0.0,1,79.34
5757,20.0,0.457,0.15,0.0,1,80.67
5758,20.0,0.526,-0.03,0.0,1,80.91
5759,20.0,0.517,0.39,0.0,1,79.72
5760,20.0,0.539,-0.48,0.0,1,81.65
5761,20.0,0.502,-0.39,0.0,1,78.73
5762,20.0,0.535,0.46,0.0,1,80.3
5763,20.0,0.496,0.09,0.0,1,79.29
5764,20.0,0.51,-0.35,0.0,1,79.62
5765,20.0,0.548,-0.44,0.0,1,80.66
5766,20.0,0.545,-0.06,0.0,1,78.36
5767,20.0,0.538,-0.1,0.0,1,81.9
5768,20.0,0.478,-0.06,0.0,1,78.76
5769,20.0,0.539,0.22,0.0,1,78.32
5770,20.0,0.467,0.47,0.0,1,79.38
5771,20.0,0.482,-0.1,0.0,1,78.64
5772,20.0,0.493,1.52,306.2,0,0.0
5773,20.0,0.491,1.47,310.6,0,0.0
5774,20.0,0.517,1.34,296.3,0,0.0
5775,20.0,0.491,1.06,286.9,0,0.0
5776,20.0,0.488,1.52,313.6,0,0.0
5777,20.0,0.481,1.0,287.1,0,0.0
5778,20.0,0.519,1.61,308.8,0,0.0
5779,20.0,0.509,1.89,311.8,0,0.0
5780,20.0,0.503,1.79,295.7,0,0.0
5781,20.0,0.505,1.24,295.7,0,0.0
5782,20.0,0.501,1.42,291.4,0,0.0
5783,20.0,0.512,1.72,309.7,0,0.0
5784,20.0,0.509,1.35,287.4,0,0.0
5785,20.0,0.49,1.31,294.7,0,0.0
5786,20.0,0.501,1.71,297.6,0,0.0
5787,20.0,0.516,1.21,300.3,0,0.0
5788,20.0,0.518,1.95,306.7,0,0.0
5789,20.0,0.482,1.84,312.2,0,0.0
5790,20.0,0.499,1.73,314.0,0,0.0
5791,20.0,0.506,1.91,296.5,0,0.0
5792,20.0,0.494,1.4,312.2,0,0.0
5793,20.0,0.506,1.31,310.6,0,0.0
5794,20.0,0.501,1.83,290.9,0,0.0
5795,20.0,0.482,1.72,302.3,0,0.0
5796,20.0,0.507,1.21,303.1,0,0.0
5797,20.0,0.513,2.0,295.4,0,0.0
5798,20.0,0.481,0.9,290.0,0,0.0
5799,20.0,0.485,1.46,301.0,0,0.0
5800,20.0,0.515,1.89,298.8,0,0.0
5801,20.0,0.482,1.07,301.2,0,0.0
5802,20.0,0.503,1.13,290.6,0,0.0
5803,20.0,0.514,1.76,301.7,0,0.0
5804,20.0,0.51,1.58,307.0,0,0.0
5805,20.0,0.484,1.54,301.4,0,0.0
5806,20.0,0.485,1.78,301.8,0,0.0
5807,20.0,0.499,1.27,293.7,0,0.0
5808,20.0,0.481,0.99,300.9,0,0.0
5809,20.0,0.491,1.22,304.1,0,0.0
5810,20.0,0.518,1.12,307.6,0,0.0
5811,20.0,0.508,1.44,286.3,0,0.0
5812,20.0,0.508,1.26,311.2,0,0.0
5813,20.0,0.502,1.66,285.1,0,0.0
5814,20.0,0.516,1.33,308.4,0,0.0
5815,20.0,0.498,1.75,310.1,0,0.0
5816,20.0,0.488,1.71,309.2,0,0.0
5817,20.0,0.515,1.95,309.3,0,0.0
5818,20.0,0.494,1.66,303.6,0,0.0
5819,20.0,0.486,1.56,298.1,0,0.0
5820,20.0,0.516,1.64,314.4,0,0.0
5821,20.0,0.481,1.37,297.9,0,0.0
5822,20.0,0.5,1.64,296.7,0,0.0
5823,20.0,0.506,1.62,303.1,0,0.0
5824,20.0,0.486,1.81,299.1,0,0.0
5825,20.0,0.509,1.78,309.6,0,0.0
5826,20.0,0.52,1.1,300.9,0,0.0
5827,20.0,0.484,1.17,305.3,0,0.0
5828,20.0,0.514,1.26,288.3,0,0.0
5829,20.0,0.514,1.71,286.8,0,0.0
5830,20.0,0.484,1.17,303.7,0,0.0
5831,20.0,0.482,1.71,288.9,0,0.0
5832,20.0,0.501,1.11,302.3,0,0.0
5833,20.0,0.511,1.21,285.6,0,0.0
5834,20.0,0.499,1.77,310.1,0,0.0
5835,20.0,0.489,1.1,291.5,0,0.0
5836,20.0,0.487,1.38,294.2,0,0.0
5837,20.0,0.497,1.15,312.7,0,0.0
5838,20.0,0.483,1.64,287.7,0,0.0
5839,20.0,0.485,1.6,314.5,0,0.0
5840,20.0,0.493,1.71,309.2,0,0.0
5841,20.0,0.482,1.61,310.2,0,0.0
5842,20.0,0.498,1.57,314.4,0,0.0
5843,20.0,0.49,1.09,309.1,0,0.0
5844,20.0,0.515,2.0,310.8,0,0.0
5845,20.0,0.511,1.33,305.5,0,0.0
5846,20.0,0.491,1.05,295.2,0,0.0
5847,20.0,0.51,1.41,311.1,0,0.0
5848,20.0,0.482,1.46,291.6,0,0.0
5849,20.0,0.505,1.94,309.5,0,0.0
5850,20.0,0.515,1.87,307.5,0,0.0
5851,20.0,0.5,1.31,310.9,0,0.0
5852,20.0,0.509,1.8,288.3,0,0.0
5853,20.0,0.488,1.1,304.7,0,0.0
5854,20.0,0.52,1.14,313.9,0,0.0
5855,20.0,0.487,1.8,298.1,0,0.0
5856,20.0,0.498,1.75,310.3,0,0.0
5857,20.0,0.489,0.96,295.6,0,0.0
5858,20.0,0.5,1.62,297.0,0,0.0
5859,20.0,0.514,1.78,292.9,0,0.0
5860,20.0,0.495,1.21,309.7,0,0.0
5861,20.0,0.497,1.39,300.7,0,0.0
5862,20.0,0.515,1.32,306.5,0,0.0
5863,20.0,0.494,1.89,290.7,0,0.0
5864,20.0,0.496,1.97,307.9,0,0.0
5865,20.0,0.482,1.17,294.2,0,0.0
5866,20.0,0.513,1.61,303.5,0,0.0
5867,20.0,0.488,1.52,297.8,0,0.0
5868,20.0,0.5,0.99,288.2,0,0.0
5869,20.0,0.494,1.74,297.5,0,0.0
5870,20.0,0.498,1.7,306.1,0,0.0
5871,20.0,0.484,1.6,305.1,0,0.0
5872,20.0,0.508,1.3,288.8,0,0.0
5873,20.0,0.489,1.05,298.7,0,0.0
5874,20.0,0.497,1.19,308.2,0,0.0
5875,20.0,0.507,1.36,291.8,0,0.0
5876,20.0,0.484,1.88,306.3,0,0.0
5877,20.0,0.483,1.75,291.0,0,0.0
5878,20.0,0.49,1.84,313.3,0,0.0
5879,20.0,0.499,1.58,302.3,0,0.0
5880,20.0,0.519,1.66,285.3,0,0.0
5881,20.0,0.509,1.33,290.2,0,0.0
5882,20.0,0.507,1.48,295.5,0,0.0
5883,20.0,0.485,1.33,307.7,0,0.0
5884,20.0,0.485,1.4,288.9,0,0.0
5885,20.0,0.481,1.5,314.0,0,0.0
5886,20.0,0.492,1.67,287.3,0,0.0
5887,20.0,0.491,1.33,313.1,0,0.0
5888,20.0,0.489,1.3,288.1,0,0.0
5889,20.0,0.511,1.35,292.8,0,0.0
5890,20.0,0.519,1.63,303.8,0,0.0
5891,20.0,0.509,1.22,297.4,0,0.0
5892,20.0,0.489,1.06,294.6,0,0.0
5893,20.0,0.484,1.76,285.0,0,0.0
5894,20.0,0.517,1.78,314.2,0,0.0
5895,20.0,0.488,1.14,293.9,0,0.0
5896,20.0,0.484,0.92,290.9,0,0.0
5897,20.0,0.482,0.94,290.4,0,0.0
5898,20.0,0.489,1.86,295.6,0,0.0
5899,20.0,0.485,1.58,290.6,0,0.0
5900,20.0,0.501,1.57,292.7,0,0.0
5901,20.0,0.487,1.46,313.9,0,0.0
5902,20.0,0.5,1.79,301.5,0,0.0
5903,20.0,0.506,1.16,312.0,0,0.0
5904,20.0,0.512,1.37,303.6,0,0.0
5905,20.0,0.515,1.14,287.7,0,0.0
5906,20.0,0.505,1.16,312.9,0,0.0
5907,20.0,0.505,1.26,301.4,0,0.0
5908,20.0,0.492,1.28,313.9,0,0.0
5909,20.0,0.519,2.01,303.2,0,0.0
5910,20.0,0.503,1.26,311.8,0,0.0
5911,20.0,0.491,1.56,290.1,0,0.0
5912,20.0,0.488,1.31,299.1,0,0.0
5913,20.0,0.481,1.81,300.0,0,0.0
5914,20.0,0.508,1.11,292.1,0,0.0
5915,20.0,0.488,1.42,303.7,0,0.0
5916,20.0,0.5,1.76,314.3,0,0.0
5917,20.0,0.512,1.97,292.8,0,0.0
5918,20.0,0.514,1.92,309.3,0,0.0
5919,20.0,0.512,1.08,287.9,0,0.0
5920,20.0,0.489,1.1,297.3,0,0.0
5921,20.0,0.49,1.42,308.3,0,0.0
5922,20.0,0.49,1.78,296.6,0,0.0
5923,20.0,0.509,1.97,310.2,0,0.0
5924,20.0,0.498,1.45,314.4,0,0.0
5925,20.0,0.508,1.96,298.3,0,0.0
5926,20.0,0.504,1.93,306.8,0,0.0
5927,20.0,0.495,1.01,294.3,0,0.0
5928,20.0,0.505,1.97,313.2,0,0.0
5929,20.0,0.509,1.28,293.8,0,0.0
5930,20.0,0.493,1.66,290.8,0,0.0
5931,20.0,0.519,1.61,292.9,0,0.0
5932,20.0,0.482,0.98,293.0,0,0.0
5933,20.0,0.519,1.1,299.4,0,0.0
5934,20.0,0.515,1.7,310.0,0,0.0
5935,20.0,0.511,1.74,286.2,0,0.0
5936,20.0,0.486,1.33,304.2,0,0.0
5937,20.0,0.514,1.15,310.5,0,0.0
5938,20.0,0.5,1.19,306.8,0,0.0
5939,20.0,0.516,1.77,291.9,0,0.0
5940,20.0,0.484,1.44,308.9,0,0.0
5941,20.0,0.489,1.44,290.6,0,0.0
5942,20.0,0.505,1.81,314.6,0,0.0
5943,20.0,0.492,1.73,303.3,0,0.0
5944,20.0,0.502,1.36,296.5,0,0.0
5945,20.0,0.512,1.02,292.5,0,0.0
5946,20.0,0.507,1.63,303.1,0,0.0
5947,20.0,0.504,1.31,305.7,0,0.0
5948,20.0,0.499,1.12,300.4,0,0.0
5949,20.0,0.513,1.43,294.5,0,0.0
5950,20.0,0.498,1.86,311.2,0,0.0
5951,20.0,0.489,1.89,302.6,0,0.0
5952,20.0,0.509,1.57,287.4,0,0.0
5953,20.0,0.503,1.32,310.9,0,0.0
5954,20.0,0.508,1.83,289.6,0,0.0
5955,20.0,0.509,1.79,288.0,0,0.0
5956,20.0,0.511,1.94,291.0,0,0.0
5957,20.0,0.505,1.97,308.5,0,0.0
5958,20.0,0.506,1.97,296.5,0,0.0
5959,20.0,0.515,1.45,308.1,0,0.0
5960,20.0,0.482,2.0,311.5,0,0.0
5961,20.0,0.483,1.37,293.3,0,0.0
5962,20.0,0.501,2.03,305.7,0,0.0
5963,20.0,0.482,1.97,306.0,0,0.0
5964,20.0,0.513,1.83,313.2,0,0.0
5965,20.0,0.501,1.1,302.2,0,0.0
5966,20.0,0.48,1.32,310.4,0,0.0
5967,20.0,0.498,1.0,298.4,0,0.0
5968,20.0,0.498,1.8,304.8,0,0.0
5969,20.0,0.518,1.37,306.0,0,0.0
5970,20.0,0.497,1.09,302.8,0,0.0
5971,20.0,0.515,1.64,290.3,0,0.0
5972,20.0,0.48,1.16,294.0,0,0.0
5973,20.0,0.499,1.95,294.8,0,0.0
5974,20.0,0.502,0.96,286.3,0,0.0
5975,20.0,0.493,1.84,304.3,0,0.0
5976,20.0,0.484,1.75,292.8,0,0.0
5977,20.0,0.506,1.17,294.2,0,0.0
5978,20.0,0.515,1.28,285.6,0,0.0
5979,20.0,0.506,1.58,287.6,0,0.0
5980,20.0,0.481,1.53,306.4,0,0.0
5981,20.0,0.52,1.33,285.9,0,0.0
5982,20.0,0.499,1.62,293.7,0,0.0
5983,20.0,0.519,1.6,285.7,0,0.0
5984,20.0,0.505,1.11,296.7,0,0.0
5985,20.0,0.495,1.73,301.0,0,0.0
5986,20.0,0.503,1.81,300.4,0,0.0
5987,20.0,0.486,0.91,287.8,0,0.0
5988,20.0,0.509,1.11,296.7,0,0.0
5989,20.0,0.482,1.3,309.4,0,0.0
5990,20.0,0.519,1.91,300.8,0,0.0
5991,20.0,0.484,1.73,306.3,0,0.0
5992,20.0,0.485,1.78,312.4,0,0.0
5993,20.0,0.507,1.21,289.5,0,0.0
5994,20.0,0.52,1.86,298.2,0,0.0
5995,20.0,0.496,1.1,300.7,0,0.0
5996,20.0,0.515,1.37,290.8,0,0.0
5997,20.0,0.48,0.96,287.4,0,0.0
5998,20.0,0.506,1.05,303.4,0,0.0
5999,20.0,0.505,1.31,309.6,0,0.0
6000,20.0,0.511,1.5,296.1,0,0.0
6001,20.0,0.51,1.67,308.7,0,0.0
6002,20.0,0.491,1.91,312.4,0,0.0
6003,20.0,0.503,1.92,291.4,0,0.0
6004,20.0,0.494,1.05,311.4,0,0.0
6005,20.0,0.509,1.9,304.2,0,0.0
6006,20.0,0.51,1.24,286.3,0,0.0
6007,20.0,0.481,1.22,313.1,0,0.0
6008,20.0,0.508,1.7,285.3,0,0.0
6009,20.0,0.505,1.32,291.5,0,0.0
6010,20.0,0.515,1.69,294.1,0,0.0
6011,20.0,0.51,1.1,292.1,0,0.0
6012,20.0,0.484,1.86,306.6,0,0.0
6013,20.0,0.483,1.45,301.6,0,0.0
6014,20.0,0.507,1.79,301.1,0,0.0
6015,20.0,0.495,1.66,304.7,0,0.0
6016,20.0,0.503,1.4,288.8,0,0.0
6017,20.0,0.501,1.14,310.0,0,0.0
6018,20.0,0.499,1.6,301.8,0,0.0
6019,20.0,0.483,1.01,311.0,0,0.0
6020,20.0,0.497,1.09,292.5,0,0.0
6021,20.0,0.502,1.48,287.1,0,0.0
6022,20.0,0.502,2.03,312.3,0,0.0
6023,20.0,0.511,1.93,286.7,0,0.0
6024,20.0,0.514,1.62,313.9,0,0.0
6025,20.0,0.495,1.09,304.0,0,0.0
6026,20.0,0.509,1.95,308.2,0,0.0
6027,20.0,0.517,1.26,291.9,0,0.0
6028,20.0,0.483,1.44,291.5,0,0.0
6029,20.0,0.508,1.87,301.4,0,0.0
6030,20.0,0.497,1.02,289.7,0,0.0
6031,20.0,0.497,1.13,286.2,0,0.0
6032,20.0,0.498,1.92,294.3,0,0.0
6033,20.0,0.513,1.13,286.8,0,0.0
6034,20.0,0.509,1.32,308.8,0,0.0
6035,20.0,0.511,1.14,295.4,0,0.0
6036,20.0,0.487,1.53,307.4,0,0.0
6037,20.0,0.491,1.4,286.8,0,0.0
6038,20.0,0.493,1.08,293.2,0,0.0
6039,20.0,0.512,1.44,296.5,0,0.0
6040,20.0,0.492,1.5,303.5,0,0.0
6041,20.0,0.488,1.21,285.5,0,0.0
6042,20.0,0.52,2.0,290.1,0,0.0
6043,20.0,0.486,1.07,292.7,0,0.0
6044,20.0,0.485,1.07,313.0,0,0.0
6045,20.0,0.51,1.03,288.2,0,0.0
6046,20.0,0.519,1.32,289.8,0,0.0
6047,20.0,0.51,1.79,304.5,0,0.0
6048,20.0,0.507,1.17,313.3,0,0.0
6049,20.0,0.483,1.73,285.2,0,0.0
6050,20.0,0.482,1.72,303.5,0,0.0
6051,20.0,0.485,1.62,299.9,0,0.0
6052,20.0,0.512,2.01,300.3,0,0.0
6053,20.0,0.492,1.21,308.5,0,0.0
6054,20.0,0.489,1.72,298.5,0,0.0
6055,20.0,0.5,1.38,286.6,0,0.0
6056,20.0,0.487,1.47,308.9,0,0.0
6057,20.0,0.484,1.56,297.9,0,0.0
6058,20.0,0.486,1.75,300.6,0,0.0
6059,20.0,0.512,1.8,313.0,0,0.0
6060,20.0,0.487,1.54,286.6,0,0.0
6061,20.0,0.501,1.71,298.5,0,0.0
6062,20.0,0.485,1.1,290.0,0,0.0
6063,20.0,0.497,1.49,288.1,0,0.0
6064,20.0,0.493,1.77,309.8,0,0.0
6065,20.0,0.488,1.36,294.4,0,0.0
6066,20.0,0.504,1.79,305.7,0,0.0
6067,20.0,0.505,1.17,308.6,0,0.0
6068,20.0,0.485,1.57,286.6,0,0.0
6069,20.0,0.502,2.04,306.9,0,0.0
6070,20.0,0.502,1.57,291.5,0,0.0
6071,20.0,0.504,1.83,308.6,0,0.0
6072,20.0,0.498,1.66,314.2,0,0.0
6073,20.0,0.492,1.53,306.4,0,0.0
6074,20.0,0.518,1.2,304.9,0,0.0
6075,20.0,0.482,1.79,289.0,0,0.0
6076,20.0,0.484,1.51,311.0,0,0.0
6077,20.0,0.492,1.87,300.1,0,0.0
6078,20.0,0.508,1.15,302.9,0,0.0
6079,20.0,0.51,1.98,302.2,0,0.0
6080,20.0,0.5,2.01,312.3,0,0.0
6081,20.0,0.514,1.18,311.7,0,0.0
6082,20.0,0.518,1.98,289.9,0,0.0
6083,20.0,0.51,1.96,300.3,0,0.0
6084,20.0,0.514,1.34,299.4,0,0.0
6085,20.0,0.504,1.47,295.7,0,0.0
6086,20.0,0.484,1.48,293.6,0,0.0
6087,20.0,0.501,1.06,298.7,0,0.0
6088,20.0,0.51,1.91,308.7,0,0.0
6089,20.0,0.502,1.84,295.1,0,0.0
6090,20.0,0.513,1.67,285.1,0,0.0
6091,20.0,0.504,1.37,301.0,0,0.0
6092,20.0,0.507,1.52,296.3,0,0.0
6093,20.0,0.488,1.81,309.6,0,0.0
6094,20.0,0.481,0.97,288.1,0,0.0
6095,20.0,0.506,1.79,305.7,0,0.0
6096,20.0,0.497,2.06,313.7,0,0.0
6097,20.0,0.488,1.51,286.2,0,0.0
6098,20.0,0.517,2.07,305.8,0,0.0
6099,20.0,0.51,1.7,308.3,0,0.0
6100,20.0,0.506,1.33,288.8,0,0.0
6101,20.0,0.518,1.98,297.3,0,0.0
6102,20.0,0.499,1.4,296.9,0,0.0
6103,20.0,0.516,1.69,302.7,0,0.0
6104,20.0,0.511,2.04,311.9,0,0.0
6105,20.0,0.486,1.85,303.1,0,0.0
6106,20.0,0.493,1.37,299.5,0,0.0
6107,20.0,0.485,1.63,307.1,0,0.0
6108,20.0,0.508,1.12,297.7,0,0.0
6109,20.0,0.503,1.74,301.2,0,0.0
6110,20.0,0.495,1.21,303.3,0,0.0
6111,20.0,0.487,1.81,314.6,0,0.0
6112,20.0,0.486,1.46,295.0,0,0.0
6113,20.0,0.504,1.97,302.1,0,0.0
6114,20.0,0.513,1.48,286.5,0,0.0
6115,20.0,0.488,1.27,306.1,0,0.0
6116,20.0,0.504,1.34,314.7,0,0.0
6117,20.0,0.503,1.32,288.7,0,0.0
6118,20.0,0.505,1.61,287.3,0,0.0
6119,20.0,0.498,1.23,304.5,0,0.0
6120,20.0,0.501,1.56,313.5,0,0.0
6121,20.0,0.501,1.81,304.0,0,0.0
6122,20.0,0.517,1.67,288.9,0,0.0
6123,20.0,0.487,1.8,285.9,0,0.0
6124,20.0,0.493,1.61,313.9,0,0.0
6125,20.0,0.508,1.15,299.8,0,0.0
6126,20.0,0.495,1.71,297.1,0,0.0
6127,20.0,0.507,1.49,303.0,0,0.0
6128,20.0,0.512,1.48,298.9,0,0.0
6129,20.0,0.484,1.43,311.4,0,0.0
6130,20.0,0.488,1.18,302.0,0,0.0
6131,20.0,0.519,1.59,308.5,0,0.0
6132,20.0,0.512,1.54,298.8,0,0.0
6133,20.0,0.488,1.24,295.0,0,0.0
6134,20.0,0.501,1.56,297.0,0,0.0
6135,20.0,0.494,1.58,287.4,0,0.0
6136,20.0,0.485,1.95,305.3,0,0.0
6137,20.0,0.499,1.38,296.9,0,0.0
6138,20.0,0.486,1.01,310.3,0,0.0
6139,20.0,0.486,1.47,290.3,0,0.0
6140,20.0,0.485,1.8,287.9,0,0.0
6141,20.0,0.502,1.29,311.6,0,0.0
6142,20.0,0.506,2.02,304.3,0,0.0
6143,20.0,0.502,1.25,292.6,0,0.0
6144,20.0,0.491,1.98,308.4,0,0.0
6145,20.0,0.488,1.94,313.0,0,0.0
6146,20.0,0.503,1.07,298.4,0,0.0
6147,20.0,0.487,1.36,300.0,0,0.0
6148,20.0,0.513,1.72,308.6,0,0.0
6149,20.0,0.496,1.8,306.3,0,0.0
6150,20.0,0.495,1.6,313.3,0,0.0
6151,20.0,0.511,1.52,311.9,0,0.0
6152,20.0,0.492,1.21,300.5,0,0.0
6153,20.0,0.504,1.18,293.0,0,0.0
6154,20.0,0.488,1.24,314.4,0,0.0
6155,20.0,0.514,1.67,291.3,0,0.0
6156,20.0,0.5,1.67,292.1,0,0.0
6157,20.0,0.507,1.96,311.2,0,0.0
6158,20.0,0.48,1.21,312.7,0,0.0
6159,20.0,0.49,1.81,295.4,0,0.0
6160,20.0,0.483,1.11,293.3,0,0.0
6161,20.0,0.494,1.07,310.9,0,0.0
6162,20.0,0.48,1.98,307.9,0,0.0
6163,20.0,0.507,1.77,311.7,0,0.0
6164,20.0,0.483,1.93,300.2,0,0.0
6165,20.0,0.511,1.82,306.5,0,0.0
6166,20.0,0.497,1.71,311.9,0,0.0
6167,20.0,0.491,1.85,286.0,0,0.0
6168,20.0,0.503,1.92,302.1,0,0.0
6169,20.0,0.491,0.98,286.9,0,0.0
6170,20.0,0.486,1.24,295.8,0,0.0
6171,20.0,0.485,1.81,307.5,0,0.0
6172,20.0,0.491,1.01,301.5,0,0.0
6173,20.0,0.498,1.07,312.5,0,0.0
6174,20.0,0.492,1.27,296.8,0,0.0
6175,20.0,0.505,1.63,307.1,0,0.0
6176,20.0,0.512,1.8,299.9,0,0.0
6177,20.0,0.514,1.14,306.8,0,0.0
6178,20.0,0.509,1.08,309.6,0,0.0
6179,20.0,0.486,1.5,310.3,0,0.0
6180,20.0,0.494,1.19,310.6,0,0.0
6181,20.0,0.496,1.93,298.1,0,0.0
6182,20.0,0.494,1.57,310.5,0,0.0
6183,20.0,0.519,1.65,294.0,0,0.0
6184,20.0,0.496,1.37,301.7,0,0.0
6185,20.0,0.488,1.68,306.9,0,0.0
6186,20.0,0.503,1.73,286.5,0,0.0
6187,20.0,0.51,1.22,298.8,0,0.0
6188,20.0,0.519,2.07,310.4,0,0.0
6189,20.0,0.492,1.32,308.5,0,0.0
6190,20.0,0.501,1.78,297.4,0,0.0
6191,20.0,0.509,1.11,294.9,0,0.0
6192,20.0,0.504,1.82,314.3,0,0.0
6193,20.0,0.492,1.72,315.0,0,0.0
6194,20.0,0.507,1.82,286.1,0,0.0
6195,20.0,0.499,1.67,286.8,0,0.0
6196,20.0,0.509,1.69,302.1,0,0.0
6197,20.0,0.515,1.49,311.7,0,0.0
6198,20.0,0.501,1.34,302.9,0,0.0
6199,20.0,0.51,1.24,311.8,0,0.0
6200,20.0,0.505,1.33,299.2,0,0.0
6201,20.0,0.504,1.2,305.5,0,0.0
6202,20.0,0.503,1.79,294.1,0,0.0
6203,20.0,0.487,1.12,296.7,0,0.0
6204,20.0,0.507,1.28,310.4,0,0.0
6205,20.0,0.503,1.51,306.5,0,0.0
6206,20.0,0.483,2.01,313.1,0,0.0
6207,20.0,0.517,1.49,314.5,0,0.0
6208,20.0,0.512,1.33,300.2,0,0.0
6209,20.0,0.484,1.29,305.4,0,0.0
6210,20.0,0.507,1.19,292.8,0,0.0
6211,20.0,0.498,1.75,301.6,0,0.0
6212,20.0,0.509,0.97,286.2,0,0.0
6213,20.0,0.513,1.43,286.9,0,0.0
6214,20.0,0.486,1.8,301.6,0,0.0
6215,20.0,0.514,1.97,290.7,0,0.0
6216,20.0,0.497,1.06,296.7,0,0.0
6217,20.0,0.516,2.01,308.0,0,0.0
6218,20.0,0.485,1.19,294.6,0,0.0
6219,20.0,0.503,1.68,300.7,0,0.0
6220,20.0,0.507,1.9,293.1,0,0.0
6221,20.0,0.483,1.64,310.2,0,0.0
6222,20.0,0.503,1.67,307.6,0,0.0
6223,20.0,0.514,1.64,286.6,0,0.0
6224,20.0,0.492,1.02,291.3,0,0.0
6225,20.0,0.493,1.7,311.3,0,0.0
6226,20.0,0.482,1.02,294.1,0,0.0
6227,20.0,0.487,1.25,304.5,0,0.0
6228,20.0,0.507,1.68,304.9,0,0.0
6229,20.0,0.483,1.96,314.9,0,0.0
6230,20.0,0.491,1.56,293.8,0,0.0
6231,20.0,0.502,1.4,295.8,0,0.0
6232,20.0,0.492,1.26,287.8,0,0.0
6233,20.0,0.517,1.57,303.7,0,0.0
6234,20.0,0.514,1.37,299.6,0,0.0
6235,20.0,0.506,1.27,291.2,0,0.0
6236,20.0,0.499,1.57,287.3,0,0.0
6237,20.0,0.513,1.79,293.1,0,0.0
6238,20.0,0.482,1.49,306.3,0,0.0
6239,20.0,0.518,1.73,292.1,0,0.0
6240,20.0,0.509,1.33,288.7,0,0.0
6241,20.0,0.5,1.19,288.3,0,0.0
6242,20.0,0.519,1.4,290.4,0,0.0
6243,20.0,0.492,1.12,314.6,0,0.0
6244,20.0,0.496,1.1,286.7,0,0.0
6245,20.0,0.499,1.01,298.6,0,0.0
6246,20.0,0.497,1.74,288.3,0,0.0
6247,20.0,0.515,1.79,301.7,0,0.0
6248,20.0,0.51,1.41,310.1,0,0.0
6249,20.0,0.5,1.85,311.1,0,0.0
6250,20.0,0.505,1.28,297.4,0,0.0
6251,20.0,0.504,1.88,300.7,0,0.0
6252,20.0,0.509,1.31,311.4,0,0.0
6253,20.0,0.512,1.73,299.6,0,0.0
6254,20.0,0.5,1.22,306.2,0,0.0
6255,20.0,0.517,1.18,287.0,0,0.0
6256,20.0,0.499,1.9,298.3,0,0.0
6257,20.0,0.498,1.66,288.8,0,0.0
6258,20.0,0.491,1.37,309.8,0,0.0
6259,20.0,0.483,1.3,287.8,0,0.0
6260,20.0,0.492,1.56,306.7,0,0.0
6261,20.0,0.516,1.62,290.4,0,0.0
6262,20.0,0.482,1.0,294.8,0,0.0
6263,20.0,0.501,1.77,295.6,0,0.0
6264,20.0,0.491,1.87,307.2,0,0.0
6265,20.0,0.499,1.5,302.6,0,0.0
6266,20.0,0.499,1.72,301.3,0,0.0
6267,20.0,0.504,1.18,286.1,0,0.0
6268,20.0,0.517,1.64,291.4,0,0.0
6269,20.0,0.481,1.56,308.5,0,0.0
6270,20.0,0.51,1.18,297.2,0,0.0
6271,20.0,0.491,1.01,288.3,0,0.0
6272,20.0,0.502,1.78,287.1,0,0.0
6273,20.0,0.492,1.73,305.4,0,0.0
6274,20.0,0.486,1.82,304.4,0,0.0
6275,20.0,0.517,1.14,292.5,0,0.0
6276,20.0,0.489,1.36,312.4,0,0.0
6277,20.0,0.505,1.8,291.4,0,0.0
6278,20.0,0.488,1.74,290.2,0,0.0
6279,20.0,0.496,1.06,290.3,0,0.0
6280,20.0,0.516,1.41,313.0,0,0.0
6281,20.0,0.486,1.14,311.4,0,0.0
6282,20.0,0.482,1.05,289.5,0,0.0
6283,20.0,0.519,1.72,290.1,0,0.0
6284,20.0,0.485,1.8,309.1,0,0.0
6285,20.0,0.507,1.83,304.5,0,0.0
6286,20.0,0.496,1.35,295.1,0,0.0
6287,20.0,0.505,1.9,298.8,0,0.0
6288,20.0,0.517,2.0,312.8,0,0.0
6289,20.0,0.499,1.78,311.4,0,0.0
6290,20.0,0.514,1.77,311.8,0,0.0
6291,20.0,0.517,1.7,294.3,0,0.0
6292,20.0,0.509,1.42,308.3,0,0.0
6293,20.0,0.491,1.61,288.5,0,0.0
6294,20.0,0.499,1.79,300.9,0,0.0
6295,20.0,0.491,2.03,314.4,0,0.0
6296,20.0,0.516,1.07,287.2,0,0.0
6297,20.0,0.485,1.06,299.6,0,0.0
6298,20.0,0.517,1.91,314.4,0,0.0
6299,20.0,0.512,1.71,301.7,0,0.0
6300,20.0,0.484,1.77,286.4,0,0.0
6301,20.0,0.503,1.5,306.6,0,0.0
6302,20.0,0.487,1.12,310.3,0,0.0
6303,20.0,0.513,1.35,307.0,0,0.0
6304,20.0,0.518,1.09,289.5,0,0.0
6305,20.0,0.489,1.76,305.1,0,0.0
6306,20.0,0.505,2.0,297.6,0,0.0
6307,20.0,0.509,1.07,304.3,0,0.0
6308,20.0,0.515,1.88,305.9,0,0.0
6309,20.0,0.508,1.73,292.6,0,0.0
6310,20.0,0.482,1.32,296.3,0,0.0
6311,20.0,0.499,1.84,302.9,0,0.0
6312,20.0,0.508,1.44,307.8,0,0.0
6313,20.0,0.498,1.88,306.9,0,0.0
6314,20.0,0.483,1.03,307.5,0,0.0
6315,20.0,0.482,0.97,288.6,0,0.0
6316,20.0,0.504,1.27,303.8,0,0.0
6317,20.0,0.491,1.47,301.4,0,0.0
6318,20.0,0.48,1.44,310.2,0,0.0
6319,20.0,0.49,1.74,297.0,0,0.0
6320,20.0,0.488,1.05,298.6,0,0.0
6321,20.0,0.494,0.98,297.1,0,0.0
6322,20.0,0.513,1.33,301.0,0,0.0
6323,20.0,0.518,1.12,286.4,0,0.0
6324,20.0,0.502,1.41,288.0,0,0.0
6325,20.0,0.483,1.14,297.1,0,0.0
6326,20.0,0.498,1.46,307.0,0,0.0
6327,20.0,0.501,1.79,307.5,0,0.0
6328,20.0,0.493,1.46,286.9,0,0.0
6329,20.0,0.507,1.12,296.0,0,0.0
6330,20.0,0.514,1.39,287.1,0,0.0
6331,20.0,0.519,2.03,295.3,0,0.0
6332,20.0,0.498,1.71,287.1,0,0.0
6333,20.0,0.514,1.63,293.5,0,0.0
6334,20.0,0.49,1.46,303.0,0,0.0
6335,20.0,0.511,1.71,301.0,0,0.0
6336,20.0,0.508,1.44,290.8,0,0.0
6337,20.0,0.485,1.26,292.5,0,0.0
6338,20.0,0.481,1.51,306.2,0,0.0
6339,20.0,0.48,1.99,312.8,0,0.0
6340,20.0,0.484,1.26,287.4,0,0.0
6341,20.0,0.496,1.56,299.3,0,0.0
6342,20.0,0.489,1.3,304.6,0,0.0
6343,20.0,0.494,1.53,307.7,0,0.0
6344,20.0,0.495,1.52,314.4,0,0.0
6345,20.0,0.499,1.22,299.9,0,0.0
6346,20.0,0.491,1.82,297.4,0,0.0
6347,20.0,0.515,1.47,299.0,0,0.0
6348,20.0,0.496,1.63,296.3,0,0.0
6349,20.0,0.489,1.21,296.5,0,0.0
6350,20.0,0.493,1.39,299.7,0,0.0
6351,20.0,0.5,1.17,303.4,0,0.0
6352,20.0,0.515,1.86,295.9,0,0.0
6353,20.0,0.488,1.78,305.9,0,0.0
6354,20.0,0.494,1.72,298.4,0,0.0
6355,20.0,0.503,1.97,299.4,0,0.0
6356,20.0,0.506,1.75,300.9,0,0.0
6357,20.0,0.509,0.99,287.7,0,0.0
6358,20.0,0.513,2.05,314.3,0,0.0
6359,20.0,0.511,1.54,290.7,0,0.0
6360,20.0,0.516,1.87,293.3,0,0.0
6361,20.0,0.511,1.29,305.4,0,0.0
6362,20.0,0.496,1.37,293.0,0,0.0
6363,20.0,0.492,1.27,314.7,0,0.0
6364,20.0,0.506,1.68,298.0,0,0.0
6365,20.0,0.518,1.58,291.8,0,0.0
6366,20.0,0.493,1.06,302.5,0,0.0
6367,20.0,0.487,1.71,313.2,0,0.0
6368,20.0,0.507,1.88,307.7,0,0.0
6369,20.0,0.505,1.19,310.4,0,0.0
6370,20.0,0.507,1.86,311.4,0,0.0
6371,20.0,0.506,1.08,306.4,0,0.0
6372,20.0,0.485,1.89,293.5,0,0.0
6373,20.0,0.509,1.34,309.7,0,0.0
6374,20.0,0.51,1.77,286.5,0,0.0
6375,20.0,0.481,1.24,311.3,0,0.0
6376,20.0,0.498,1.04,289.6,0,0.0
6377,20.0,0.502,1.16,312.0,0,0.0
6378,20.0,0.505,1.37,301.3,0,0.0
6379,20.0,0.502,1.27,307.5,0,0.0
6380,20.0,0.49,1.8,302.9,0,0.0
6381,20.0,0.511,1.29,305.4,0,0.0
6382,20.0,0.494,1.69,296.2,0,0.0
6383,20.0,0.518,1.94,288.0,0,0.0
6384,20.0,0.513,1.35,306.9,0,0.0
6385,20.0,0.509,1.21,306.1,0,0.0
6386,20.0,0.511,1.46,294.9,0,0.0
6387,20.0,0.499,1.59,298.2,0,0.0
6388,20.0,0.504,1.83,313.3,0,0.0
6389,20.0,0.507,1.29,288.2,0,0.0
6390,20.0,0.481,1.27,286.2,0,0.0
6391,20.0,0.505,1.34,311.4,0,0.0
6392,20.0,0.489,1.22,286.9,0,0.0
6393,20.0,0.504,1.1,296.9,0,0.0
6394,20.0,0.519,1.37,310.0,0,0.0
6395,20.0,0.498,1.07,295.7,0,0.0
6396,20.0,0.496,2.01,308.2,0,0.0
6397,20.0,0.493,1.37,297.5,0,0.0
6398,20.0,0.517,1.44,314.5,0,0.0
6399,20.0,0.504,1.2,292.5,0,0.0
6400,20.0,0.511,1.49,306.1,0,0.0
6401,20.0,0.518,1.74,306.0,0,0.0
6402,20.0,0.503,1.51,287.8,0,0.0
6403,20.0,0.491,1.65,301.0,0,0.0
6404,20.0,0.49,1.47,286.2,0,0.0
6405,20.0,0.483,1.59,287.2,0,0.0
6406,20.0,0.52,1.59,305.6,0,0.0
6407,20.0,0.517,1.82,286.3,0,0.0
6408,20.0,0.5,1.24,289.1,0,0.0
6409,20.0,0.48,1.28,291.1,0,0.0
6410,20.0,0.482,1.07,313.4,0,0.0
6411,20.0,0.496,1.08,312.7,0,0.0
6412,20.0,0.507,1.48,307.4,0,0.0
6413,20.0,0.508,1.06,291.4,0,0.0
6414,20.0,0.505,1.46,298.2,0,0.0
6415,20.0,0.514,1.2,310.6,0,0.0
6416,20.0,0.509,1.88,299.9,0,0.0
6417,20.0,0.517,1.13,288.9,0,0.0
6418,20.0,0.496,1.1,305.3,0,0.0
6419,20.0,0.518,2.0,303.5,0,0.0
6420,20.0,0.485,1.69,302.9,0,0.0
6421,20.0,0.511,1.01,289.8,0,0.0
6422,20.0,0.513,1.67,289.3,0,0.0
6423,20.0,0.503,1.3,291.9,0,0.0
6424,20.0,0.506,1.66,300.7,0,0.0
6425,20.0,0.489,1.25,287.3,0,0.0
6426,20.0,0.509,1.7,302.0,0,0.0
6427,20.0,0.508,1.92,292.1,0,0.0
6428,20.0,0.518,1.35,302.0,0,0.0
6429,20.0,0.501,1.06,308.7,0,0.0
6430,20.0,0.513,1.82,296.1,0,0.0
6431,20.0,0.482,1.27,308.7,0,0.0
6432,20.0,0.509,1.41,290.1,0,0.0
6433,20.0,0.487,1.57,308.3,0,0.0
6434,20.0,0.508,1.03,297.2,0,0.0
6435,20.0,0.494,1.7,300.2,0,0.0
6436,20.0,0.499,1.27,308.4,0,0.0
6437,20.0,0.482,1.64,309.2,0,0.0
6438,20.0,0.483,1.94,308.0,0,0.0
6439,20.0,0.51,1.91,298.6,0,0.0
6440,20.0,0.506,1.15,299.8,0,0.0
6441,20.0,0.487,0.97,294.0,0,0.0
6442,20.0,0.504,1.56,300.2,0,0.0
6443,20.0,0.502,1.99,312.2,0,0.0
6444,20.0,0.508,1.62,295.0,0,0.0
6445,20.0,0.491,1.14,291.2,0,0.0
6446,20.0,0.512,1.27,298.4,0,0.0
6447,20.0,0.491,1.04,288.6,0,0.0
6448,20.0,0.514,1.14,288.7,0,0.0
6449,20.0,0.494,1.14,285.9,0,0.0
6450,20.0,0.496,1.05,305.7,0,0.0
6451,20.0,0.486,1.83,301.9,0,0.0
6452,20.0,0.488,1.07,311.4,0,0.0
6453,20.0,0.496,1.98,298.3,0,0.0
6454,20.0,0.513,1.57,285.0,0,0.0
6455,20.0,0.484,1.9,304.0,0,0.0
6456,20.0,0.505,1.8,293.7,0,0.0
6457,20.0,0.513,1.62,312.5,0,0.0
6458,20.0,0.51,1.89,294.6,0,0.0
6459,20.0,0.482,1.59,300.2,0,0.0
6460,20.0,0.484,1.31,292.4,0,0.0
6461,20.0,0.497,1.02,300.5,0,0.0
6462,20.0,0.505,1.23,285.4,0,0.0
6463,20.0,0.489,1.34,314.2,0,0.0
6464,20.0,0.52,1.5,302.6,0,0.0
6465,20.0,0.518,1.43,294.9,0,0.0
6466,20.0,0.516,1.86,297.1,0,0.0
6467,20.0,0.514,1.96,297.0,0,0.0
6468,20.0,0.502,1.88,294.8,0,0.0
6469,20.0,0.5,1.68,305.2,0,0.0
6470,20.0,0.482,0.96,299.8,0,0.0
6471,20.0,0.512,1.7,297.7,0,0.0
6472,20.0,0.514,1.29,308.5,0,0.0
6473,20.0,0.508,1.89,312.7,0,0.0
6474,20.0,0.519,1.84,286.8,0,0.0
6475,20.0,0.487,1.6,309.6,0,0.0
6476,20.0,0.506,1.15,293.0,0,0.0
6477,20.0,0.487,1.97,312.9,0,0.0
6478,20.0,0.506,1.78,309.7,0,0.0
6479,20.0,0.506,1.31,298.3,0,0.0
6480,20.0,0.507,1.13,309.2,0,0.0
6481,20.0,0.505,2.05,308.6,0,0.0
6482,20.0,0.517,1.67,287.8,0,0.0
6483,20.0,0.499,1.33,289.0,0,0.0
6484,20.0,0.493,1.24,297.8,0,0.0
6485,20.0,0.481,1.44,304.5,0,0.0
6486,20.0,0.516,1.76,291.2,0,0.0
6487,20.0,0.517,1.68,314.4,0,0.0
6488,20.0,0.498,1.37,300.0,0,0.0
6489,20.0,0.488,1.57,302.5,0,0.0
6490,20.0,0.507,1.62,299.6,0,0.0
6491,20.0,0.507,1.28,298.1,0,0.0
6492,20.0,0.498,1.16,295.4,0,0.0
6493,20.0,0.484,0.93,285.4,0,0.0
6494,20.0,0.482,1.09,298.1,0,0.0
6495,20.0,0.498,1.1,290.9,0,0.0
6496,20.0,0.497,1.45,292.7,0,0.0
6497,20.0,0.508,0.99,293.6,0,0.0
6498,20.0,0.506,1.48,299.3,0,0.0
6499,20.0,0.506,1.92,297.4,0,0.0
6500,20.0,0.5,1.85,289.2,0,0.0
6501,20.0,0.498,1.92,300.8,0,0.0
6502,20.0,0.485,1.73,286.2,0,0.0
6503,20.0,0.513,1.57,288.6,0,0.0
6504,20.0,0.481,1.24,296.4,0,0.0
6505,20.0,0.508,1.75,291.6,0,0.0
6506,20.0,0.509,1.41,293.0,0,0.0
6507,20.0,0.518,1.38,296.1,0,0.0
6508,20.0,0.5,1.45,292.4,0,0.0
6509,20.0,0.484,1.85,287.8,0,0.0
6510,20.0,0.495,1.76,292.9,0,0.0
6511,20.0,0.509,1.87,309.9,0,0.0
6512,20.0,0.483,1.88,302.5,0,0.0
6513,20.0,0.494,1.43,312.9,0,0.0
6514,20.0,0.499,1.06,299.3,0,0.0
6515,20.0,0.505,1.8,299.3,0,0.0
6516,20.0,0.517,1.85,313.2,0,0.0
6517,20.0,0.504,1.88,295.3,0,0.0
6518,20.0,0.487,1.48,312.7,0,0.0
6519,20.0,0.503,1.69,293.3,0,0.0
6520,20.0,0.482,1.06,312.9,0,0.0
6521,20.0,0.511,2.0,313.3,0,0.0
6522,20.0,0.511,1.72,304.5,0,0.0
6523,20.0,0.508,1.9,295.1,0,0.0
6524,20.0,0.487,1.53,306.3,0,0.0
6525,20.0,0.498,0.98,285.5,0,0.0
6526,20.0,0.51,1.48,297.9,0,0.0
6527,20.0,0.509,1.7,301.2,0,0.0
6528,20.0,0.509,1.41,286.2,0,0.0
6529,20.0,0.501,2.0,302.8,0,0.0
6530,20.0,0.517,1.46,312.7,0,0.0
6531,20.0,0.502,1.33,300.6,0,0.0
6532,20.0,0.484,0.94,289.0,0,0.0
6533,20.0,0.514,2.09,314.2,0,0.0
6534,20.0,0.497,1.68,289.3,0,0.0
6535,20.0,0.505,1.24,301.2,0,0.0
6536,20.0,0.504,1.51,289.4,0,0.0
6537,20.0,0.496,1.77,286.0,0,0.0
6538,20.0,0.492,1.14,307.0,0,0.0
6539,20.0,0.513,1.04,297.1,0,0.0
6540,20.0,0.492,1.03,287.1,0,0.0
6541,20.0,0.514,1.97,291.8,0,0.0
6542,20.0,0.483,1.11,293.3,0,0.0
6543,20.0,0.485,1.19,309.4,0,0.0
6544,20.0,0.483,1.91,298.6,0,0.0
6545,20.0,0.518,1.86,307.1,0,0.0
6546,20.0,0.514,1.42,313.5,0,0.0
6547,20.0,0.511,1.32,301.5,0,0.0
6548,20.0,0.509,1.62,294.7,0,0.0
6549,20.0,0.497,1.27,289.6,0,0.0
6550,20.0,0.484,1.56,298.8,0,0.0
6551,20.0,0.508,1.57,286.8,0,0.0
6552,20.0,0.511,1.85,314.4,0,0.0
6553,20.0,0.498,1.23,291.2,0,0.0
6554,20.0,0.505,1.68,305.2,0,0.0
6555,20.0,0.504,1.8,302.4,0,0.0
6556,20.0,0.503,1.97,306.2,0,0.0
6557,20.0,0.5,1.32,290.2,0,0.0
6558,20.0,0.495,1.26,305.3,0,0.0
6559,20.0,0.516,1.05,298.4,0,0.0
6560,20.0,0.504,1.53,300.2,0,0.0
6561,20.0,0.487,1.62,288.8,0,0.0
6562,20.0,0.481,1.15,288.8,0,0.0
6563,20.0,0.5,1.8,289.7,0,0.0
6564,20.0,0.496,1.3,295.7,0,0.0
6565,20.0,0.509,1.38,304.6,0,0.0
6566,20.0,0.491,0.96,288.6,0,0.0
6567,20.0,0.487,1.84,308.1,0,0.0
6568,20.0,0.52,1.19,297.9,0,0.0
6569,20.0,0.517,1.87,288.7,0,0.0
6570,20.0,0.486,1.42,312.8,0,0.0
6571,20.0,0.481,1.17,287.2,0,0.0
6572,20.0,0.515,1.16,288.9,0,0.0
6573,20.0,0.499,1.86,312.9,0,0.0
6574,20.0,0.493,1.5,299.4,0,0.0
6575,20.0,0.492,1.57,288.9,0,0.0
6576,20.0,0.509,1.79,297.9,0,0.0
6577,20.0,0.483,1.4,286.7,0,0.0
6578,20.0,0.52,1.28,314.6,0,0.0
6579,20.0,0.504,1.41,292.3,0,0.0
6580,20.0,0.504,2.03,310.5,0,0.0
6581,20.0,0.496,1.91,313.1,0,0.0
6582,20.0,0.501,1.04,305.2,0,0.0
6583,20.0,0.486,1.44,299.3,0,0.0
6584,20.0,0.493,1.4,296.5,0,0.0
6585,20.0,0.48,1.5,307.9,0,0.0
6586,20.0,0.488,1.28,312.9,0,0.0
6587,20.0,0.498,1.84,308.9,0,0.0
6588,20.0,0.514,1.06,287.0,0,0.0
6589,20.0,0.492,1.43,312.5,0,0.0
6590,20.0,0.515,1.71,287.9,0,0.0
6591,20.0,0.495,1.37,295.7,0,0.0
6592,20.0,0.513,1.96,309.4,0,0.0
6593,20.0,0.484,1.6,298.5,0,0.0
6594,20.0,0.509,1.85,292.1,0,0.0
6595,20.0,0.5,1.64,307.4,0,0.0
6596,20.0,0.52,1.34,312.7,0,0.0
6597,20.0,0.5,1.2,304.4,0,0.0
6598,20.0,0.508,1.93,291.2,0,0.0
6599,20.0,0.514,1.86,305.1,0,0.0
6600,20.0,0.509,1.6,292.9,0,0.0
6601,20.0,0.483,1.2,308.7,0,0.0
6602,20.0,0.493,1.96,306.2,0,0.0
6603,20.0,0.515,1.89,298.7,0,0.0
6604,20.0,0.486,1.68,302.6,0,0.0
6605,20.0,0.496,1.85,313.4,0,0.0
6606,20.0,0.5,1.64,302.1,0,0.0
6607,20.0,0.494,1.09,295.4,0,0.0
6608,20.0,0.509,1.73,291.4,0,0.0
6609,20.0,0.483,1.96,306.9,0,0.0
6610,20.0,0.492,1.13,313.0,0,0.0
6611,20.0,0.488,1.88,301.1,0,0.0
6612,20.0,0.514,1.06,290.6,0,0.0
6613,20.0,0.495,1.04,297.9,0,0.0
6614,20.0,0.513,1.83,301.8,0,0.0
6615,20.0,0.496,1.45,310.4,0,0.0
6616,20.0,0.484,2.01,312.1,0,0.0
6617,20.0,0.519,1.86,286.9,0,0.0
6618,20.0,0.514,1.39,312.4,0,0.0
6619,20.0,0.481,1.69,314.2,0,0.0
6620,20.0,0.488,1.93,313.8,0,0.0
6621,20.0,0.509,1.14,303.4,0,0.0
6622,20.0,0.486,1.75,289.5,0,0.0
6623,20.0,0.493,1.2,301.1,0,0.0
6624,20.0,0.513,1.43,301.5,0,0.0
6625,20.0,0.48,1.22,308.6,0,0.0
6626,20.0,0.503,1.96,293.6,0,0.0
6627,20.0,0.488,1.69,296.2,0,0.0
6628,20.0,0.506,1.29,314.0,0,0.0
6629,20.0,0.518,1.41,314.0,0,0.0
6630,20.0,0.484,1.53,292.2,0,0.0
6631,20.0,0.517,1.15,295.4,0,0.0
6632,20.0,0.487,1.06,288.4,0,0.0
6633,20.0,0.483,0.98,289.8,0,0.0
6634,20.0,0.519,1.58,293.8,0,0.0
6635,20.0,0.506,1.14,308.2,0,0.0
6636,20.0,0.491,1.11,310.0,0,0.0
6637,20.0,0.48,1.69,311.5,0,0.0
6638,20.0,0.481,1.88,310.8,0,0.0
6639,20.0,0.494,1.11,309.8,0,0.0
6640,20.0,0.502,1.25,295.7,0,0.0
6641,20.0,0.5,1.57,301.1,0,0.0
6642,20.0,0.492,1.17,291.3,0,0.0
6643,20.0,0.481,0.97,289.0,0,0.0
6644,20.0,0.497,1.99,307.4,0,0.0
6645,20.0,0.517,2.04,309.2,0,0.0
6646,20.0,0.488,1.92,298.8,0,0.0
6647,20.0,0.515,1.35,301.0,0,0.0
6648,20.0,0.516,1.28,310.8,0,0.0
6649,20.0,0.51,1.22,300.5,0,0.0
6650,20.0,0.489,1.69,289.9,0,0.0
6651,20.0,0.503,1.35,304.0,0,0.0
6652,20.0,0.495,1.58,311.3,0,0.0
6653,20.0,0.5,1.39,301.9,0,0.0
6654,20.0,0.487,1.14,314.9,0,0.0
6655,20.0,0.514,1.86,307.6,0,0.0
6656,20.0,0.519,1.5,302.7,0,0.0
6657,20.0,0.487,1.61,285.1,0,0.0
6658,20.0,0.502,1.29,293.8,0,0.0
6659,20.0,0.515,1.49,306.4,0,0.0
6660,20.0,0.491,1.14,300.0,0,0.0
6661,20.0,0.48,1.38,312.7,0,0.0
6662,20.0,0.519,1.18,305.6,0,0.0
6663,20.0,0.515,1.83,306.1,0,0.0
6664,20.0,0.507,1.74,292.7,0,0.0
6665,20.0,0.498,1.53,312.2,0,0.0
6666,20.0,0.481,1.74,295.1,0,0.0
6667,20.0,0.5,1.74,285.5,0,0.0
6668,20.0,0.484,1.46,288.3,0,0.0
6669,20.0,0.508,1.56,297.8,0,0.0
6670,20.0,0.482,1.38,299.4,0,0.0
6671,20.0,0.514,1.07,293.9,0,0.0
6672,20.0,0.499,1.59,298.8,0,0.0
6673,20.0,0.52,1.45,295.5,0,0.0
6674,20.0,0.496,1.44,285.1,0,0.0
6675,20.0,0.495,1.22,297.5,0,0.0
6676,20.0,0.495,1.95,298.2,0,0.0
6677,20.0,0.486,1.66,313.5,0,0.0
6678,20.0,0.497,1.08,296.1,0,0.0
6679,20.0,0.486,1.01,301.2,0,0.0
6680,20.0,0.492,1.79,285.8,0,0.0
6681,20.0,0.482,1.25,314.2,0,0.0
6682,20.0,0.483,1.48,297.1,0,0.0
6683,20.0,0.494,0.97,285.2,0,0.0
6684,20.0,0.489,1.27,290.7,0,0.0
6685,20.0,0.49,1.29,304.6,0,0.0
6686,20.0,0.48,1.35,298.8,0,0.0
6687,20.0,0.494,1.82,293.9,0,0.0
6688,20.0,0.514,1.62,292.7,0,0.0
6689,20.0,0.494,1.58,310.4,0,0.0
6690,20.0,0.486,1.4,298.1,0,0.0
6691,20.0,0.498,1.94,292.2,0,0.0
6692,20.0,0.51,1.64,297.3,0,0.0
6693,20.0,0.482,1.59,311.8,0,0.0
6694,20.0,0.497,2.04,313.7,0,0.0
6695,20.0,0.482,1.31,305.2,0,0.0
6696,20.0,0.511,1.21,297.6,0,0.0
6697,20.0,0.491,1.74,304.2,0,0.0
6698,20.0,0.517,1.34,307.5,0,0.0
6699,20.0,0.504,0.96,285.5,0,0.0
6700,20.0,0.491,1.85,291.5,0,0.0
6701,20.0,0.503,1.56,286.3,0,0.0
6702,20.0,0.485,1.23,292.2,0,0.0
6703,20.0,0.511,1.4,306.9,0,0.0
6704,20.0,0.508,1.75,289.0,0,0.0
6705,20.0,0.491,1.24,289.0,0,0.0
6706,20.0,0.502,1.22,305.2,0,0.0
6707,20.0,0.49,1.68,307.9,0,0.0
6708,20.0,0.489,1.24,310.4,0,0.0
6709,20.0,0.496,1.82,308.2,0,0.0
6710,20.0,0.497,1.22,292.2,0,0.0
6711,20.0,0.509,1.68,299.3,0,0.0
6712,20.0,0.505,1.57,288.4,0,0.0
6713,20.0,0.485,1.16,307.0,0,0.0
6714,20.0,0.494,1.62,311.9,0,0.0
6715,20.0,0.495,1.58,310.9,0,0.0
6716,20.0,0.483,1.58,303.3,0,0.0
6717,20.0,0.496,1.21,310.6,0,0.0
6718,20.0,0.498,1.61,301.3,0,0.0
6719,20.0,0.516,1.85,306.0,0,0.0
6720,20.0,0.501,1.43,298.9,0,0.0
6721,20.0,0.501,1.14,301.5,0,0.0
6722,20.0,0.511,1.0,286.1,0,0.0
6723,20.0,0.491,1.86,306.7,0,0.0
6724,20.0,0.51,1.84,295.8,0,0.0
6725,20.0,0.481,1.25,287.2,0,0.0
6726,20.0,0.488,1.32,311.3,0,0.0
6727,20.0,0.493,1.8,305.4,0,0.0
6728,20.0,0.483,1.89,307.5,0,0.0
6729,20.0,0.513,1.59,288.7,0,0.0
6730,20.0,0.505,1.1,292.6,0,0.0
6731,20.0,0.501,1.67,314.3,0,0.0
6732,20.0,0.492,1.17,303.1,0,0.0
6733,20.0,0.512,1.24,289.6,0,0.0
6734,20.0,0.491,1.71,306.9,0,0.0
6735,20.0,0.483,1.17,303.7,0,0.0
6736,20.0,0.52,2.06,313.4,0,0.0
6737,20.0,0.48,1.8,285.5,0,0.0
6738,20.0,0.516,1.47,291.4,0,0.0
6739,20.0,0.497,1.31,307.3,0,0.0
6740,20.0,0.507,1.25,305.6,0,0.0
6741,20.0,0.499,1.04,299.5,0,0.0
6742,20.0,0.495,1.2,304.5,0,0.0
6743,20.0,0.48,1.53,312.7,0,0.0
6744,20.0,0.505,1.21,313.9,0,0.0
6745,20.0,0.515,1.67,295.4,0,0.0
6746,20.0,0.496,1.65,303.0,0,0.0
6747,20.0,0.5,1.02,286.2,0,0.0
6748,20.0,0.516,1.4,305.8,0,0.0
6749,20.0,0.514,1.74,289.5,0,0.0
6750,20.0,0.514,1.42,293.9,0,0.0
6751,20.0,0.483,1.82,303.3,0,0.0
6752,20.0,0.488,1.62,302.1,0,0.0
6753,20.0,0.511,1.91,288.6,0,0.0
6754,20.0,0.517,1.96,297.9,0,0.0
6755,20.0,0.499,1.16,289.2,0,0.0
6756,20.0,0.502,1.48,311.8,0,0.0
6757,20.0,0.512,1.71,314.1,0,0.0
6758,20.0,0.488,1.95,309.1,0,0.0
6759,20.0,0.492,1.16,310.6,0,0.0
6760,20.0,0.505,1.44,294.2,0,0.0
6761,20.0,0.506,1.37,302.7,0,0.0
6762,20.0,0.516,1.76,285.0,0,0.0
6763,20.0,0.514,1.79,301.3,0,0.0
6764,20.0,0.517,1.68,293.3,0,0.0
6765,20.0,0.511,1.53,314.2,0,0.0
6766,20.0,0.491,1.74,292.0,0,0.0
6767,20.0,0.506,1.98,310.5,0,0.0
6768,20.0,0.51,1.14,306.5,0,0.0
6769,20.0,0.509,1.23,297.4,0,0.0
6770,20.0,0.503,1.55,301.5,0,0.0
6771,20.0,0.483,1.73,300.7,0,0.0
6772,20.0,0.5,1.6,307.5,0,0.0
6773,20.0,0.484,1.66,288.8,0,0.0
6774,20.0,0.49,1.02,289.0,0,0.0
6775,20.0,0.515,1.83,297.3,0,0.0
6776,20.0,0.494,1.32,309.5,0,0.0
6777,20.0,0.495,1.59,287.2,0,0.0
6778,20.0,0.492,1.41,286.4,0,0.0
6779,20.0,0.498,1.13,295.3,0,0.0
6780,20.0,0.495,1.29,311.2,0,0.0
6781,20.0,0.508,1.25,295.1,0,0.0
6782,20.0,0.502,1.32,287.7,0,0.0
6783,20.0,0.492,1.32,286.7,0,0.0
6784,20.0,0.486,1.85,294.9,0,0.0
6785,20.0,0.514,1.85,298.8,0,0.0
6786,20.0,0.485,1.3,313.4,0,0.0
6787,20.0,0.52,1.78,288.8,0,0.0
6788,20.0,0.503,1.18,297.4,0,0.0
6789,20.0,0.509,2.03,302.3,0,0.0
6790,20.0,0.483,1.7,295.6,0,0.0
6791,20.0,0.498,1.86,292.0,0,0.0
6792,20.0,0.516,1.63,286.6,0,0.0
6793,20.0,0.5,1.57,295.4,0,0.0
6794,20.0,0.512,1.91,297.7,0,0.0
6795,20.0,0.511,1.88,309.3,0,0.0
6796,20.0,0.495,1.17,302.7,0,0.0
6797,20.0,0.516,1.68,298.0,0,0.0
6798,20.0,0.517,1.61,287.7,0,0.0
6799,20.0,0.511,1.9,296.3,0,0.0
6800,20.0,0.502,1.4,314.9,0,0.0
6801,20.0,0.501,1.83,299.0,0,0.0
6802,20.0,0.516,1.79,310.3,0,0.0
6803,20.0,0.512,1.28,285.3,0,0.0
6804,20.0,0.499,1.79,295.0,0,0.0
6805,20.0,0.502,1.48,299.2,0,0.0
6806,20.0,0.492,1.11,314.1,0,0.0
6807,20.0,0.492,1.7,314.2,0,0.0
6808,20.0,0.506,1.5,308.1,0,0.0
6809,20.0,0.516,1.62,308.3,0,0.0
6810,20.0,0.516,1.7,286.4,0,0.0
6811,20.0,0.482,1.72,314.1,0,0.0
6812,20.0,0.517,1.76,311.7,0,0.0
6813,20.0,0.511,1.89,291.2,0,0.0
6814,20.0,0.509,1.3,295.3,0,0.0
6815,20.0,0.493,1.48,299.5,0,0.0
6816,20.0,0.511,1.34,303.6,0,0.0
6817,20.0,0.483,1.33,301.5,0,0.0
6818,20.0,0.494,1.87,310.7,0,0.0
6819,20.0,0.493,1.7,292.0,0,0.0
6820,20.0,0.512,1.31,310.9,0,0.0
6821,20.0,0.51,1.4,293.2,0,0.0
6822,20.0,0.519,1.19,299.1,0,0.0
6823,20.0,0.502,1.08,311.5,0,0.0
6824,20.0,0.514,1.96,307.9,0,0.0
6825,20.0,0.495,1.01,295.6,0,0.0
6826,20.0,0.503,2.06,314.1,0,0.0
6827,20.0,0.491,1.05,312.8,0,0.0
6828,20.0,0.492,1.46,285.1,0,0.0
6829,20.0,0.515,1.64,306.4,0,0.0
6830,20.0,0.52,1.39,311.2,0,0.0
6831,20.0,0.518,1.52,296.8,0,0.0
6832,20.0,0.492,1.3,290.3,0,0.0
6833,20.0,0.489,1.34,309.1,0,0.0
6834,20.0,0.498,1.8,290.8,0,0.0
6835,20.0,0.511,1.65,292.5,0,0.0
6836,20.0,0.509,1.27,307.2,0,0.0
6837,20.0,0.481,1.19,313.4,0,0.0
6838,20.0,0.517,1.18,304.5,0,0.0
6839,20.0,0.516,2.0,291.2,0,0.0
6840,20.0,0.482,1.29,289.5,0,0.0
6841,20.0,0.491,1.91,307.3,0,0.0
6842,20.0,0.492,1.55,308.6,0,0.0
6843,20.0,0.514,1.08,306.2,0,0.0
6844,20.0,0.502,1.85,285.5,0,0.0
6845,20.0,0.487,1.34,288.2,0,0.0
6846,20.0,0.482,1.17,308.4,0,0.0
6847,20.0,0.507,1.1,293.4,0,0.0
6848,20.0,0.494,1.33,296.4,0,0.0
6849,20.0,0.504,1.33,297.7,0,0.0
6850,20.0,0.498,2.07,314.8,0,0.0
6851,20.0,0.503,1.83,314.9,0,0.0
6852,20.0,0.517,1.89,292.8,0,0.0
6853,20.0,0.501,1.37,290.5,0,0.0
6854,20.0,0.518,1.66,292.1,0,0.0
6855,20.0,0.515,1.79,286.0,0,0.0
6856,20.0,0.483,1.51,300.9,0,0.0
6857,20.0,0.488,1.47,299.0,0,0.0
6858,20.0,0.517,1.45,297.9,0,0.0
6859,20.0,0.494,1.87,303.7,0,0.0
6860,20.0,0.508,1.47,288.5,0,0.0
6861,20.0,0.49,1.6,290.8,0,0.0
6862,20.0,0.518,2.04,309.8,0,0.0
6863,20.0,0.516,1.21,294.9,0,0.0
6864,20.0,0.513,1.87,310.2,0,0.0
6865,20.0,0.484,1.6,310.7,0,0.0
6866,20.0,0.515,1.95,287.3,0,0.0
6867,20.0,0.487,1.16,307.9,0,0.0
6868,20.0,0.517,1.37,287.9,0,0.0
6869,20.0,0.514,1.71,298.8,0,0.0
6870,20.0,0.502,1.32,309.6,0,0.0
6871,20.0,0.497,1.48,300.6,0,0.0
6872,20.0,0.49,1.32,286.9,0,0.0
6873,20.0,0.501,1.71,301.1,0,0.0
6874,20.0,0.487,1.19,311.1,0,0.0
6875,20.0,0.506,1.43,286.6,0,0.0
6876,20.0,0.505,1.81,313.5,0,0.0
6877,20.0,0.511,1.55,306.5,0,0.0
6878,20.0,0.483,1.04,291.0,0,0.0
6879,20.0,0.506,1.56,299.8,0,0.0
6880,20.0,0.518,2.04,303.6,0,0.0
6881,20.0,0.483,1.32,314.4,0,0.0
6882,20.0,0.5,1.33,291.2,0,0.0
6883,20.0,0.505,1.19,288.4,0,0.0
6884,20.0,0.496,1.64,297.1,0,0.0
6885,20.0,0.51,2.01,303.1,0,0.0
6886,20.0,0.499,1.47,288.2,0,0.0
6887,20.0,0.483,1.83,306.9,0,0.0
6888,20.0,0.514,1.66,297.7,0,0.0
6889,20.0,0.489,1.51,304.5,0,0.0
6890,20.0,0.492,1.31,302.2,0,0.0
6891,20.0,0.515,1.42,306.8,0,0.0
6892,20.0,0.514,1.37,291.4,0,0.0
6893,20.0,0.518,1.5,302.0,0,0.0
6894,20.0,0.483,0.99,303.3,0,0.0
6895,20.0,0.492,1.73,304.6,0,0.0
6896,20.0,0.506,1.66,301.1,0,0.0
6897,20.0,0.513,1.09,305.6,0,0.0
6898,20.0,0.513,1.85,289.8,0,0.0
6899,20.0,0.48,1.78,297.5,0,0.0
6900,20.0,0.519,1.69,309.6,0,0.0
6901,20.0,0.499,1.79,310.2,0,0.0
6902,20.0,0.486,1.68,294.5,0,0.0
6903,20.0,0.485,1.59,302.6,0,0.0
6904,20.0,0.491,1.37,306.5,0,0.0
6905,20.0,0.497,1.43,309.1,0,0.0
6906,20.0,0.487,1.77,300.1,0,0.0
6907,20.0,0.519,2.08,306.7,0,0.0
6908,20.0,0.519,1.06,299.5,0,0.0
6909,20.0,0.517,1.05,298.7,0,0.0
6910,20.0,0.504,1.83,303.7,0,0.0
6911,20.0,0.502,1.66,303.6,0,0.0
6912,20.0,0.506,1.89,302.3,0,0.0
6913,20.0,0.498,1.16,308.4,0,0.0
6914,20.0,0.506,1.65,299.2,0,0.0
6915,20.0,0.489,1.16,293.1,0,0.0
6916,20.0,0.504,1.76,285.4,0,0.0
6917,20.0,0.508,1.91,310.1,0,0.0
6918,20.0,0.492,1.37,312.5,0,0.0
6919,20.0,0.499,1.92,287.6,0,0.0
6920,20.0,0.504,1.39,291.7,0,0.0
6921,20.0,0.51,1.9,303.0,0,0.0
6922,20.0,0.51,1.79,302.8,0,0.0
6923,20.0,0.512,1.56,298.7,0,0.0
6924,20.0,0.51,1.36,286.7,0,0.0
6925,20.0,0.517,1.77,308.1,0,0.0
6926,20.0,0.491,1.5,307.1,0,0.0
6927,20.0,0.488,0.99,300.1,0,0.0
6928,20.0,0.514,1.44,290.1,0,0.0
6929,20.0,0.494,1.04,306.0,0,0.0
6930,20.0,0.482,1.7,310.8,0,0.0
6931,20.0,0.512,1.37,312.6,0,0.0
6932,20.0,0.499,1.93,300.4,0,0.0
6933,20.0,0.505,0.98,291.2,0,0.0
6934,20.0,0.514,1.78,287.3,0,0.0
6935,20.0,0.51,1.27,306.9,0,0.0
6936,20.0,0.493,1.7,293.1,0,0.0
6937,20.0,0.515,1.97,312.3,0,0.0
6938,20.0,0.487,1.34,301.3,0,0.0
6939,20.0,0.492,1.89,295.3,0,0.0
6940,20.0,0.484,1.47,301.1,0,0.0
6941,20.0,0.498,1.34,295.2,0,0.0
6942,20.0,0.481,1.43,291.9,0,0.0
6943,20.0,0.493,1.98,312.0,0,0.0
6944,20.0,0.491,1.9,311.0,0,0.0
6945,20.0,0.506,1.64,304.7,0,0.0
6946,20.0,0.491,1.13,301.9,0,0.0
6947,20.0,0.486,1.18,305.1,0,0.0
6948,20.0,0.49,1.22,306.0,0,0.0
6949,20.0,0.499,1.27,296.4,0,0.0
6950,20.0,0.492,1.88,313.8,0,0.0
6951,20.0,0.482,1.63,302.1,0,0.0
6952,20.0,0.515,1.87,287.4,0,0.0
6953,20.0,0.498,1.69,296.0,0,0.0
6954,20.0,0.5,1.42,293.0,0,0.0
6955,20.0,0.51,1.52,308.1,0,0.0
6956,20.0,0.502,1.25,286.5,0,0.0
6957,20.0,0.481,1.2,300.5,0,0.0
6958,20.0,0.509,1.48,290.5,0,0.0
6959,20.0,0.493,1.98,304.0,0,0.0
6960,20.0,0.487,1.31,297.0,0,0.0
6961,20.0,0.513,1.86,302.3,0,0.0
6962,20.0,0.492,1.37,310.5,0,0.0
6963,20.0,0.501,1.87,287.9,0,0.0
6964,20.0,0.511,1.64,297.7,0,0.0
6965,20.0,0.494,1.25,294.6,0,0.0
6966,20.0,0.506,1.8,312.2,0,0.0
6967,20.0,0.485,1.2,292.3,0,0.0
6968,20.0,0.513,1.32,310.2,0,0.0
6969,20.0,0.493,1.26,301.7,0,0.0
6970,20.0,0.488,1.36,313.6,0,0.0
6971,20.0,0.497,1.11,308.6,0,0.0
6972,20.0,0.52,2.08,314.4,0,0.0
6973,20.0,0.485,1.48,291.3,0,0.0
6974,20.0,0.502,1.88,314.3,0,0.0
6975,20.0,0.52,1.49,310.2,0,0.0
6976,20.0,0.499,1.89,307.4,0,0.0
6977,20.0,0.497,1.08,311.4,0,0.0
6978,20.0,0.497,1.58,296.9,0,0.0
6979,20.0,0.508,1.38,304.1,0,0.0
6980,20.0,0.507,1.33,308.3,0,0.0
6981,20.0,0.482,1.04,303.7,0,0.0
6982,20.0,0.491,1.49,295.9,0,0.0
6983,20.0,0.482,1.57,292.2,0,0.0
6984,20.0,0.508,1.28,286.3,0,0.0
6985,20.0,0.492,1.95,297.8,0,0.0
6986,20.0,0.484,1.79,294.3,0,0.0
6987,20.0,0.514,1.11,285.3,0,0.0
6988,20.0,0.504,1.45,302.8,0,0.0
6989,20.0,0.519,1.7,292.6,0,0.0
6990,20.0,0.49,1.59,300.3,0,0.0
6991,20.0,0.48,1.89,301.6,0,0.0
6992,20.0,0.509,1.9,294.4,0,0.0
6993,20.0,0.49,1.64,306.0,0,0.0
6994,20.0,0.486,1.92,294.3,0,0.0
6995,20.0,0.513,2.0,309.9,0,0.0
6996,20.0,0.518,1.63,303.8,0,0.0
6997,20.0,0.509,1.13,286.2,0,0.0
6998,20.0,0.494,1.61,305.0,0,0.0
6999,20.0,0.501,1.72,302.9,0,0.0
7000,20.0,0.508,1.49,297.7,0,0.0
7001,20.0,0.483,1.49,289.9,0,0.0
7002,20.0,0.516,1.89,299.9,0,0.0
7003,20.0,0.481,1.86,288.8,0,0.0
7004,20.0,0.49,1.9,300.1,0,0.0
7005,20.0,0.503,1.35,296.6,0,0.0
7006,20.0,0.516,1.77,308.5,0,0.0
7007,20.0,0.5,1.07,305.5,0,0.0
7008,20.0,0.515,1.63,313.7,0,0.0
7009,20.0,0.481,1.07,290.4,0,0.0
7010,20.0,0.517,1.77,298.8,0,0.0
7011,20.0,0.509,1.44,289.5,0,0.0
7012,20.0,0.503,1.9,287.5,0,0.0
7013,20.0,0.493,1.59,311.6,0,0.0
7014,20.0,0.511,1.8,310.2,0,0.0
7015,20.0,0.517,1.75,308.6,0,0.0
7016,20.0,0.511,1.96,296.3,0,0.0
7017,20.0,0.518,1.56,289.4,0,0.0
7018,20.0,0.515,1.6,308.5,0,0.0
7019,20.0,0.503,1.93,299.0,0,0.0
7020,20.0,0.491,1.78,299.7,0,0.0
7021,20.0,0.502,1.65,305.1,0,0.0
7022,20.0,0.512,1.62,292.6,0,0.0
7023,20.0,0.505,1.82,293.2,0,0.0
7024,20.0,0.518,1.21,314.6,0,0.0
7025,20.0,0.48,1.58,310.4,0,0.0
7026,20.0,0.505,1.48,311.4,0,0.0
7027,20.0,0.499,1.58,302.9,0,0.0
7028,20.0,0.498,1.64,304.6,0,0.0
7029,20.0,0.504,1.36,306.7,0,0.0
7030,20.0,0.487,1.65,288.1,0,0.0
7031,20.0,0.509,1.43,312.3,0,0.0
7032,20.0,0.513,1.08,285.4,0,0.0
7033,20.0,0.513,1.14,301.2,0,0.0
7034,20.0,0.519,1.7,309.5,0,0.0
7035,20.0,0.484,1.1,304.1,0,0.0
7036,20.0,0.508,1.23,303.9,0,0.0
7037,20.0,0.496,1.04,288.8,0,0.0
7038,20.0,0.487,1.57,287.1,0,0.0
7039,20.0,0.513,1.44,293.4,0,0.0
7040,20.0,0.497,1.13,295.4,0,0.0
7041,20.0,0.485,1.33,299.7,0,0.0
7042,20.0,0.497,1.86,303.2,0,0.0
7043,20.0,0.503,1.62,311.8,0,0.0
7044,20.0,0.518,1.35,289.4,0,0.0
7045,20.0,0.52,1.03,289.6,0,0.0
7046,20.0,0.481,1.62,286.9,0,0.0
7047,20.0,0.493,1.11,302.8,0,0.0
7048,20.0,0.51,1.61,312.3,0,0.0
7049,20.0,0.506,1.57,311.9,0,0.0
7050,20.0,0.506,1.71,310.0,0,0.0
7051,20.0,0.491,1.48,311.6,0,0.0
7052,20.0,0.482,1.77,291.7,0,0.0
7053,20.0,0.505,1.96,288.9,0,0.0
7054,20.0,0.506,1.05,305.1,0,0.0
7055,20.0,0.51,1.08,305.4,0,0.0
7056,20.0,0.499,1.87,301.1,0,0.0
7057,20.0,0.517,1.2,288.8,0,0.0
7058,20.0,0.486,1.65,310.2,0,0.0
7059,20.0,0.489,1.33,293.9,0,0.0
7060,20.0,0.487,0.99,285.6,0,0.0
7061,20.0,0.518,1.51,286.1,0,0.0
7062,20.0,0.497,1.56,296.7,0,0.0
7063,20.0,0.517,1.64,309.2,0,0.0
7064,20.0,0.514,1.88,287.2,0,0.0
7065,20.0,0.499,1.89,310.2,0,0.0
7066,20.0,0.483,1.14,308.0,0,0.0
7067,20.0,0.484,1.61,305.9,0,0.0
7068,20.0,0.518,1.34,304.7,0,0.0
7069,20.0,0.511,1.36,309.4,0,0.0
7070,20.0,0.488,1.9,305.1,0,0.0
7071,20.0,0.482,1.78,303.0,0,0.0
7072,20.0,0.505,1.72,294.6,0,0.0
7073,20.0,0.511,1.51,291.8,0,0.0
7074,20.0,0.502,1.14,285.1,0,0.0
7075,20.0,0.515,1.84,302.8,0,0.0
7076,20.0,0.501,1.2,309.2,0,0.0
7077,20.0,0.493,1.21,298.0,0,0.0
7078,20.0,0.511,1.15,310.7,0,0.0
7079,20.0,0.496,1.2,298.3,0,0.0
7080,20.0,0.517,1.32,290.2,0,0.0
7081,20.0,0.496,1.78,304.3,0,0.0
7082,20.0,0.493,1.19,314.1,0,0.0
7083,20.0,0.484,1.18,298.3,0,0.0
7084,20.0,0.504,1.06,307.5,0,0.0
7085,20.0,0.485,1.28,313.0,0,0.0
7086,20.0,0.502,1.1,315.0,0,0.0
7087,20.0,0.499,1.22,295.1,0,0.0
7088,20.0,0.482,1.69,296.7,0,0.0
7089,20.0,0.518,1.46,291.6,0,0.0
7090,20.0,0.503,1.9,313.9,0,0.0
7091,20.0,0.496,1.79,302.9,0,0.0
7092,20.0,0.504,1.77,311.2,0,0.0
7093,20.0,0.496,1.84,301.2,0,0.0
7094,20.0,0.518,1.38,287.3,0,0.0
7095,20.0,0.499,1.87,291.2,0,0.0
7096,20.0,0.49,1.63,291.0,0,0.0
7097,20.0,0.493,1.99,314.8,0,0.0
7098,20.0,0.48,1.2,308.8,0,0.0
7099,20.0,0.51,1.78,300.1,0,0.0
7100,20.0,0.499,1.75,309.0,0,0.0
7101,20.0,0.482,1.54,311.1,0,0.0
7102,20.0,0.488,1.44,310.3,0,0.0
7103,20.0,0.503,1.52,288.1,0,0.0
7104,20.0,0.507,1.36,312.2,0,0.0
7105,20.0,0.492,1.28,308.7,0,0.0
7106,20.0,0.497,1.78,299.6,0,0.0
7107,20.0,0.52,1.4,291.9,0,0.0
7108,20.0,0.513,1.76,295.6,0,0.0
7109,20.0,0.493,1.33,306.6,0,0.0
7110,20.0,0.51,1.52,289.9,0,0.0
7111,20.0,0.483,1.25,303.6,0,0.0
7112,20.0,0.494,1.76,285.7,0,0.0
7113,20.0,0.487,1.28,306.1,0,0.0
7114,20.0,0.482,1.54,302.1,0,0.0
7115,20.0,0.503,1.1,313.8,0,0.0
7116,20.0,0.488,1.4,304.5,0,0.0
7117,20.0,0.516,1.26,305.4,0,0.0
7118,20.0,0.516,1.72,290.8,0,0.0
7119,20.0,0.517,1.3,309.8,0,0.0
7120,20.0,0.511,0.99,287.5,0,0.0
7121,20.0,0.487,1.19,303.3,0,0.0
7122,20.0,0.483,1.99,311.1,0,0.0
7123,20.0,0.493,1.09,295.8,0,0.0
7124,20.0,0.518,2.03,314.6,0,0.0
7125,20.0,0.497,1.76,312.5,0,0.0
7126,20.0,0.489,1.07,287.7,0,0.0
7127,20.0,0.512,1.89,298.6,0,0.0
7128,20.0,0.481,1.9,308.6,0,0.0
7129,20.0,0.495,1.52,298.5,0,0.0
7130,20.0,0.493,1.89,294.2,0,0.0
7131,20.0,0.498,2.03,313.7,0,0.0
7132,20.0,0.512,1.83,293.1,0,0.0
7133,20.0,0.481,1.55,297.3,0,0.0
7134,20.0,0.513,1.34,300.0,0,0.0
7135,20.0,0.505,1.53,300.4,0,0.0
7136,20.0,0.515,1.41,304.1,0,0.0
7137,20.0,0.507,1.5,287.9,0,0.0
7138,20.0,0.484,1.65,288.7,0,0.0
7139,20.0,0.488,0.96,288.3,0,0.0
7140,20.0,0.502,1.2,311.0,0,0.0
7141,20.0,0.495,1.37,304.8,0,0.0
7142,20.0,0.48,1.25,287.5,0,0.0
7143,20.0,0.505,1.12,304.0,0,0.0
7144,20.0,0.509,1.32,294.2,0,0.0
7145,20.0,0.52,1.4,306.0,0,0.0
7146,20.0,0.518,1.28,312.9,0,0.0
7147,20.0,0.489,1.56,298.0,0,0.0
7148,20.0,0.493,1.4,296.2,0,0.0
7149,20.0,0.515,1.97,310.6,0,0.0
7150,20.0,0.493,1.78,295.7,0,0.0
7151,20.0,0.516,1.46,289.5,0,0.0
7152,20.0,0.501,1.57,303.6,0,0.0
7153,20.0,0.495,1.48,299.6,0,0.0
7154,20.0,0.499,1.82,289.9,0,0.0
7155,20.0,0.488,1.8,306.1,0,0.0
7156,20.0,0.496,1.64,297.8,0,0.0
7157,20.0,0.488,1.24,301.1,0,0.0
7158,20.0,0.507,1.56,289.2,0,0.0
7159,20.0,0.492,1.7,296.2,0,0.0
7160,20.0,0.491,1.16,310.7,0,0.0
7161,20.0,0.511,1.62,291.3,0,0.0
7162,20.0,0.481,1.36,295.6,0,0.0
7163,20.0,0.486,1.33,310.4,0,0.0
7164,20.0,0.501,1.93,313.6,0,0.0
7165,20.0,0.502,1.92,302.8,0,0.0
7166,20.0,0.52,1.34,286.2,0,0.0
7167,20.0,0.516,2.1,313.7,0,0.0
7168,20.0,0.493,1.15,312.4,0,0.0
7169,20.0,0.497,1.32,299.8,0,0.0
7170,20.0,0.486,1.85,288.9,0,0.0
7171,20.0,0.51,1.23,304.9,0,0.0
7172,20.0,0.514,1.09,285.9,0,0.0
7173,20.0,0.49,1.48,308.9,0,0.0
7174,20.0,0.497,1.03,306.8,0,0.0
7175,20.0,0.514,1.11,286.4,0,0.0
7176,20.0,0.489,1.66,294.9,0,0.0
7177,20.0,0.482,1.31,312.7,0,0.0
7178,20.0,0.497,1.0,291.8,0,0.0
7179,20.0,0.503,1.89,303.7,0,0.0
7180,20.0,0.492,1.82,313.9,0,0.0
7181,20.0,0.482,1.19,297.1,0,0.0
7182,20.0,0.484,1.17,304.2,0,0.0
7183,20.0,0.498,1.08,297.0,0,0.0
7184,20.0,0.486,1.14,299.8,0,0.0
7185,20.0,0.512,1.3,314.6,0,0.0
7186,20.0,0.484,1.2,285.4,0,0.0
7187,20.0,0.493,1.0,293.9,0,0.0
7188,20.0,0.494,1.18,286.2,0,0.0
7189,20.0,0.481,1.79,295.9,0,0.0
7190,20.0,0.492,1.48,303.1,0,0.0
7191,20.0,0.491,1.26,297.2,0,0.0
7192,20.0,0.507,1.08,306.3,0,0.0
7193,20.0,0.481,1.02,310.1,0,0.0
7194,20.0,0.51,1.88,300.1,0,0.0
7195,20.0,0.495,1.86,290.5,0,0.0
7196,20.0,0.492,1.92,294.1,0,0.0
7197,20.0,0.483,0.94,292.5,0,0.0
7198,20.0,0.499,1.92,295.6,0,0.0
7199,20.0,0.506,1.96,293.0,0,0.0
7200,20.0,0.497,1.87,291.0,0,0.0
7201,20.0,0.491,1.0,299.2,0,0.0
7202,20.0,0.496,1.75,298.5,0,0.0
7203,20.0,0.497,1.69,291.7,0,0.0
7204,20.0,0.518,1.86,313.2,0,0.0
7205,20.0,0.481,1.23,287.8,0,0.0
7206,20.0,0.519,1.83,288.7,0,0.0
7207,20.0,0.493,1.18,297.3,0,0.0
7208,20.0,0.483,1.6,285.4,0,0.0
7209,20.0,0.498,1.89,294.0,0,0.0
7210,20.0,0.515,1.57,301.2,0,0.0
7211,20.0,0.511,1.19,293.8,0,0.0
7212,20.0,0.484,1.83,308.5,0,0.0
7213,20.0,0.515,1.34,295.9,0,0.0
7214,20.0,0.482,1.67,292.7,0,0.0
7215,20.0,0.51,1.29,302.6,0,0.0
7216,20.0,0.5,1.8,301.3,0,0.0
7217,20.0,0.508,1.48,294.8,0,0.0
7218,20.0,0.482,1.21,286.8,0,0.0
7219,20.0,0.516,1.82,296.9,0,0.0
7220,20.0,0.481,1.23,298.7,0,0.0
7221,20.0,0.507,1.68,309.3,0,0.0
7222,20.0,0.481,1.79,289.7,0,0.0
7223,20.0,0.485,1.45,313.3,0,0.0
7224,20.0,0.514,1.55,308.4,0,0.0
7225,20.0,0.51,1.94,311.9,0,0.0
7226,20.0,0.484,1.38,303.5,0,0.0
7227,20.0,0.495,1.41,289.9,0,0.0
7228,20.0,0.512,1.58,293.9,0,0.0
7229,20.0,0.512,1.22,290.9,0,0.0
7230,20.0,0.495,1.46,299.6,0,0.0
7231,20.0,0.518,1.41,294.8,0,0.0
7232,20.0,0.501,1.3,306.8,0,0.0
7233,20.0,0.499,1.11,304.0,0,0.0
7234,20.0,0.508,1.79,291.1,0,0.0
7235,20.0,0.494,1.92,295.5,0,0.0
7236,20.0,0.487,1.1,288.7,0,0.0
7237,20.0,0.494,1.86,299.5,0,0.0
7238,20.0,0.483,1.51,304.1,0,0.0
7239,20.0,0.512,2.1,313.0,0,0.0
7240,20.0,0.491,1.29,307.1,0,0.0
7241,20.0,0.508,1.11,309.2,0,0.0
7242,20.0,0.497,1.23,293.7,0,0.0
7243,20.0,0.51,1.2,309.4,0,0.0
7244,20.0,0.495,1.99,301.5,0,0.0
7245,20.0,0.487,1.31,291.9,0,0.0
7246,20.0,0.494,1.59,291.9,0,0.0
7247,20.0,0.5,1.72,310.9,0,0.0
7248,20.0,0.512,1.48,313.0,0,0.0
7249,20.0,0.501,1.73,295.9,0,0.0
7250,20.0,0.496,1.82,294.5,0,0.0
7251,20.0,0.516,1.23,306.7,0,0.0
7252,20.0,0.507,1.43,288.1,0,0.0
7253,20.0,0.484,1.26,288.9,0,0.0
7254,20.0,0.514,1.25,309.6,0,0.0
7255,20.0,0.48,1.16,301.0,0,0.0
7256,20.0,0.49,1.4,292.8,0,0.0
7257,20.0,0.488,1.37,313.1,0,0.0
7258,20.0,0.488,1.23,285.2,0,0.0
7259,20.0,0.5,1.47,306.2,0,0.0
7260,20.0,0.481,1.57,299.4,0,0.0
7261,20.0,0.495,1.76,304.5,0,0.0
7262,20.0,0.517,1.94,289.9,0,0.0
7263,20.0,0.499,1.9,311.7,0,0.0
7264,20.0,0.507,1.71,300.9,0,0.0
7265,20.0,0.513,2.03,312.5,0,0.0
7266,20.0,0.494,1.75,304.2,0,0.0
7267,20.0,0.496,1.39,306.7,0,0.0
7268,20.0,0.48,1.64,310.5,0,0.0
7269,20.0,0.517,1.52,293.5,0,0.0
7270,20.0,0.519,1.32,293.1,0,0.0
7271,20.0,0.494,1.1,287.5,0,0.0
7272,20.0,0.502,1.56,310.4,0,0.0
7273,20.0,0.483,1.71,302.2,0,0.0
7274,20.0,0.491,1.57,306.1,0,0.0
7275,20.0,0.519,1.64,289.6,0,0.0
7276,20.0,0.484,1.47,287.7,0,0.0
7277,20.0,0.504,1.19,302.3,0,0.0
7278,20.0,0.496,1.69,311.4,0,0.0
7279,20.0,0.504,1.4,311.0,0,0.0
7280,20.0,0.519,1.29,290.9,0,0.0
7281,20.0,0.512,1.55,307.6,0,0.0
7282,20.0,0.516,1.22,291.4,0,0.0
7283,20.0,0.488,1.31,285.7,0,0.0
7284,20.0,0.518,1.6,301.3,0,0.0
7285,20.0,0.513,1.42,306.6,0,0.0
7286,20.0,0.482,1.87,296.1,0,0.0
7287,20.0,0.492,1.74,293.9,0,0.0
7288,20.0,0.518,2.06,309.4,0,0.0
7289,20.0,0.499,1.3,310.7,0,0.0
7290,20.0,0.512,1.14,306.5,0,0.0
7291,20.0,0.487,1.19,287.9,0,0.0
7292,20.0,0.512,1.92,313.7,0,0.0
7293,20.0,0.519,1.65,303.0,0,0.0
7294,20.0,0.488,1.78,291.0,0,0.0
7295,20.0,0.496,1.63,314.0,0,0.0
7296,20.0,0.511,1.68,292.6,0,0.0
7297,20.0,0.517,1.07,289.4,0,0.0
7298,20.0,0.516,1.18,310.6,0,0.0
7299,20.0,0.481,0.94,285.4,0,0.0
7300,20.0,0.495,1.11,314.7,0,0.0
7301,20.0,0.483,1.49,310.5,0,0.0
7302,20.0,0.507,1.3,286.3,0,0.0
7303,20.0,0.496,1.88,314.9,0,0.0
7304,20.0,0.5,1.11,291.0,0,0.0
7305,20.0,0.499,1.31,286.3,0,0.0
7306,20.0,0.519,1.91,291.0,0,0.0
7307,20.0,0.494,1.79,313.7,0,0.0
7308,20.0,0.503,1.08,288.1,0,0.0
7309,20.0,0.481,1.07,305.2,0,0.0
7310,20.0,0.484,1.94,298.1,0,0.0
7311,20.0,0.499,1.26,290.3,0,0.0
7312,20.0,0.503,1.64,312.1,0,0.0
7313,20.0,0.481,1.39,297.2,0,0.0
7314,20.0,0.5,1.92,302.3,0,0.0
7315,20.0,0.482,1.38,301.3,0,0.0
7316,20.0,0.5,1.88,293.9,0,0.0
7317,20.0,0.496,1.38,292.5,0,0.0
7318,20.0,0.503,1.94,293.7,0,0.0
7319,20.0,0.484,1.01,305.1,0,0.0
7320,20.0,0.514,1.71,307.8,0,0.0
7321,20.0,0.502,1.54,286.2,0,0.0
7322,20.0,0.486,1.05,307.0,0,0.0
7323,20.0,0.488,1.84,289.8,0,0.0
7324,20.0,0.49,1.65,305.5,0,0.0
7325,20.0,0.514,1.71,292.4,0,0.0
7326,20.0,0.504,1.84,306.8,0,0.0
7327,20.0,0.48,1.03,310.7,0,0.0
7328,20.0,0.507,1.4,297.4,0,0.0
7329,20.0,0.5,1.08,288.5,0,0.0
7330,20.0,0.517,1.4,294.5,0,0.0
7331,20.0,0.485,1.67,313.3,0,0.0
7332,20.0,0.514,1.82,292.2,0,0.0
7333,20.0,0.506,1.96,307.6,0,0.0
7334,20.0,0.493,1.24,297.6,0,0.0
7335,20.0,0.514,1.83,306.9,0,0.0
7336,20.0,0.517,1.35,303.2,0,0.0
7337,20.0,0.503,1.39,294.6,0,0.0
7338,20.0,0.483,1.86,306.6,0,0.0
7339,20.0,0.492,1.07,285.1,0,0.0
7340,20.0,0.484,1.23,314.1,0,0.0
7341,20.0,0.513,1.57,302.7,0,0.0
7342,20.0,0.499,1.06,305.4,0,0.0
7343,20.0,0.508,2.06,310.5,0,0.0
7344,20.0,0.487,1.53,308.7,0,0.0
7345,20.0,0.507,2.01,311.5,0,0.0
7346,20.0,0.497,1.36,305.1,0,0.0
7347,20.0,0.516,1.96,304.7,0,0.0
7348,20.0,0.516,1.04,293.6,0,0.0
7349,20.0,0.5,0.97,292.4,0,0.0
7350,20.0,0.508,1.81,288.9,0,0.0
7351,20.0,0.482,1.41,291.7,0,0.0
7352,20.0,0.507,1.45,311.0,0,0.0
7353,20.0,0.491,1.37,299.0,0,0.0
7354,20.0,0.517,1.92,314.3,0,0.0
7355,20.0,0.509,1.62,285.7,0,0.0
7356,20.0,0.507,1.44,286.5,0,0.0
7357,20.0,0.51,2.04,303.6,0,0.0
7358,20.0,0.49,1.02,295.3,0,0.0
7359,20.0,0.492,1.13,307.7,0,0.0
7360,20.0,0.491,1.68,302.4,0,0.0
7361,20.0,0.491,1.76,292.9,0,0.0
7362,20.0,0.518,1.94,296.1,0,0.0
7363,20.0,0.51,1.53,304.5,0,0.0
7364,20.0,0.487,1.76,312.6,0,0.0
7365,20.0,0.519,1.3,296.8,0,0.0
7366,20.0,0.517,1.16,300.5,0,0.0
7367,20.0,0.515,1.48,287.1,0,0.0
7368,20.0,0.507,1.84,310.3,0,0.0
7369,20.0,0.514,1.54,301.9,0,0.0
7370,20.0,0.494,1.62,299.9,0,0.0
7371,20.0,0.496,1.6,314.3,0,0.0
7372,20.0,0.5,1.94,308.4,0,0.0
7373,20.0,0.52,1.46,294.9,0,0.0
7374,20.0,0.493,1.07,308.6,0,0.0
7375,20.0,0.489,1.62,295.4,0,0.0
7376,20.0,0.508,1.79,311.8,0,0.0
7377,20.0,0.509,1.68,309.8,0,0.0
7378,20.0,0.494,1.87,293.8,0,0.0
7379,20.0,0.491,1.76,294.2,0,0.0
7380,20.0,0.503,1.56,299.2,0,0.0
7381,20.0,0.509,1.75,296.6,0,0.0
7382,20.0,0.514,2.01,298.6,0,0.0
7383,20.0,0.488,1.84,310.4,0,0.0
7384,20.0,0.494,2.01,313.3,0,0.0
7385,20.0,0.515,1.16,296.5,0,0.0
7386,20.0,0.485,1.05,304.7,0,0.0
7387,20.0,0.494,1.29,303.5,0,0.0
7388,20.0,0.486,1.86,288.9,0,0.0
7389,20.0,0.488,1.54,290.9,0,0.0
7390,20.0,0.517,1.88,307.6,0,0.0
7391,20.0,0.489,1.33,291.8,0,0.0
7392,20.0,0.498,1.93,302.4,0,0.0
7393,20.0,0.508,1.37,292.2,0,0.0
7394,20.0,0.486,1.2,289.0,0,0.0
7395,20.0,0.484,1.75,304.6,0,0.0
7396,20.0,0.487,1.89,312.1,0,0.0
7397,20.0,0.481,1.77,310.1,0,0.0
7398,20.0,0.482,1.77,303.5,0,0.0
7399,20.0,0.484,1.4,291.0,0,0.0
7400,20.0,0.502,1.32,303.2,0,0.0
7401,20.0,0.482,1.4,311.9,0,0.0
7402,20.0,0.489,1.28,285.8,0,0.0
7403,20.0,0.484,0.93,287.5,0,0.0
7404,20.0,0.492,1.25,310.0,0,0.0
7405,20.0,0.498,1.45,304.2,0,0.0
7406,20.0,0.498,1.8,286.6,0,0.0
7407,20.0,0.487,1.24,309.4,0,0.0
7408,20.0,0.52,1.42,295.2,0,0.0
7409,20.0,0.514,1.99,306.4,0,0.0
7410,20.0,0.502,1.22,313.5,0,0.0
7411,20.0,0.499,1.07,289.1,0,0.0
7412,20.0,0.502,1.79,301.9,0,0.0
7413,20.0,0.483,1.72,307.0,0,0.0
7414,20.0,0.481,1.09,297.6,0,0.0
7415,20.0,0.513,1.96,294.2,0,0.0
7416,20.0,0.48,1.38,305.8,0,0.0
7417,20.0,0.504,1.5,308.2,0,0.0
7418,20.0,0.507,1.59,313.9,0,0.0
7419,20.0,0.488,1.22,307.0,0,0.0
7420,20.0,0.509,1.59,286.5,0,0.0
7421,20.0,0.493,1.81,310.5,0,0.0
7422,20.0,0.505,1.72,314.2,0,0.0
7423,20.0,0.484,1.85,307.8,0,0.0
7424,20.0,0.511,1.04,301.6,0,0.0
7425,20.0,0.484,1.84,312.2,0,0.0
7426,20.0,0.484,1.48,305.8,0,0.0
7427,20.0,0.501,1.11,299.2,0,0.0
7428,20.0,0.511,1.26,300.4,0,0.0
7429,20.0,0.504,1.53,286.5,0,0.0
7430,20.0,0.518,2.02,297.5,0,0.0
7431,20.0,0.502,1.69,302.9,0,0.0
7432,20.0,0.513,1.92,313.3,0,0.0
7433,20.0,0.488,1.95,302.1,0,0.0
7434,20.0,0.515,1.24,286.3,0,0.0
7435,20.0,0.503,1.53,314.7,0,0.0
7436,20.0,0.501,1.76,304.4,0,0.0
7437,20.0,0.498,1.31,298.2,0,0.0
7438,20.0,0.504,1.59,288.2,0,0.0
7439,20.0,0.516,1.4,311.7,0,0.0
7440,20.0,0.497,1.7,302.8,0,0.0
7441,20.0,0.493,1.14,313.7,0,0.0
7442,20.0,0.497,1.5,310.9,0,0.0
7443,20.0,0.506,1.11,297.9,0,0.0
7444,20.0,0.489,1.39,295.8,0,0.0
7445,20.0,0.498,1.81,291.1,0,0.0
7446,20.0,0.508,1.09,285.8,0,0.0
7447,20.0,0.515,1.11,298.1,0,0.0
7448,20.0,0.511,1.2,295.4,0,0.0
7449,20.0,0.489,1.1,287.6,0,0.0
7450,20.0,0.482,1.15,308.5,0,0.0
7451,20.0,0.484,1.23,289.4,0,0.0
7452,20.0,0.517,1.89,299.3,0,0.0
7453,20.0,0.488,1.62,299.2,0,0.0
7454,20.0,0.495,1.44,285.4,0,0.0
7455,20.0,0.482,1.58,294.5,0,0.0
7456,20.0,0.5,1.27,303.5,0,0.0
7457,20.0,0.495,1.63,313.4,0,0.0
7458,20.0,0.511,1.97,304.4,0,0.0
7459,20.0,0.508,1.9,295.2,0,0.0
7460,20.0,0.494,1.21,311.1,0,0.0
7461,20.0,0.487,1.13,307.1,0,0.0
7462,20.0,0.488,1.82,291.6,0,0.0
7463,20.0,0.508,1.4,299.8,0,0.0
7464,20.0,0.507,1.04,297.4,0,0.0
7465,20.0,0.488,1.26,297.8,0,0.0
7466,20.0,0.498,1.08,313.1,0,0.0
7467,20.0,0.486,1.11,296.1,0,0.0
7468,20.0,0.5,1.5,296.7,0,0.0
7469,20.0,0.494,1.42,307.7,0,0.0
7470,20.0,0.482,1.66,293.2,0,0.0
7471,20.0,0.505,1.33,311.2,0,0.0
7472,20.0,0.514,1.79,290.0,0,0.0
7473,20.0,0.488,1.89,311.6,0,0.0
7474,20.0,0.501,1.67,312.9,0,0.0
7475,20.0,0.499,1.94,311.3,0,0.0
7476,20.0,0.499,1.93,299.5,0,0.0
7477,20.0,0.508,1.06,296.7,0,0.0
7478,20.0,0.515,1.51,309.7,0,0.0
7479,20.0,0.496,1.38,312.4,0,0.0
7480,20.0,0.507,1.37,300.5,0,0.0
7481,20.0,0.48,1.5,291.9,0,0.0
7482,20.0,0.493,1.93,303.2,0,0.0
7483,20.0,0.495,1.11,297.8,0,0.0
7484,20.0,0.486,1.25,305.4,0,0.0
7485,20.0,0.495,1.93,302.4,0,0.0
7486,20.0,0.515,1.85,285.6,0,0.0
7487,20.0,0.508,1.78,301.3,0,0.0
7488,20.0,0.486,1.64,302.1,0,0.0
7489,20.0,0.494,1.59,311.5,0,0.0
7490,20.0,0.484,1.03,291.0,0,0.0
7491,20.0,0.487,1.16,309.8,0,0.0
7492,20.0,0.486,1.34,288.8,0,0.0
7493,20.0,0.506,1.48,301.4,0,0.0
7494,20.0,0.483,1.83,308.8,0,0.0
7495,20.0,0.495,1.04,286.7,0,0.0
7496,20.0,0.517,1.28,301.8,0,0.0
7497,20.0,0.508,1.34,300.8,0,0.0
7498,20.0,0.486,0.99,301.2,0,0.0
7499,20.0,0.495,1.1,297.5,0,0.0
7500,20.0,0.482,1.34,290.0,0,0.0
7501,20.0,0.497,1.45,291.7,0,0.0
7502,20.0,0.487,1.19,287.2,0,0.0
7503,20.0,0.498,1.33,314.6,0,0.0
7504,20.0,0.519,1.64,291.2,0,0.0
7505,20.0,0.516,1.06,300.8,0,0.0
7506,20.0,0.519,1.66,306.7,0,0.0
7507,20.0,0.494,1.33,287.2,0,0.0
7508,20.0,0.51,1.22,309.0,0,0.0
7509,20.0,0.51,1.59,303.7,0,0.0
7510,20.0,0.502,1.15,305.7,0,0.0
7511,20.0,0.509,1.55,290.7,0,0.0
7512,20.0,0.513,1.82,287.4,0,0.0
7513,20.0,0.483,1.88,294.5,0,0.0
7514,20.0,0.49,1.23,303.6,0,0.0
7515,20.0,0.512,1.4,301.9,0,0.0
7516,20.0,0.516,1.96,297.3,0,0.0
7517,20.0,0.5,1.78,295.4,0,0.0
7518,20.0,0.5,1.08,292.1,0,0.0
7519,20.0,0.493,1.5,287.5,0,0.0
7520,20.0,0.517,1.5,298.6,0,0.0
7521,20.0,0.497,1.25,290.9,0,0.0
7522,20.0,0.492,1.52,290.3,0,0.0
7523,20.0,0.481,1.35,311.3,0,0.0
7524,20.0,0.503,1.14,295.5,0,0.0
7525,20.0,0.517,2.0,304.4,0,0.0
7526,20.0,0.515,1.37,291.4,0,0.0
7527,20.0,0.492,1.09,292.9,0,0.0
7528,20.0,0.481,1.85,313.1,0,0.0
7529,20.0,0.504,1.25,298.2,0,0.0
7530,20.0,0.498,1.46,287.4,0,0.0
7531,20.0,0.484,1.86,298.0,0,0.0
7532,20.0,0.515,1.38,308.5,0,0.0
7533,20.0,0.494,2.04,312.8,0,0.0
7534,20.0,0.515,1.16,289.0,0,0.0
7535,20.0,0.51,1.09,303.0,0,0.0
7536,20.0,0.498,1.49,313.3,0,0.0
7537,20.0,0.496,1.25,289.7,0,0.0
7538,20.0,0.512,1.38,300.1,0,0.0
7539,20.0,0.502,1.48,291.8,0,0.0
7540,20.0,0.52,1.31,310.2,0,0.0
7541,20.0,0.504,1.77,287.8,0,0.0
7542,20.0,0.491,1.52,292.9,0,0.0
7543,20.0,0.502,1.57,309.8,0,0.0
7544,20.0,0.509,1.95,306.6,0,0.0
7545,20.0,0.489,1.64,312.3,0,0.0
7546,20.0,0.491,1.82,305.4,0,0.0
7547,20.0,0.513,1.39,308.3,0,0.0
7548,20.0,0.508,1.67,307.0,0,0.0
7549,20.0,0.503,1.45,292.9,0,0.0
7550,20.0,0.506,1.76,287.9,0,0.0
7551,20.0,0.51,1.56,299.1,0,0.0
7552,20.0,0.494,1.67,289.2,0,0.0
7553,20.0,0.517,1.42,289.2,0,0.0
7554,20.0,0.492,1.0,286.4,0,0.0
7555,20.0,0.511,1.11,288.8,0,0.0
7556,20.0,0.497,1.27,295.5,0,0.0
7557,20.0,0.496,1.89,310.8,0,0.0
7558,20.0,0.505,1.32,308.5,0,0.0
7559,20.0,0.512,1.88,310.2,0,0.0
7560,20.0,0.515,1.23,306.8,0,0.0
7561,20.0,0.493,1.3,288.9,0,0.0
7562,20.0,0.514,1.17,294.8,0,0.0
7563,20.0,0.51,1.75,288.6,0,0.0
7564,20.0,0.504,1.31,313.3,0,0.0
7565,20.0,0.502,1.42,297.7,0,0.0
7566,20.0,0.5,1.78,312.9,0,0.0
7567,20.0,0.487,1.83,294.6,0,0.0
7568,20.0,0.519,1.22,305.5,0,0.0
7569,20.0,0.495,1.27,288.1,0,0.0
7570,20.0,0.517,1.89,304.9,0,0.0
7571,20.0,0.511,1.5,309.9,0,0.0
7572,20.0,0.505,2.03,312.8,0,0.0
7573,20.0,0.5,1.36,310.5,0,0.0
7574,20.0,0.503,1.75,290.0,0,0.0
7575,20.0,0.49,1.2,292.5,0,0.0
7576,20.0,0.505,1.65,288.9,0,0.0
7577,20.0,0.494,1.0,289.8,0,0.0
7578,20.0,0.517,1.86,302.3,0,0.0
7579,20.0,0.481,1.8,300.2,0,0.0
7580,20.0,0.514,1.5,308.6,0,0.0
7581,20.0,0.489,1.56,295.3,0,0.0
7582,20.0,0.496,1.3,309.1,0,0.0
7583,20.0,0.498,1.15,288.5,0,0.0
7584,20.0,0.493,1.38,293.0,0,0.0
7585,20.0,0.491,1.47,306.7,0,0.0
7586,20.0,0.519,1.46,298.4,0,0.0
7587,20.0,0.512,1.8,299.1,0,0.0
7588,20.0,0.503,1.78,286.7,0,0.0
7589,20.0,0.508,1.53,307.8,0,0.0
7590,20.0,0.509,1.06,287.3,0,0.0
7591,20.0,0.512,1.49,297.2,0,0.0
7592,20.0,0.482,1.7,288.8,0,0.0
7593,20.0,0.5,1.74,289.5,0,0.0
7594,20.0,0.518,1.81,312.5,0,0.0
7595,20.0,0.511,1.81,302.4,0,0.0
7596,20.0,0.486,1.76,312.1,0,0.0
7597,20.0,0.497,1.62,306.4,0,0.0
7598,20.0,0.494,1.33,295.1,0,0.0
7599,20.0,0.493,1.07,303.5,0,0.0
7600,20.0,0.517,1.75,290.1,0,0.0
7601,20.0,0.494,1.19,297.4,0,0.0
7602,20.0,0.504,1.98,301.4,0,0.0
7603,20.0,0.498,1.18,297.7,0,0.0
7604,20.0,0.5,2.02,304.4,0,0.0
7605,20.0,0.499,1.77,289.0,0,0.0
7606,20.0,0.518,1.8,312.8,0,0.0
7607,20.0,0.482,1.88,313.2,0,0.0
7608,20.0,0.482,1.23,299.4,0,0.0
7609,20.0,0.487,1.38,311.2,0,0.0
7610,20.0,0.481,1.23,314.0,0,0.0
7611,20.0,0.498,1.41,288.8,0,0.0
7612,20.0,0.516,1.57,300.8,0,0.0
7613,20.0,0.507,1.63,287.1,0,0.0
7614,20.0,0.491,1.06,308.1,0,0.0
7615,20.0,0.492,1.05,294.3,0,0.0
7616,20.0,0.48,1.42,289.9,0,0.0
7617,20.0,0.495,1.73,295.4,0,0.0
7618,20.0,0.512,1.99,295.5,0,0.0
7619,20.0,0.509,1.37,292.3,0,0.0
7620,20.0,0.481,1.82,287.0,0,0.0
7621,20.0,0.493,1.39,287.4,0,0.0
7622,20.0,0.511,1.56,310.4,0,0.0
7623,20.0,0.48,1.63,303.1,0,0.0
7624,20.0,0.507,1.17,301.1,0,0.0
7625,20.0,0.515,1.6,303.9,0,0.0
7626,20.0,0.489,1.02,308.8,0,0.0
7627,20.0,0.484,1.27,299.3,0,0.0
7628,20.0,0.496,1.16,301.5,0,0.0
7629,20.0,0.482,1.86,289.5,0,0.0
7630,20.0,0.496,1.25,296.2,0,0.0
7631,20.0,0.491,1.76,306.4,0,0.0
7632,20.0,0.497,1.65,295.7,0,0.0
7633,20.0,0.489,1.85,292.9,0,0.0
7634,20.0,0.509,1.94,289.3,0,0.0
7635,20.0,0.5,1.62,297.6,0,0.0
7636,20.0,0.497,0.92,286.0,0,0.0
7637,20.0,0.516,1.42,288.6,0,0.0
7638,20.0,0.515,1.57,307.7,0,0.0
7639,20.0,0.516,1.89,302.5,0,0.0
7640,20.0,0.51,1.19,288.3,0,0.0
7641,20.0,0.501,1.09,286.0,0,0.0
7642,20.0,0.52,1.65,296.4,0,0.0
7643,20.0,0.481,1.8,289.2,0,0.0
7644,20.0,0.498,1.74,292.4,0,0.0
7645,20.0,0.52,1.12,292.4,0,0.0
7646,20.0,0.512,1.51,312.6,0,0.0
7647,20.0,0.502,1.69,301.2,0,0.0
7648,20.0,0.496,1.59,311.5,0,0.0
7649,20.0,0.509,1.51,298.6,0,0.0
7650,20.0,0.482,1.42,297.5,0,0.0
7651,20.0,0.497,1.15,290.9,0,0.0
7652,20.0,0.491,1.49,288.9,0,0.0
7653,20.0,0.496,1.63,310.7,0,0.0
7654,20.0,0.52,1.8,314.4,0,0.0
7655,20.0,0.496,1.57,297.8,0,0.0
7656,20.0,0.498,1.89,294.3,0,0.0
7657,20.0,0.498,1.23,285.0,0,0.0
7658,20.0,0.513,1.42,295.0,0,0.0
7659,20.0,0.496,1.21,297.3,0,0.0
7660,20.0,0.503,1.51,314.2,0,0.0
7661,20.0,0.494,1.02,301.5,0,0.0
7662,20.0,0.481,1.46,305.2,0,0.0
7663,20.0,0.494,1.48,304.2,0,0.0
7664,20.0,0.512,1.75,296.5,0,0.0
7665,20.0,0.503,1.05,291.7,0,0.0
7666,20.0,0.509,1.13,295.1,0,0.0
7667,20.0,0.492,1.06,307.9,0,0.0
7668,20.0,0.49,1.65,294.8,0,0.0
7669,20.0,0.496,1.1,311.0,0,0.0
7670,20.0,0.484,1.26,306.5,0,0.0
7671,20.0,0.489,1.37,292.7,0,0.0
7672,20.0,0.496,1.93,302.7,0,0.0
7673,20.0,0.515,1.52,305.2,0,0.0
7674,20.0,0.505,1.19,300.6,0,0.0
7675,20.0,0.498,1.18,301.9,0,0.0
7676,20.0,0.498,1.89,299.4,0,0.0
7677,20.0,0.509,1.55,295.1,0,0.0
7678,20.0,0.519,1.85,300.7,0,0.0
7679,20.0,0.498,1.3,301.8,0,0.0
7680,20.0,0.484,1.71,310.0,0,0.0
7681,20.0,0.497,1.81,303.1,0,0.0
7682,20.0,0.485,1.64,305.7,0,0.0
7683,20.0,0.49,1.65,289.5,0,0.0
7684,20.0,0.518,1.75,298.5,0,0.0
7685,20.0,0.498,1.22,308.5,0,0.0
7686,20.0,0.505,1.35,305.7,0,0.0
7687,20.0,0.505,1.54,300.2,0,0.0
7688,20.0,0.504,1.88,312.8,0,0.0
7689,20.0,0.504,1.92,286.0,0,0.0
7690,20.0,0.487,1.38,287.0,0,0.0
7691,20.0,0.514,1.9,290.0,0,0.0
7692,20.0,0.495,1.82,302.8,0,0.0
7693,20.0,0.487,1.11,299.9,0,0.0
7694,20.0,0.486,1.87,310.0,0,0.0
7695,20.0,0.482,1.26,298.5,0,0.0
7696,20.0,0.496,1.61,306.6,0,0.0
7697,20.0,0.487,1.66,308.5,0,0.0
7698,20.0,0.515,2.01,314.7,0,0.0
7699,20.0,0.5,1.45,314.5,0,0.0
7700,20.0,0.492,1.19,301.3,0,0.0
7701,20.0,0.5,1.19,296.3,0,0.0
7702,20.0,0.501,1.51,301.5,0,0.0
7703,20.0,0.502,1.42,308.6,0,0.0
7704,20.0,0.485,1.74,288.2,0,0.0
7705,20.0,0.499,1.04,291.8,0,0.0
7706,20.0,0.5,1.2,314.9,0,0.0
7707,20.0,0.506,1.68,301.6,0,0.0
7708,20.0,0.505,1.08,304.4,0,0.0
7709,20.0,0.51,1.24,314.1,0,0.0
7710,20.0,0.515,1.21,289.7,0,0.0
7711,20.0,0.499,1.86,311.7,0,0.0
7712,20.0,0.494,1.39,294.0,0,0.0
7713,20.0,0.503,1.47,310.6,0,0.0
7714,20.0,0.501,1.98,298.3,0,0.0
7715,20.0,0.511,1.93,309.5,0,0.0
7716,20.0,0.486,1.33,311.9,0,0.0
7717,20.0,0.491,1.19,300.1,0,0.0
7718,20.0,0.518,1.65,288.4,0,0.0
7719,20.0,0.507,1.27,300.5,0,0.0
7720,20.0,0.489,1.82,293.2,0,0.0
7721,20.0,0.486,1.53,298.7,0,0.0
7722,20.0,0.496,1.14,311.0,0,0.0
7723,20.0,0.499,1.66,293.0,0,0.0
7724,20.0,0.515,1.12,286.9,0,0.0
7725,20.0,0.488,1.78,289.5,0,0.0
7726,20.0,0.497,1.74,310.0,0,0.0
7727,20.0,0.52,1.46,313.9,0,0.0
7728,20.0,0.514,1.77,297.4,0,0.0
7729,20.0,0.517,1.98,312.2,0,0.0
7730,20.0,0.485,1.63,299.1,0,0.0
7731,20.0,0.487,1.64,311.3,0,0.0
7732,20.0,0.489,1.38,299.7,0,0.0
7733,20.0,0.505,1.84,312.4,0,0.0
7734,20.0,0.492,1.66,301.3,0,0.0
7735,20.0,0.5,1.29,297.0,0,0.0
7736,20.0,0.516,1.61,292.4,0,0.0
7737,20.0,0.517,1.0,289.9,0,0.0
7738,20.0,0.49,1.09,291.9,0,0.0
7739,20.0,0.496,1.74,301.6,0,0.0
7740,20.0,0.513,1.08,293.7,0,0.0
7741,20.0,0.505,2.02,314.4,0,0.0
7742,20.0,0.518,1.93,306.1,0,0.0
7743,20.0,0.494,1.37,296.5,0,0.0
7744,20.0,0.505,1.67,309.9,0,0.0
7745,20.0,0.491,1.36,301.7,0,0.0
7746,20.0,0.509,1.9,299.1,0,0.0
7747,20.0,0.501,1.64,313.3,0,0.0
7748,20.0,0.497,1.36,292.2,0,0.0
7749,20.0,0.48,1.19,313.6,0,0.0
7750,20.0,0.504,1.44,300.4,0,0.0
7751,20.0,0.504,1.87,300.7,0,0.0
7752,20.0,0.481,1.88,289.0,0,0.0
7753,20.0,0.505,1.56,287.9,0,0.0
7754,20.0,0.517,1.51,291.9,0,0.0
7755,20.0,0.498,1.18,304.0,0,0.0
7756,20.0,0.484,1.5,287.7,0,0.0
7757,20.0,0.513,1.85,291.7,0,0.0
7758,20.0,0.491,1.26,293.9,0,0.0
7759,20.0,0.505,1.46,304.1,0,0.0
7760,20.0,0.493,1.25,306.8,0,0.0
7761,20.0,0.486,1.05,287.2,0,0.0
7762,20.0,0.494,1.49,294.7,0,0.0
7763,20.0,0.498,1.69,292.3,0,0.0
7764,20.0,0.498,1.29,295.8,0,0.0
7765,20.0,0.506,1.34,292.0,0,0.0
7766,20.0,0.512,1.98,306.4,0,0.0
7767,20.0,0.504,1.69,299.4,0,0.0
7768,20.0,0.486,1.6,288.4,0,0.0
7769,20.0,0.513,1.15,295.9,0,0.0
7770,20.0,0.49,1.88,313.1,0,0.0
7771,20.0,0.509,1.49,291.8,0,0.0
7772,20.0,0.494,1.26,295.5,0,0.0
7773,20.0,0.496,1.52,297.9,0,0.0
7774,20.0,0.514,1.57,289.2,0,0.0
7775,20.0,0.485,1.45,298.2,0,0.0
7776,20.0,0.516,1.61,292.3,0,0.0
7777,20.0,0.518,1.5,296.4,0,0.0
7778,20.0,0.51,1.76,308.7,0,0.0
7779,20.0,0.481,1.43,312.4,0,0.0
7780,20.0,0.508,1.99,297.7,0,0.0
7781,20.0,0.513,1.96,303.0,0,0.0
7782,20.0,0.489,1.88,292.4,0,0.0
7783,20.0,0.484,1.27,307.8,0,0.0
7784,20.0,0.518,1.85,313.7,0,0.0
7785,20.0,0.482,1.68,289.8,0,0.0
7786,20.0,0.502,1.38,310.1,0,0.0
7787,20.0,0.503,2.05,309.7,0,0.0
7788,20.0,0.51,1.71,303.7,0,0.0
7789,20.0,0.501,1.24,290.8,0,0.0
7790,20.0,0.495,1.96,310.9,0,0.0
7791,20.0,0.493,1.56,298.5,0,0.0
7792,20.0,0.483,1.67,286.6,0,0.0
7793,20.0,0.486,1.87,308.7,0,0.0
7794,20.0,0.49,1.7,293.5,0,0.0
7795,20.0,0.487,1.24,288.8,0,0.0
7796,20.0,0.518,1.24,286.2,0,0.0
7797,20.0,0.484,1.3,308.2,0,0.0
7798,20.0,0.51,1.61,298.9,0,0.0
7799,20.0,0.518,1.88,298.7,0,0.0
7800,20.0,0.509,2.0,309.6,0,0.0
7801,20.0,0.515,1.77,288.5,0,0.0
7802,20.0,0.485,1.66,290.6,0,0.0
7803,20.0,0.519,1.25,299.6,0,0.0
7804,20.0,0.512,1.98,293.7,0,0.0
7805,20.0,0.483,1.52,308.6,0,0.0
7806,20.0,0.486,1.29,304.7,0,0.0
7807,20.0,0.494,1.79,287.2,0,0.0
7808,20.0,0.492,1.66,299.1,0,0.0
7809,20.0,0.509,1.24,287.0,0,0.0
7810,20.0,0.491,1.61,297.4,0,0.0
7811,20.0,0.515,1.84,287.4,0,0.0
7812,20.0,0.487,1.07,312.0,0,0.0
7813,20.0,0.483,1.91,312.3,0,0.0
7814,20.0,0.515,1.59,285.5,0,0.0
7815,20.0,0.504,1.29,311.3,0,0.0
7816,20.0,0.493,1.13,306.7,0,0.0
7817,20.0,0.5,1.27,295.4,0,0.0
7818,20.0,0.508,1.7,312.4,0,0.0
7819,20.0,0.508,1.17,288.6,0,0.0
7820,20.0,0.482,1.08,287.9,0,0.0
7821,20.0,0.512,1.91,302.5,0,0.0
7822,20.0,0.502,1.08,310.8,0,0.0
7823,20.0,0.49,1.88,314.6,0,0.0
7824,20.0,0.51,1.24,295.3,0,0.0
7825,20.0,0.52,1.7,300.6,0,0.0
7826,20.0,0.483,1.84,287.0,0,0.0
7827,20.0,0.514,1.62,309.2,0,0.0
7828,20.0,0.514,0.98,286.8,0,0.0
7829,20.0,0.493,1.3,296.9,0,0.0
7830,20.0,0.494,1.3,310.9,0,0.0
7831,20.0,0.49,1.16,295.8,0,0.0
7832,20.0,0.487,1.62,294.0,0,0.0
7833,20.0,0.505,1.58,289.3,0,0.0
7834,20.0,0.519,1.54,307.8,0,0.0
7835,20.0,0.517,1.32,291.4,0,0.0
7836,20.0,0.519,1.65,286.8,0,0.0
7837,20.0,0.493,1.89,302.3,0,0.0
7838,20.0,0.517,1.63,291.7,0,0.0
7839,20.0,0.502,1.84,285.8,0,0.0
7840,20.0,0.485,1.67,312.6,0,0.0
7841,20.0,0.498,1.97,297.1,0,0.0
7842,20.0,0.507,1.96,297.0,0,0.0
7843,20.0,0.52,1.43,311.7,0,0.0
7844,20.0,0.51,1.34,301.0,0,0.0
7845,20.0,0.481,1.78,291.1,0,0.0
7846,20.0,0.519,2.08,306.2,0,0.0
7847,20.0,0.498,1.51,312.6,0,0.0
7848,20.0,0.492,1.91,287.8,0,0.0
7849,20.0,0.504,1.85,314.3,0,0.0
7850,20.0,0.519,1.99,292.0,0,0.0
7851,20.0,0.489,1.07,297.2,0,0.0
7852,20.0,0.503,1.74,311.7,0,0.0
7853,20.0,0.496,1.07,309.7,0,0.0
7854,20.0,0.485,1.33,295.8,0,0.0
7855,20.0,0.502,1.37,307.2,0,0.0
7856,20.0,0.508,1.96,290.1,0,0.0
7857,20.0,0.508,1.14,309.1,0,0.0
7858,20.0,0.509,2.0,310.2,0,0.0
7859,20.0,0.504,1.16,289.0,0,0.0
7860,20.0,0.506,1.21,290.4,0,0.0
7861,20.0,0.492,1.77,306.7,0,0.0
7862,20.0,0.52,1.53,293.9,0,0.0
7863,20.0,0.503,1.14,311.8,0,0.0
7864,20.0,0.504,1.92,288.5,0,0.0
7865,20.0,0.503,1.62,293.0,0,0.0
7866,20.0,0.505,1.33,291.4,0,0.0
7867,20.0,0.487,1.39,295.4,0,0.0
7868,20.0,0.487,1.25,286.4,0,0.0
7869,20.0,0.494,1.59,291.8,0,0.0
7870,20.0,0.488,1.69,288.2,0,0.0
7871,20.0,0.495,1.74,289.0,0,0.0
7872,20.0,0.5,1.19,287.1,0,0.0
7873,20.0,0.512,1.32,298.2,0,0.0
7874,20.0,0.509,1.12,287.1,0,0.0
7875,20.0,0.518,1.25,302.3,0,0.0
7876,20.0,0.482,1.48,304.8,0,0.0
7877,20.0,0.5,1.87,298.5,0,0.0
7878,20.0,0.511,1.41,314.9,0,0.0
7879,20.0,0.486,1.21,294.1,0,0.0
7880,20.0,0.514,1.11,291.5,0,0.0
7881,20.0,0.506,1.14,285.6,0,0.0
7882,20.0,0.511,1.05,287.0,0,0.0
7883,20.0,0.517,1.61,312.0,0,0.0
7884,20.0,0.518,1.87,300.2,0,0.0
7885,20.0,0.484,1.82,296.1,0,0.0
7886,20.0,0.51,1.15,286.4,0,0.0
7887,20.0,0.491,1.76,303.3,0,0.0
7888,20.0,0.49,1.66,311.4,0,0.0
7889,20.0,0.514,1.11,290.5,0,0.0
7890,20.0,0.516,1.56,295.6,0,0.0
7891,20.0,0.49,1.91,307.5,0,0.0
7892,20.0,0.488,1.16,295.9,0,0.0
7893,20.0,0.483,1.84,285.1,0,0.0
7894,20.0,0.484,1.86,310.5,0,0.0
7895,20.0,0.492,1.07,289.7,0,0.0
7896,20.0,0.481,1.54,298.2,0,0.0
7897,20.0,0.497,1.09,314.5,0,0.0
7898,20.0,0.482,0.99,305.7,0,0.0
7899,20.0,0.492,1.66,289.5,0,0.0
7900,20.0,0.509,1.88,312.9,0,0.0
7901,20.0,0.518,1.81,299.8,0,0.0
7902,20.0,0.494,1.18,295.6,0,0.0
7903,20.0,0.484,1.17,306.0,0,0.0
7904,20.0,0.52,1.5,299.2,0,0.0
7905,20.0,0.498,1.93,295.0,0,0.0
7906,20.0,0.519,1.16,298.5,0,0.0
7907,20.0,0.49,1.6,296.2,0,0.0
7908,20.0,0.489,1.05,287.0,0,0.0
7909,20.0,0.515,1.79,304.4,0,0.0
7910,20.0,0.482,1.23,298.4,0,0.0
7911,20.0,0.501,1.14,289.1,0,0.0
7912,20.0,0.495,1.32,288.9,0,0.0
7913,20.0,0.519,1.64,301.7,0,0.0
7914,20.0,0.504,1.06,288.5,0,0.0
7915,20.0,0.49,1.05,294.4,0,0.0
7916,20.0,0.489,1.86,301.9,0,0.0
7917,20.0,0.503,1.47,293.3,0,0.0
7918,20.0,0.508,1.83,306.0,0,0.0
7919,20.0,0.501,1.37,295.1,0,0.0
7920,20.0,0.512,1.3,307.1,0,0.0
7921,20.0,0.505,1.25,298.3,0,0.0
7922,20.0,0.512,1.5,303.3,0,0.0
7923,20.0,0.51,1.83,292.1,0,0.0
7924,20.0,0.493,1.07,310.3,0,0.0
7925,20.0,0.512,1.56,305.4,0,0.0
7926,20.0,0.483,1.19,312.7,0,0.0
7927,20.0,0.514,1.65,311.0,0,0.0
7928,20.0,0.488,1.57,301.1,0,0.0
7929,20.0,0.513,1.78,309.8,0,0.0
7930,20.0,0.512,1.22,307.6,0,0.0
7931,20.0,0.515,1.52,306.4,0,0.0
7932,20.0,0.485,1.25,286.1,0,0.0
7933,20.0,0.5,1.29,286.7,0,0.0
7934,20.0,0.481,1.34,301.5,0,0.0
7935,20.0,0.503,1.92,307.6,0,0.0
7936,20.0,0.517,1.91,293.2,0,0.0
7937,20.0,0.495,1.65,299.7,0,0.0
7938,20.0,0.493,1.46,308.6,0,0.0
7939,20.0,0.483,1.11,300.2,0,0.0
7940,20.0,0.493,1.42,289.1,0,0.0
7941,20.0,0.514,1.4,314.0,0,0.0
7942,20.0,0.488,1.24,312.2,0,0.0
7943,20.0,0.484,1.13,288.8,0,0.0
7944,20.0,0.499,1.13,310.8,0,0.0
7945,20.0,0.512,1.75,296.9,0,0.0
7946,20.0,0.518,1.99,310.0,0,0.0
7947,20.0,0.503,1.55,309.0,0,0.0
7948,20.0,0.488,1.54,300.8,0,0.0
7949,20.0,0.49,1.57,305.4,0,0.0
7950,20.0,0.498,1.75,295.2,0,0.0
7951,20.0,0.484,1.57,288.8,0,0.0
7952,20.0,0.481,1.23,286.4,0,0.0
7953,20.0,0.508,1.35,306.1,0,0.0
7954,20.0,0.492,1.19,290.9,0,0.0
7955,20.0,0.48,1.46,288.4,0,0.0
7956,20.0,0.52,1.44,289.4,0,0.0
7957,20.0,0.482,1.81,303.3,0,0.0
7958,20.0,0.49,1.08,293.3,0,0.0
7959,20.0,0.503,1.54,290.5,0,0.0
7960,20.0,0.501,0.97,285.1,0,0.0
7961,20.0,0.512,1.84,285.6,0,0.0
7962,20.0,0.482,1.9,302.0,0,0.0
7963,20.0,0.514,1.64,312.6,0,0.0
7964,20.0,0.482,1.54,297.4,0,0.0
7965,20.0,0.508,1.48,285.5,0,0.0
7966,20.0,0.513,1.68,291.4,0,0.0
7967,20.0,0.5,1.38,291.7,0,0.0
7968,20.0,0.494,1.19,292.7,0,0.0
7969,20.0,0.487,0.98,295.0,0,0.0
7970,20.0,0.504,1.29,295.1,0,0.0
7971,20.0,0.485,1.08,291.1,0,0.0
7972,20.0,0.512,1.37,302.6,0,0.0
7973,20.0,0.49,1.35,303.6,0,0.0
7974,20.0,0.503,1.93,292.5,0,0.0
7975,20.0,0.497,1.53,293.0,0,0.0
7976,20.0,0.505,1.04,289.5,0,0.0
7977,20.0,0.498,1.3,296.9,0,0.0
7978,20.0,0.485,1.68,312.3,0,0.0
7979,20.0,0.487,1.55,288.4,0,0.0
7980,20.0,0.482,1.28,307.4,0,0.0
7981,20.0,0.501,1.65,297.2,0,0.0
7982,20.0,0.5,1.42,298.6,0,0.0
7983,20.0,0.504,1.65,288.2,0,0.0
7984,20.0,0.506,1.63,297.0,0,0.0
7985,20.0,0.48,1.34,304.8,0,0.0
7986,20.0,0.509,1.99,301.4,0,0.0
7987,20.0,0.505,1.12,308.8,0,0.0
7988,20.0,0.482,1.32,300.9,0,0.0
7989,20.0,0.512,1.28,293.8,0,0.0
7990,20.0,0.485,0.99,288.8,0,0.0
7991,20.0,0.504,1.75,295.8,0,0.0
7992,20.0,0.509,1.65,290.5,0,0.0
7993,20.0,0.519,1.91,303.3,0,0.0
7994,20.0,0.502,1.98,313.4,0,0.0
7995,20.0,0.483,0.99,285.1,0,0.0
7996,20.0,0.506,1.82,307.3,0,0.0
7997,20.0,0.51,1.25,313.2,0,0.0
7998,20.0,0.485,1.13,308.0,0,0.0
7999,20.0,0.485,1.27,307.6,0,0.0
8000,20.0,0.49,1.97,309.6,0,0.0
8001,20.0,0.501,0.99,291.4,0,0.0
8002,20.0,0.498,1.62,289.3,0,0.0
8003,20.0,0.509,1.29,299.3,0,0.0
8004,20.0,0.496,1.9,295.8,0,0.0
8005,20.0,0.482,1.35,301.7,0,0.0
8006,20.0,0.506,1.4,289.1,0,0.0
8007,20.0,0.518,1.8,298.5,0,0.0
8008,20.0,0.518,1.99,289.3,0,0.0
8009,20.0,0.484,1.21,301.8,0,0.0
8010,20.0,0.492,1.54,302.9,0,0.0
8011,20.0,0.508,1.38,285.6,0,0.0
8012,20.0,0.481,1.52,314.3,0,0.0
8013,20.0,0.517,1.81,303.9,0,0.0
8014,20.0,0.482,0.95,289.4,0,0.0
8015,20.0,0.506,1.24,298.1,0,0.0
8016,20.0,0.49,1.63,287.1,0,0.0
8017,20.0,0.516,2.0,310.6,0,0.0
8018,20.0,0.495,1.41,310.9,0,0.0
8019,20.0,0.485,1.02,287.3,0,0.0
8020,20.0,0.519,1.44,287.2,0,0.0
8021,20.0,0.498,1.66,286.3,0,0.0
8022,20.0,0.496,1.02,294.2,0,0.0
8023,20.0,0.514,1.73,304.2,0,0.0
8024,20.0,0.484,1.38,295.9,0,0.0
8025,20.0,0.497,1.57,294.6,0,0.0
8026,20.0,0.492,1.82,299.3,0,0.0
8027,20.0,0.5,2.03,313.1,0,0.0
8028,20.0,0.511,1.38,305.3,0,0.0
8029,20.0,0.504,1.89,285.1,0,0.0
8030,20.0,0.483,1.79,291.6,0,0.0
8031,20.0,0.501,1.44,310.7,0,0.0
8032,20.0,0.516,1.04,296.4,0,0.0
8033,20.0,0.486,1.77,303.0,0,0.0
8034,20.0,0.5,1.84,308.1,0,0.0
8035,20.0,0.5,1.96,313.1,0,0.0
8036,20.0,0.49,1.96,308.4,0,0.0
8037,20.0,0.507,1.59,295.2,0,0.0
8038,20.0,0.501,1.7,314.7,0,0.0
8039,20.0,0.509,1.91,306.9,0,0.0
8040,20.0,0.52,2.1,309.8,0,0.0
8041,20.0,0.493,1.57,298.9,0,0.0
8042,20.0,0.494,1.49,286.5,0,0.0
8043,20.0,0.515,1.93,301.8,0,0.0
8044,20.0,0.512,1.18,286.0,0,0.0
8045,20.0,0.51,1.38,307.7,0,0.0
8046,20.0,0.49,1.11,304.4,0,0.0
8047,20.0,0.488,1.66,291.5,0,0.0
8048,20.0,0.506,1.53,312.6,0,0.0
8049,20.0,0.488,1.15,306.4,0,0.0
8050,20.0,0.507,1.03,300.6,0,0.0
8051,20.0,0.502,1.35,294.8,0,0.0
8052,20.0,0.491,1.48,290.6,0,0.0
8053,20.0,0.493,1.32,291.6,0,0.0
8054,20.0,0.509,1.78,303.5,0,0.0
8055,20.0,0.516,1.6,308.8,0,0.0
8056,20.0,0.504,1.8,308.1,0,0.0
8057,20.0,0.49,1.74,294.9,0,0.0
8058,20.0,0.487,1.99,311.1,0,0.0
8059,20.0,0.491,1.28,295.2,0,0.0
8060,20.0,0.502,1.59,308.4,0,0.0
8061,20.0,0.483,1.56,290.6,0,0.0
8062,20.0,0.515,1.04,292.4,0,0.0
8063,20.0,0.483,1.31,295.3,0,0.0
8064,20.0,0.491,1.39,314.7,0,0.0
8065,20.0,0.515,1.08,306.1,0,0.0
8066,20.0,0.506,1.54,293.9,0,0.0
8067,20.0,0.497,1.99,310.2,0,0.0
8068,20.0,0.506,1.42,290.3,0,0.0
8069,20.0,0.506,1.71,314.3,0,0.0
8070,20.0,0.499,1.1,302.6,0,0.0
8071,20.0,0.505,1.11,293.3,0,0.0
8072,20.0,0.52,1.73,309.5,0,0.0
8073,20.0,0.493,1.58,309.8,0,0.0
8074,20.0,0.492,1.45,301.3,0,0.0
8075,20.0,0.5,1.32,297.6,0,0.0
8076,20.0,0.51,1.93,299.6,0,0.0
8077,20.0,0.519,1.44,310.2,0,0.0
8078,20.0,0.512,1.99,292.4,0,0.0
8079,20.0,0.509,1.59,286.5,0,0.0
8080,20.0,0.502,1.33,289.4,0,0.0
8081,20.0,0.498,1.1,309.0,0,0.0
8082,20.0,0.488,1.96,300.9,0,0.0
8083,20.0,0.513,1.76,303.6,0,0.0
8084,20.0,0.508,1.65,299.6,0,0.0
8085,20.0,0.495,1.13,292.3,0,0.0
8086,20.0,0.495,1.65,309.3,0,0.0
8087,20.0,0.5,1.57,311.3,0,0.0
8088,20.0,0.499,1.68,308.8,0,0.0
8089,20.0,0.487,1.15,285.8,0,0.0
8090,20.0,0.502,1.88,291.0,0,0.0
8091,20.0,0.488,1.27,310.4,0,0.0
8092,20.0,0.487,1.37,291.9,0,0.0
8093,20.0,0.508,1.92,300.3,0,0.0
8094,20.0,0.504,1.83,291.6,0,0.0
8095,20.0,0.514,1.72,299.2,0,0.0
8096,20.0,0.508,1.09,292.6,0,0.0
8097,20.0,0.5,1.73,293.0,0,0.0
8098,20.0,0.498,1.51,307.2,0,0.0
8099,20.0,0.514,1.32,310.1,0,0.0
8100,20.0,0.501,1.99,306.9,0,0.0
8101,20.0,0.492,1.27,298.3,0,0.0
8102,20.0,0.507,1.34,304.3,0,0.0
8103,20.0,0.501,1.27,299.5,0,0.0
8104,20.0,0.514,1.87,310.3,0,0.0
8105,20.0,0.49,1.42,313.3,0,0.0
8106,20.0,0.487,1.85,290.9,0,0.0
8107,20.0,0.514,2.03,312.0,0,0.0
8108,20.0,0.502,1.31,312.8,0,0.0
8109,20.0,0.504,1.66,302.2,0,0.0
8110,20.0,0.487,1.3,307.1,0,0.0
8111,20.0,0.507,1.09,306.7,0,0.0
8112,20.0,0.518,1.79,311.6,0,0.0
8113,20.0,0.504,1.58,310.3,0,0.0
8114,20.0,0.501,1.39,303.4,0,0.0
8115,20.0,0.485,1.19,286.9,0,0.0
8116,20.0,0.51,1.82,306.1,0,0.0
8117,20.0,0.51,1.36,305.9,0,0.0
8118,20.0,0.512,1.11,306.1,0,0.0
8119,20.0,0.49,1.34,295.9,0,0.0
8120,20.0,0.5,1.06,286.1,0,0.0
8121,20.0,0.502,1.62,304.7,0,0.0
8122,20.0,0.488,1.87,308.1,0,0.0
8123,20.0,0.512,1.58,312.6,0,0.0
8124,20.0,0.486,1.87,302.5,0,0.0
8125,20.0,0.487,1.9,300.5,0,0.0
8126,20.0,0.488,1.25,310.9,0,0.0
8127,20.0,0.496,1.6,294.0,0,0.0
8128,20.0,0.494,1.71,301.4,0,0.0
8129,20.0,0.487,1.78,294.1,0,0.0
8130,20.0,0.495,1.52,309.7,0,0.0
8131,20.0,0.514,1.44,291.3,0,0.0
8132,20.0,0.482,1.42,291.7,0,0.0
8133,20.0,0.488,1.74,302.0,0,0.0
8134,20.0,0.483,1.0,286.8,0,0.0
8135,20.0,0.492,1.13,306.8,0,0.0
8136,20.0,0.488,1.49,299.5,0,0.0
8137,20.0,0.518,1.85,285.6,0,0.0
8138,20.0,0.512,1.11,288.5,0,0.0
8139,20.0,0.505,1.5,295.5,0,0.0
8140,20.0,0.519,1.95,290.1,0,0.0
8141,20.0,0.496,1.06,307.3,0,0.0
8142,20.0,0.486,1.16,311.5,0,0.0
8143,20.0,0.515,1.57,300.1,0,0.0
8144,20.0,0.515,1.47,299.1,0,0.0
8145,20.0,0.506,1.8,312.7,0,0.0
8146,20.0,0.492,1.17,285.4,0,0.0
8147,20.0,0.5,1.55,295.5,0,0.0
8148,20.0,0.499,1.85,289.6,0,0.0
8149,20.0,0.49,1.69,307.2,0,0.0
8150,20.0,0.501,1.15,296.9,0,0.0
8151,20.0,0.508,1.95,289.8,0,0.0
8152,20.0,0.486,1.18,312.7,0,0.0
8153,20.0,0.518,1.62,309.7,0,0.0
8154,20.0,0.486,1.76,301.2,0,0.0
8155,20.0,0.511,1.7,292.7,0,0.0
8156,20.0,0.514,1.44,311.9,0,0.0
8157,20.0,0.518,1.21,296.6,0,0.0
8158,20.0,0.512,1.08,296.7,0,0.0
8159,20.0,0.499,1.6,287.5,0,0.0
8160,20.0,0.508,1.4,287.2,0,0.0
8161,20.0,0.485,1.53,312.6,0,0.0
8162,20.0,0.516,1.16,294.9,0,0.0
8163,20.0,0.511,2.0,313.3,0,0.0
8164,20.0,0.518,1.36,286.5,0,0.0
8165,20.0,0.508,1.64,291.2,0,0.0
8166,20.0,0.499,1.11,313.8,0,0.0
8167,20.0,0.483,1.5,288.5,0,0.0
8168,20.0,0.519,1.56,288.4,0,0.0
8169,20.0,0.5,1.87,314.6,0,0.0
8170,20.0,0.512,1.1,295.3,0,0.0
8171,20.0,0.498,1.7,290.9,0,0.0
8172,20.0,0.49,1.89,289.1,0,0.0
8173,20.0,0.486,1.67,309.4,0,0.0
8174,20.0,0.519,1.37,308.3,0,0.0
8175,20.0,0.48,1.81,309.1,0,0.0
8176,20.0,0.517,1.66,302.8,0,0.0
8177,20.0,0.513,1.93,291.2,0,0.0
8178,20.0,0.508,1.4,290.4,0,0.0
8179,20.0,0.491,1.44,311.9,0,0.0
8180,20.0,0.497,1.78,313.9,0,0.0
8181,20.0,0.509,2.02,303.6,0,0.0
8182,20.0,0.512,1.52,308.0,0,0.0
8183,20.0,0.489,1.29,294.0,0,0.0
8184,20.0,0.48,1.03,293.6,0,0.0
8185,20.0,0.505,2.07,311.0,0,0.0
8186,20.0,0.484,0.97,285.2,0,0.0
8187,20.0,0.496,1.55,298.7,0,0.0
8188,20.0,0.507,1.83,311.0,0,0.0
8189,20.0,0.485,1.3,294.7,0,0.0
8190,20.0,0.494,1.21,301.8,0,0.0
8191,20.0,0.502,1.08,286.6,0,0.0
8192,20.0,0.488,1.86,303.9,0,0.0
8193,20.0,0.52,1.77,314.9,0,0.0
8194,20.0,0.514,1.52,307.3,0,0.0
8195,20.0,0.518,1.55,310.8,0,0.0
8196,20.0,0.494,0.93,287.5,0,0.0
8197,20.0,0.516,1.11,306.2,0,0.0
8198,20.0,0.503,1.66,287.7,0,0.0
8199,20.0,0.515,1.84,288.0,0,0.0
8200,20.0,0.48,1.31,288.5,0,0.0
8201,20.0,0.515,1.73,306.6,0,0.0
8202,20.0,0.504,1.06,302.7,0,0.0
8203,20.0,0.495,1.92,314.7,0,0.0
8204,20.0,0.509,1.85,305.8,0,0.0
8205,20.0,0.486,1.09,306.3,0,0.0
8206,20.0,0.518,1.65,294.1,0,0.0
8207,20.0,0.495,1.78,288.2,0,0.0
8208,20.0,0.5,1.85,286.6,0,0.0
8209,20.0,0.487,1.87,286.5,0,0.0
8210,20.0,0.509,1.93,305.3,0,0.0
8211,20.0,0.516,1.8,308.4,0,0.0
8212,20.0,0.51,1.04,291.3,0,0.0
8213,20.0,0.489,1.29,286.5,0,0.0
8214,20.0,0.519,1.45,295.1,0,0.0
8215,20.0,0.494,1.96,296.1,0,0.0
8216,20.0,0.491,1.08,313.6,0,0.0
8217,20.0,0.497,1.76,311.5,0,0.0
8218,20.0,0.485,1.27,304.4,0,0.0
8219,20.0,0.506,1.33,306.2,0,0.0
8220,20.0,0.499,1.95,314.3,0,0.0
8221,20.0,0.5,1.43,313.3,0,0.0
8222,20.0,0.495,1.85,287.4,0,0.0
8223,20.0,0.491,1.61,304.3,0,0.0
8224,20.0,0.515,1.26,312.2,0,0.0
8225,20.0,0.486,1.73,286.3,0,0.0
8226,20.0,0.498,1.88,315.0,0,0.0
8227,20.0,0.506,1.63,304.6,0,0.0
8228,20.0,0.517,1.92,297.1,0,0.0
8229,20.0,0.493,1.06,307.2,0,0.0
8230,20.0,0.501,1.59,299.2,0,0.0
8231,20.0,0.5,1.09,295.6,0,0.0
8232,20.0,0.499,1.37,286.6,0,0.0
8233,20.0,0.507,1.41,291.5,0,0.0
8234,20.0,0.493,1.88,287.3,0,0.0
8235,20.0,0.487,1.56,303.9,0,0.0
8236,20.0,0.507,1.87,290.1,0,0.0
8237,20.0,0.511,1.23,291.2,0,0.0
8238,20.0,0.501,1.69,291.6,0,0.0
8239,20.0,0.495,1.31,314.3,0,0.0
8240,20.0,0.511,1.66,289.3,0,0.0
8241,20.0,0.505,1.69,311.7,0,0.0
8242,20.0,0.497,1.53,295.5,0,0.0
8243,20.0,0.5,1.89,299.3,0,0.0
8244,20.0,0.507,1.51,285.0,0,0.0
8245,20.0,0.518,1.95,308.7,0,0.0
8246,20.0,0.52,1.58,309.5,0,0.0
8247,20.0,0.515,1.92,300.1,0,0.0
8248,20.0,0.516,1.63,304.5,0,0.0
8249,20.0,0.489,1.38,293.1,0,0.0
8250,20.0,0.501,1.86,295.9,0,0.0
8251,20.0,0.519,1.12,305.5,0,0.0
8252,20.0,0.497,1.44,302.0,0,0.0
8253,20.0,0.511,1.09,310.3,0,0.0
8254,20.0,0.482,1.06,313.7,0,0.0
8255,20.0,0.488,1.94,314.3,0,0.0
8256,20.0,0.509,1.2,291.2,0,0.0
8257,20.0,0.486,1.41,309.2,0,0.0
8258,20.0,0.498,1.75,289.2,0,0.0
8259,20.0,0.498,1.61,290.8,0,0.0
8260,20.0,0.52,1.84,294.2,0,0.0
8261,20.0,0.52,1.63,304.2,0,0.0
8262,20.0,0.485,1.09,302.4,0,0.0
8263,20.0,0.49,1.43,295.8,0,0.0
8264,20.0,0.483,1.47,310.4,0,0.0
8265,20.0,0.491,1.14,306.1,0,0.0
8266,20.0,0.504,1.89,287.5,0,0.0
8267,20.0,0.513,1.6,314.0,0,0.0
8268,20.0,0.515,1.84,305.2,0,0.0
8269,20.0,0.511,1.88,309.1,0,0.0
8270,20.0,0.489,1.05,298.8,0,0.0
8271,20.0,0.492,1.96,306.1,0,0.0
8272,20.0,0.503,1.25,294.0,0,0.0
8273,20.0,0.485,1.61,308.9,0,0.0
8274,20.0,0.508,1.09,307.6,0,0.0
8275,20.0,0.492,1.43,288.0,0,0.0
8276,20.0,0.494,1.87,300.8,0,0.0
8277,20.0,0.52,1.35,306.5,0,0.0
8278,20.0,0.496,1.22,292.5,0,0.0
8279,20.0,0.493,1.47,313.6,0,0.0
8280,20.0,0.489,1.4,309.0,0,0.0
8281,20.0,0.518,1.4,303.2,0,0.0
8282,20.0,0.51,1.17,290.9,0,0.0
8283,20.0,0.496,1.39,285.1,0,0.0
8284,20.0,0.482,1.86,293.5,0,0.0
8285,20.0,0.487,1.08,310.7,0,0.0
8286,20.0,0.504,1.65,288.5,0,0.0
8287,20.0,0.484,1.56,309.9,0,0.0
8288,20.0,0.488,1.32,286.2,0,0.0
8289,20.0,0.515,1.61,287.3,0,0.0
8290,20.0,0.49,1.43,309.9,0,0.0
8291,20.0,0.503,1.31,295.8,0,0.0
8292,20.0,0.517,1.41,287.2,0,0.0
8293,20.0,0.51,1.15,291.4,0,0.0
8294,20.0,0.506,1.7,304.2,0,0.0
8295,20.0,0.489,1.52,298.7,0,0.0
8296,20.0,0.504,1.57,285.9,0,0.0
8297,20.0,0.516,1.21,300.1,0,0.0
8298,20.0,0.508,1.24,304.7,0,0.0
8299,20.0,0.483,1.18,307.9,0,0.0
8300,20.0,0.506,1.03,293.2,0,0.0
8301,20.0,0.504,1.2,306.0,0,0.0
8302,20.0,0.512,1.65,301.0,0,0.0
8303,20.0,0.511,1.6,287.1,0,0.0
8304,20.0,0.513,1.01,289.2,0,0.0
8305,20.0,0.517,1.46,312.0,0,0.0
8306,20.0,0.488,1.51,293.1,0,0.0
8307,20.0,0.505,1.18,290.3,0,0.0
8308,20.0,0.501,1.45,311.5,0,0.0
8309,20.0,0.491,1.03,288.7,0,0.0
8310,20.0,0.515,1.78,311.3,0,0.0
8311,20.0,0.51,1.99,294.8,0,0.0
8312,20.0,0.486,1.89,291.1,0,0.0
8313,20.0,0.51,1.52,289.5,0,0.0
8314,20.0,0.511,1.17,290.0,0,0.0
8315,20.0,0.515,1.55,285.6,0,0.0
8316,20.0,0.496,1.18,299.0,0,0.0
8317,20.0,0.504,1.44,310.0,0,0.0
8318,20.0,0.52,1.25,285.9,0,0.0
8319,20.0,0.485,1.49,295.4,0,0.0
8320,20.0,0.492,1.41,308.8,0,0.0
8321,20.0,0.482,1.1,311.4,0,0.0
8322,20.0,0.497,1.89,310.9,0,0.0
8323,20.0,0.5,1.19,297.0,0,0.0
8324,20.0,0.507,1.54,289.8,0,0.0
8325,20.0,0.48,1.2,307.6,0,0.0
8326,20.0,0.519,1.21,291.9,0,0.0
8327,20.0,0.488,1.79,293.7,0,0.0
8328,20.0,0.513,1.51,312.2,0,0.0
8329,20.0,0.488,1.85,296.5,0,0.0
8330,20.0,0.505,1.57,291.8,0,0.0
8331,20.0,0.485,1.59,301.4,0,0.0
8332,20.0,0.482,1.08,306.2,0,0.0
8333,20.0,0.496,1.07,294.2,0,0.0
8334,20.0,0.504,1.34,307.8,0,0.0
8335,20.0,0.519,1.68,310.3,0,0.0
8336,20.0,0.495,1.24,288.1,0,0.0
8337,20.0,0.48,1.25,313.7,0,0.0
8338,20.0,0.482,1.82,307.7,0,0.0
8339,20.0,0.49,1.74,285.7,0,0.0
8340,20.0,0.493,1.48,288.7,0,0.0
8341,20.0,0.51,1.28,294.5,0,0.0
8342,20.0,0.497,1.05,306.1,0,0.0
8343,20.0,0.499,1.65,296.8,0,0.0
8344,20.0,0.498,1.37,307.1,0,0.0
8345,20.0,0.501,1.96,299.8,0,0.0
8346,20.0,0.499,1.34,296.6,0,0.0
8347,20.0,0.495,1.57,292.3,0,0.0
8348,20.0,0.481,1.45,303.4,0,0.0
8349,20.0,0.496,1.91,309.4,0,0.0
8350,20.0,0.511,1.42,312.0,0,0.0
8351,20.0,0.516,1.39,289.3,0,0.0
8352,20.0,0.48,1.14,312.4,0,0.0
8353,20.0,0.512,1.31,285.7,0,0.0
8354,20.0,0.482,1.02,302.5,0,0.0
8355,20.0,0.48,1.93,312.5,0,0.0
8356,20.0,0.513,1.27,311.3,0,0.0
8357,20.0,0.51,1.49,312.0,0,0.0
8358,20.0,0.492,1.03,297.9,0,0.0
8359,20.0,0.484,1.4,295.4,0,0.0
8360,20.0,0.513,1.14,288.0,0,0.0
8361,20.0,0.499,1.57,294.4,0,0.0
8362,20.0,0.5,1.64,288.0,0,0.0
8363,20.0,0.504,1.54,304.4,0,0.0
8364,20.0,0.489,1.48,296.6,0,0.0
8365,20.0,0.495,1.73,310.6,0,0.0
8366,20.0,0.51,1.46,308.6,0,0.0
8367,20.0,0.487,1.3,285.1,0,0.0
8368,20.0,0.497,1.62,300.6,0,0.0
8369,20.0,0.491,0.95,289.1,0,0.0
8370,20.0,0.492,1.15,302.1,0,0.0
8371,20.0,0.501,1.25,293.6,0,0.0
8372,20.0,0.497,1.84,286.5,0,0.0
8373,20.0,0.489,1.19,290.1,0,0.0
8374,20.0,0.494,1.72,314.0,0,0.0
8375,20.0,0.504,1.38,300.0,0,0.0
8376,20.0,0.492,1.14,308.2,0,0.0
8377,20.0,0.503,1.28,308.5,0,0.0
8378,20.0,0.504,1.06,306.9,0,0.0
8379,20.0,0.492,1.15,299.9,0,0.0
8380,20.0,0.485,1.18,310.9,0,0.0
8381,20.0,0.489,1.72,315.0,0,0.0
8382,20.0,0.486,1.05,301.7,0,0.0
8383,20.0,0.486,1.54,313.3,0,0.0
8384,20.0,0.497,1.93,311.9,0,0.0
8385,20.0,0.519,1.93,298.7,0,0.0
8386,20.0,0.494,1.55,295.7,0,0.0
8387,20.0,0.482,1.57,312.8,0,0.0
8388,20.0,0.499,1.42,308.8,0,0.0
8389,20.0,0.491,1.83,287.9,0,0.0
8390,20.0,0.517,1.44,303.8,0,0.0
8391,20.0,0.51,1.24,292.3,0,0.0
8392,20.0,0.509,1.93,298.8,0,0.0
8393,20.0,0.481,1.79,289.0,0,0.0
8394,20.0,0.506,1.63,302.3,0,0.0
8395,20.0,0.508,1.52,297.8,0,0.0
8396,20.0,0.509,1.18,301.7,0,0.0
8397,20.0,0.5,1.17,305.0,0,0.0
8398,20.0,0.508,1.91,303.6,0,0.0
8399,20.0,0.482,1.12,311.6,0,0.0
8400,20.0,0.489,1.84,305.6,0,0.0
8401,20.0,0.499,1.54,295.5,0,0.0
8402,20.0,0.508,1.05,292.4,0,0.0
8403,20.0,0.483,0.93,287.9,0,0.0
8404,20.0,0.49,1.76,306.5,0,0.0
8405,20.0,0.507,1.33,294.6,0,0.0
8406,20.0,0.507,1.63,287.8,0,0.0
8407,20.0,0.52,1.24,310.1,0,0.0
8408,20.0,0.497,1.78,309.8,0,0.0
8409,20.0,0.503,1.74,289.1,0,0.0
8410,20.0,0.507,1.42,292.9,0,0.0
8411,20.0,0.481,1.18,304.7,0,0.0
8412,20.0,0.519,1.18,288.3,0,0.0
8413,20.0,0.498,1.27,310.5,0,0.0
8414,20.0,0.503,1.1,304.4,0,0.0
8415,20.0,0.513,1.29,285.1,0,0.0
8416,20.0,0.495,1.41,315.0,0,0.0
8417,20.0,0.511,1.65,293.0,0,0.0
8418,20.0,0.508,1.12,308.9,0,0.0
8419,20.0,0.508,1.14,310.9,0,0.0
8420,20.0,0.488,1.19,299.6,0,0.0
8421,20.0,0.493,1.93,307.0,0,0.0
8422,20.0,0.484,1.08,313.8,0,0.0
8423,20.0,0.496,1.11,301.9,0,0.0
8424,20.0,0.488,1.81,314.2,0,0.0
8425,20.0,0.491,1.31,313.7,0,0.0
8426,20.0,0.482,1.87,294.6,0,0.0
8427,20.0,0.49,1.8,289.3,0,0.0
8428,20.0,0.517,1.69,292.8,0,0.0
8429,20.0,0.493,1.22,305.9,0,0.0
8430,20.0,0.491,1.08,310.2,0,0.0
8431,20.0,0.509,1.59,302.0,0,0.0
8432,20.0,0.515,1.14,314.1,0,0.0
8433,20.0,0.484,1.05,313.1,0,0.0
8434,20.0,0.512,1.74,307.2,0,0.0
8435,20.0,0.498,1.17,291.5,0,0.0
8436,20.0,0.496,1.41,289.2,0,0.0
8437,20.0,0.496,1.31,289.2,0,0.0
8438,20.0,0.485,1.24,285.7,0,0.0
8439,20.0,0.491,1.3,287.7,0,0.0
8440,20.0,0.515,1.44,309.4,0,0.0
8441,20.0,0.487,1.52,295.9,0,0.0
8442,20.0,0.489,1.23,313.0,0,0.0
8443,20.0,0.517,1.3,314.2,0,0.0
8444,20.0,0.513,1.6,310.0,0,0.0
8445,20.0,0.513,1.79,298.8,0,0.0
8446,20.0,0.495,1.53,306.0,0,0.0
8447,20.0,0.505,1.42,312.1,0,0.0
8448,20.0,0.484,1.74,291.8,0,0.0
8449,20.0,0.496,1.56,294.7,0,0.0
8450,20.0,0.514,1.98,299.8,0,0.0
8451,20.0,0.49,1.35,285.2,0,0.0
8452,20.0,0.508,1.04,301.7,0,0.0
8453,20.0,0.5,1.99,301.8,0,0.0
8454,20.0,0.483,1.21,286.3,0,0.0
8455,20.0,0.504,1.78,296.9,0,0.0
8456,20.0,0.481,1.13,299.0,0,0.0
8457,20.0,0.506,1.59,288.5,0,0.0
8458,20.0,0.485,1.57,313.9,0,0.0
8459,20.0,0.498,1.45,300.2,0,0.0
8460,20.0,0.499,1.35,292.2,0,0.0
8461,20.0,0.51,1.19,291.8,0,0.0
8462,20.0,0.5,2.0,314.7,0,0.0
8463,20.0,0.498,1.45,289.6,0,0.0
8464,20.0,0.483,1.04,304.8,0,0.0
8465,20.0,0.495,1.1,291.7,0,0.0
8466,20.0,0.514,1.41,298.3,0,0.0
8467,20.0,0.517,1.74,308.4,0,0.0
8468,20.0,0.484,1.17,289.9,0,0.0
8469,20.0,0.485,1.73,291.3,0,0.0
8470,20.0,0.511,1.67,298.5,0,0.0
8471,20.0,0.519,1.73,315.0,0,0.0
8472,20.0,0.502,1.74,288.6,0,0.0
8473,20.0,0.516,1.89,295.2,0,0.0
8474,20.0,0.496,0.99,285.7,0,0.0
8475,20.0,0.503,1.45,301.6,0,0.0
8476,20.0,0.49,1.58,294.8,0,0.0
8477,20.0,0.514,1.98,308.8,0,0.0
8478,20.0,0.498,1.16,312.0,0,0.0
8479,20.0,0.512,1.12,310.0,0,0.0
8480,20.0,0.497,1.69,312.5,0,0.0
8481,20.0,0.511,1.42,297.0,0,0.0
8482,20.0,0.505,1.49,310.3,0,0.0
8483,20.0,0.509,1.89,298.1,0,0.0
8484,20.0,0.502,1.71,305.4,0,0.0
8485,20.0,0.517,1.59,312.8,0,0.0
8486,20.0,0.515,1.64,313.2,0,0.0
8487,20.0,0.505,1.27,291.4,0,0.0
8488,20.0,0.495,1.82,312.0,0,0.0
8489,20.0,0.483,1.45,304.1,0,0.0
8490,20.0,0.511,1.76,311.6,0,0.0
8491,20.0,0.513,1.02,288.9,0,0.0
8492,20.0,0.495,1.56,302.5,0,0.0
8493,20.0,0.515,1.88,306.7,0,0.0
8494,20.0,0.483,1.3,305.9,0,0.0
8495,20.0,0.503,1.02,285.5,0,0.0
8496,20.0,0.49,1.85,287.6,0,0.0
8497,20.0,0.504,1.56,285.7,0,0.0
8498,20.0,0.518,1.9,303.6,0,0.0
8499,20.0,0.517,1.6,285.3,0,0.0
8500,20.0,0.495,1.96,300.2,0,0.0
8501,20.0,0.507,1.34,307.3,0,0.0
8502,20.0,0.484,1.63,295.2,0,0.0
8503,20.0,0.514,1.9,313.9,0,0.0
8504,20.0,0.517,1.85,286.6,0,0.0
8505,20.0,0.503,1.34,314.8,0,0.0
8506,20.0,0.515,1.79,293.4,0,0.0
8507,20.0,0.501,1.11,290.0,0,0.0
8508,20.0,0.508,1.78,286.8,0,0.0
8509,20.0,0.508,1.09,308.4,0,0.0
8510,20.0,0.504,1.4,287.8,0,0.0
8511,20.0,0.487,1.45,305.2,0,0.0
8512,20.0,0.513,1.93,311.7,0,0.0
8513,20.0,0.487,1.72,289.9,0,0.0
8514,20.0,0.513,1.93,310.9,0,0.0
8515,20.0,0.501,1.53,287.0,0,0.0
8516,20.0,0.501,1.66,297.5,0,0.0
8517,20.0,0.497,1.93,289.5,0,0.0
8518,20.0,0.501,1.47,307.8,0,0.0
8519,20.0,0.505,2.01,302.7,0,0.0
8520,20.0,0.518,1.2,309.0,0,0.0
8521,20.0,0.489,1.08,299.4,0,0.0
8522,20.0,0.519,1.88,297.1,0,0.0
8523,20.0,0.493,1.07,302.0,0,0.0
8524,20.0,0.514,1.91,313.8,0,0.0
8525,20.0,0.516,1.39,315.0,0,0.0
8526,20.0,0.513,1.1,299.2,0,0.0
8527,20.0,0.484,1.58,292.7,0,0.0
8528,20.0,0.509,1.44,296.1,0,0.0
8529,20.0,0.485,1.15,285.2,0,0.0
8530,20.0,0.501,1.89,288.4,0,0.0
8531,20.0,0.519,1.15,313.4,0,0.0
8532,20.0,0.49,1.06,309.2,0,0.0
8533,20.0,0.494,1.06,306.2,0,0.0
8534,20.0,0.515,1.78,305.4,0,0.0
8535,20.0,0.498,1.51,292.2,0,0.0
8536,20.0,0.515,1.71,292.5,0,0.0
8537,20.0,0.51,1.32,310.1,0,0.0
8538,20.0,0.518,1.49,300.4,0,0.0
8539,20.0,0.511,1.78,298.0,0,0.0
8540,20.0,0.486,1.43,289.6,0,0.0
8541,20.0,0.512,1.93,294.6,0,0.0
8542,20.0,0.483,1.18,300.4,0,0.0
8543,20.0,0.487,1.13,299.0,0,0.0
8544,20.0,0.515,1.82,292.9,0,0.0
8545,20.0,0.497,1.73,307.1,0,0.0
8546,20.0,0.505,1.12,300.5,0,0.0
8547,20.0,0.511,1.92,305.7,0,0.0
8548,20.0,0.484,1.45,289.9,0,0.0
8549,20.0,0.5,1.45,308.3,0,0.0
8550,20.0,0.484,1.51,297.3,0,0.0
8551,20.0,0.514,1.2,310.7,0,0.0
8552,20.0,0.486,0.98,286.9,0,0.0
8553,20.0,0.496,1.77,291.1,0,0.0
8554,20.0,0.497,0.95,287.8,0,0.0
8555,20.0,0.513,1.8,292.0,0,0.0
8556,20.0,0.498,1.83,305.3,0,0.0
8557,20.0,0.5,1.54,299.1,0,0.0
8558,20.0,0.484,0.97,289.4,0,0.0
8559,20.0,0.497,1.79,291.0,0,0.0
8560,20.0,0.508,1.36,310.3,0,0.0
8561,20.0,0.492,1.49,287.0,0,0.0
8562,20.0,0.513,1.23,299.1,0,0.0
8563,20.0,0.491,1.5,301.7,0,0.0
8564,20.0,0.496,1.83,287.2,0,0.0
8565,20.0,0.481,1.22,306.1,0,0.0
8566,20.0,0.491,1.67,291.1,0,0.0
8567,20.0,0.486,1.45,286.6,0,0.0
8568,20.0,0.487,1.28,298.1,0,0.0
8569,20.0,0.494,1.04,293.5,0,0.0
8570,20.0,0.513,2.03,301.5,0,0.0
8571,20.0,0.519,1.21,309.2,0,0.0
8572,20.0,0.492,1.7,291.2,0,0.0
8573,20.0,0.491,1.46,308.7,0,0.0
8574,20.0,0.486,1.51,312.2,0,0.0
8575,20.0,0.52,1.16,310.8,0,0.0
8576,20.0,0.497,1.82,308.6,0,0.0
8577,20.0,0.486,1.79,288.6,0,0.0
8578,20.0,0.482,1.66,285.8,0,0.0
8579,20.0,0.505,1.6,306.8,0,0.0
8580,20.0,0.498,1.8,301.3,0,0.0
8581,20.0,0.488,1.59,307.2,0,0.0
8582,20.0,0.483,0.96,297.1,0,0.0
8583,20.0,0.5,1.22,304.3,0,0.0
8584,20.0,0.503,1.8,313.4,0,0.0
8585,20.0,0.514,1.12,294.1,0,0.0
8586,20.0,0.492,1.37,296.6,0,0.0
8587,20.0,0.514,1.92,288.5,0,0.0
8588,20.0,0.483,0.98,295.7,0,0.0
8589,20.0,0.504,1.94,303.0,0,0.0
8590,20.0,0.483,1.41,301.7,0,0.0
8591,20.0,0.506,1.42,301.9,0,0.0
8592,20.0,0.51,1.78,296.5,0,0.0
8593,20.0,0.506,1.6,310.7,0,0.0
8594,20.0,0.507,1.17,296.3,0,0.0
8595,20.0,0.493,1.67,286.9,0,0.0
8596,20.0,0.505,1.35,305.6,0,0.0
8597,20.0,0.488,1.88,311.5,0,0.0
8598,20.0,0.516,1.49,307.2,0,0.0
8599,20.0,0.502,1.78,297.3,0,0.0
8600,20.0,0.517,1.75,289.1,0,0.0
8601,20.0,0.497,1.95,292.3,0,0.0
8602,20.0,0.494,1.41,289.4,0,0.0
8603,20.0,0.518,1.75,297.6,0,0.0
8604,20.0,0.518,1.59,298.2,0,0.0
8605,20.0,0.496,1.68,299.2,0,0.0
8606,20.0,0.512,1.52,297.9,0,0.0
8607,20.0,0.497,1.84,290.6,0,0.0
8608,20.0,0.487,1.43,306.1,0,0.0
8609,20.0,0.494,1.02,293.9,0,0.0
8610,20.0,0.486,1.77,293.9,0,0.0
8611,20.0,0.498,1.22,302.6,0,0.0
8612,20.0,0.501,1.14,292.4,0,0.0
8613,20.0,0.518,1.22,303.8,0,0.0
8614,20.0,0.483,1.19,313.9,0,0.0
8615,20.0,0.51,1.19,302.0,0,0.0
8616,20.0,0.513,1.27,311.9,0,0.0
8617,20.0,0.505,1.95,305.6,0,0.0
8618,20.0,0.486,1.63,305.4,0,0.0
8619,20.0,0.495,1.0,289.7,0,0.0
8620,20.0,0.484,1.7,287.6,0,0.0
8621,20.0,0.499,1.2,286.7,0,0.0
8622,20.0,0.514,1.99,308.5,0,0.0
8623,20.0,0.512,1.18,299.7,0,0.0
8624,20.0,0.481,1.78,300.5,0,0.0
8625,20.0,0.482,1.65,302.0,0,0.0
8626,20.0,0.483,1.6,293.1,0,0.0
8627,20.0,0.491,1.74,302.8,0,0.0
8628,20.0,0.507,1.76,303.1,0,0.0
8629,20.0,0.498,1.76,288.9,0,0.0
8630,20.0,0.513,1.65,306.3,0,0.0
8631,20.0,0.496,1.05,305.5,0,0.0
8632,20.0,0.508,1.33,295.1,0,0.0
8633,20.0,0.512,1.9,288.8,0,0.0
8634,20.0,0.518,1.98,293.4,0,0.0
8635,20.0,0.499,1.92,314.0,0,0.0
8636,20.0,0.513,1.26,311.7,0,0.0
8637,20.0,0.499,1.83,303.2,0,0.0
8638,20.0,0.487,1.67,307.5,0,0.0
8639,20.0,0.497,1.64,305.9,0,0.0
8640,20.0,0.513,1.5,304.4,0,0.0
8641,20.0,0.491,1.14,304.1,0,0.0
8642,20.0,0.496,1.24,304.0,0,0.0
8643,20.0,0.488,1.31,305.3,0,0.0
8644,20.0,0.517,1.96,293.9,0,0.0
8645,20.0,0.517,1.7,314.6,0,0.0
8646,20.0,0.501,1.71,305.7,0,0.0
8647,20.0,0.508,1.74,302.1,0,0.0
8648,20.0,0.503,1.13,293.3,0,0.0
8649,20.0,0.519,1.41,288.7,0,0.0
8650,20.0,0.512,1.91,293.0,0,0.0
8651,20.0,0.506,1.25,312.7,0,0.0
8652,20.0,0.512,1.15,285.8,0,0.0
8653,20.0,0.483,1.69,298.3,0,0.0
8654,20.0,0.514,1.22,306.6,0,0.0
8655,20.0,0.507,1.11,313.6,0,0.0
8656,20.0,0.513,1.47,287.5,0,0.0
8657,20.0,0.51,1.43,307.9,0,0.0
8658,20.0,0.487,1.49,287.5,0,0.0
8659,20.0,0.512,1.14,299.9,0,0.0
8660,20.0,0.49,1.66,295.5,0,0.0
8661,20.0,0.517,1.16,310.8,0,0.0
8662,20.0,0.502,1.98,311.2,0,0.0
8663,20.0,0.483,1.2,290.9,0,0.0
8664,20.0,0.51,1.03,297.7,0,0.0
8665,20.0,0.515,1.83,312.8,0,0.0
8666,20.0,0.51,1.49,314.8,0,0.0
8667,20.0,0.495,1.02,289.2,0,0.0
8668,20.0,0.516,1.26,285.6,0,0.0
8669,20.0,0.492,1.27,307.0,0,0.0
8670,20.0,0.505,1.29,308.9,0,0.0
8671,20.0,0.481,1.1,299.0,0,0.0
8672,20.0,0.484,1.95,313.3,0,0.0
8673,20.0,0.512,1.53,286.0,0,0.0
8674,20.0,0.481,1.08,291.8,0,0.0
8675,20.0,0.486,1.56,311.5,0,0.0
8676,20.0,0.489,1.84,308.1,0,0.0
8677,20.0,0.488,1.83,294.3,0,0.0
8678,20.0,0.502,1.78,289.4,0,0.0
8679,20.0,0.485,1.39,286.7,0,0.0
8680,20.0,0.48,1.84,302.2,0,0.0
8681,20.0,0.507,1.06,296.8,0,0.0
8682,20.0,0.504,1.51,305.1,0,0.0
8683,20.0,0.502,1.0,291.8,0,0.0
8684,20.0,0.502,0.98,285.1,0,0.0
8685,20.0,0.505,1.87,286.3,0,0.0
8686,20.0,0.486,1.49,307.8,0,0.0
8687,20.0,0.519,1.86,308.0,0,0.0
8688,20.0,0.48,1.11,296.5,0,0.0
8689,20.0,0.497,1.75,304.2,0,0.0
8690,20.0,0.487,1.28,285.3,0,0.0
8691,20.0,0.501,1.55,308.3,0,0.0
8692,20.0,0.507,1.96,293.8,0,0.0
8693,20.0,0.503,2.05,312.8,0,0.0
8694,20.0,0.505,1.59,306.2,0,0.0
8695,20.0,0.497,1.61,299.8,0,0.0
8696,20.0,0.507,1.15,298.2,0,0.0
8697,20.0,0.496,1.45,314.4,0,0.0
8698,20.0,0.515,1.79,291.5,0,0.0
8699,20.0,0.496,1.24,314.4,0,0.0
8700,20.0,0.487,1.61,288.4,0,0.0
8701,20.0,0.514,1.79,290.3,0,0.0
8702,20.0,0.507,1.44,307.3,0,0.0
8703,20.0,0.516,1.27,292.6,0,0.0
8704,20.0,0.508,1.6,290.7,0,0.0
8705,20.0,0.509,1.29,297.9,0,0.0
8706,20.0,0.484,1.06,297.5,0,0.0
8707,20.0,0.491,1.07,308.8,0,0.0
8708,20.0,0.49,1.53,304.4,0,0.0
8709,20.0,0.481,1.92,305.3,0,0.0
8710,20.0,0.496,0.93,286.9,0,0.0
8711,20.0,0.489,1.99,306.2,0,0.0
8712,20.0,0.513,1.28,309.5,0,0.0
8713,20.0,0.501,1.03,297.6,0,0.0
8714,20.0,0.485,1.27,285.5,0,0.0
8715,20.0,0.494,1.77,307.8,0,0.0
8716,20.0,0.517,1.98,304.4,0,0.0
8717,20.0,0.511,1.84,298.7,0,0.0
8718,20.0,0.503,1.49,307.7,0,0.0
8719,20.0,0.497,1.5,309.4,0,0.0
8720,20.0,0.492,1.24,294.1,0,0.0
8721,20.0,0.508,1.14,299.8,0,0.0
8722,20.0,0.514,1.45,285.3,0,0.0
8723,20.0,0.488,1.8,295.9,0,0.0
8724,20.0,0.499,1.54,302.9,0,0.0
8725,20.0,0.513,1.2,289.0,0,0.0
8726,20.0,0.492,1.27,301.1,0,0.0
8727,20.0,0.506,1.13,293.3,0,0.0
8728,20.0,0.493,1.53,290.0,0,0.0
8729,20.0,0.481,1.32,304.0,0,0.0
8730,20.0,0.506,1.29,296.5,0,0.0
8731,20.0,0.519,1.57,295.1,0,0.0
8732,20.0,0.486,1.1,314.8,0,0.0
8733,20.0,0.51,0.99,287.9,0,0.0
8734,20.0,0.492,1.0,302.5,0,0.0
8735,20.0,0.483,1.54,288.3,0,0.0
8736,20.0,0.493,1.26,313.5,0,0.0
8737,20.0,0.481,1.82,298.7,0,0.0
8738,20.0,0.511,1.54,304.8,0,0.0
8739,20.0,0.492,1.63,313.9,0,0.0
8740,20.0,0.496,1.67,289.1,0,0.0
8741,20.0,0.496,1.07,288.9,0,0.0
8742,20.0,0.501,1.55,309.3,0,0.0
8743,20.0,0.493,1.4,297.6,0,0.0
8744,20.0,0.501,1.4,306.2,0,0.0
8745,20.0,0.491,1.48,303.3,0,0.0
8746,20.0,0.512,1.3,297.6,0,0.0
8747,20.0,0.488,1.48,314.6,0,0.0
8748,20.0,0.49,1.5,311.5,0,0.0
8749,20.0,0.504,1.45,301.9,0,0.0
8750,20.0,0.504,1.22,289.7,0,0.0
8751,20.0,0.495,1.78,294.1,0,0.0
8752,20.0,0.518,1.63,304.7,0,0.0
8753,20.0,0.483,1.64,300.8,0,0.0
8754,20.0,0.503,1.65,302.0,0,0.0
8755,20.0,0.489,0.94,290.6,0,0.0
8756,20.0,0.514,1.44,286.6,0,0.0
8757,20.0,0.48,0.97,304.5,0,0.0
8758,20.0,0.514,1.24,304.7,0,0.0
8759,20.0,0.492,1.95,295.6,0,0.0
8760,20.0,0.494,1.23,290.5,0,0.0
8761,20.0,0.486,1.77,292.8,0,0.0
8762,20.0,0.503,1.59,306.9,0,0.0
8763,20.0,0.505,1.88,291.2,0,0.0
8764,20.0,0.515,1.3,289.9,0,0.0
8765,20.0,0.491,1.75,303.6,0,0.0
8766,20.0,0.482,1.68,287.3,0,0.0
8767,20.0,0.491,1.66,290.4,0,0.0
8768,20.0,0.496,1.46,312.1,0,0.0
8769,20.0,0.499,1.31,304.9,0,0.0
8770,20.0,0.505,1.07,305.7,0,0.0
8771,20.0,0.495,1.74,291.2,0,0.0
8772,20.0,0.487,1.78,285.6,0,0.0
8773,20.0,0.482,1.07,313.0,0,0.0
8774,20.0,0.48,1.65,310.9,0,0.0
8775,20.0,0.499,1.67,289.2,0,0.0
8776,20.0,0.494,1.4,292.6,0,0.0
8777,20.0,0.506,1.36,295.5,0,0.0
8778,20.0,0.502,1.62,309.8,0,0.0
8779,20.0,0.498,1.28,302.8,0,0.0
8780,20.0,0.502,1.63,313.7,0,0.0
8781,20.0,0.519,1.13,301.9,0,0.0
8782,20.0,0.483,0.97,301.4,0,0.0
8783,20.0,0.497,1.43,311.1,0,0.0
8784,20.0,0.491,1.03,298.3,0,0.0
8785,20.0,0.5,1.31,308.8,0,0.0
8786,20.0,0.5,1.79,295.0,0,0.0
8787,20.0,0.514,1.48,303.4,0,0.0
8788,20.0,0.498,1.29,303.3,0,0.0
8789,20.0,0.504,1.57,300.9,0,0.0
8790,20.0,0.483,1.32,305.3,0,0.0
8791,20.0,0.493,1.31,298.7,0,0.0
8792,20.0,0.496,1.8,288.0,0,0.0
8793,20.0,0.486,1.17,309.1,0,0.0
8794,20.0,0.508,1.96,294.4,0,0.0
8795,20.0,0.511,1.03,295.8,0,0.0
8796,20.0,0.493,1.63,299.3,0,0.0
8797,20.0,0.492,1.71,308.1,0,0.0
8798,20.0,0.49,1.58,295.2,0,0.0
8799,20.0,0.515,1.28,298.4,0,0.0
8800,20.0,0.495,0.98,294.2,0,0.0
8801,20.0,0.487,1.1,305.6,0,0.0
8802,20.0,0.493,1.37,309.4,0,0.0
8803,20.0,0.496,1.96,294.3,0,0.0
8804,20.0,0.514,1.25,293.7,0,0.0
8805,20.0,0.498,1.37,297.6,0,0.0
8806,20.0,0.515,1.72,299.7,0,0.0
8807,20.0,0.483,1.66,305.0,0,0.0
8808,20.0,0.51,1.17,302.8,0,0.0
8809,20.0,0.507,1.16,299.5,0,0.0
8810,20.0,0.52,1.44,310.1,0,0.0
8811,20.0,0.515,1.73,287.2,0,0.0
8812,20.0,0.515,1.46,304.8,0,0.0
8813,20.0,0.492,1.1,307.0,0,0.0
8814,20.0,0.516,1.46,311.8,0,0.0
8815,20.0,0.513,1.62,287.1,0,0.0
8816,20.0,0.486,1.51,304.1,0,0.0
8817,20.0,0.51,1.18,311.5,0,0.0
8818,20.0,0.482,1.1,299.4,0,0.0
8819,20.0,0.502,1.62,306.9,0,0.0
8820,20.0,0.494,1.36,302.8,0,0.0
8821,20.0,0.503,1.59,289.1,0,0.0
8822,20.0,0.518,1.21,302.4,0,0.0
8823,20.0,0.493,1.14,297.1,0,0.0
8824,20.0,0.492,0.98,295.7,0,0.0
8825,20.0,0.489,1.66,295.5,0,0.0
8826,20.0,0.516,2.02,303.3,0,0.0
8827,20.0,0.483,1.19,302.4,0,0.0
8828,20.0,0.505,1.05,300.9,0,0.0
8829,20.0,0.519,1.76,294.1,0,0.0
8830,20.0,0.506,1.25,297.3,0,0.0
8831,20.0,0.481,1.07,314.7,0,0.0
8832,20.0,0.483,1.98,312.1,0,0.0
8833,20.0,0.518,1.19,304.2,0,0.0
8834,20.0,0.503,1.72,311.9,0,0.0
8835,20.0,0.514,1.81,311.0,0,0.0
8836,20.0,0.482,1.7,297.6,0,0.0
8837,20.0,0.489,1.92,301.7,0,0.0
8838,20.0,0.491,1.94,307.8,0,0.0
8839,20.0,0.513,1.23,304.1,0,0.0
8840,20.0,0.493,1.21,293.0,0,0.0
8841,20.0,0.497,1.91,315.0,0,0.0
8842,20.0,0.516,1.64,293.3,0,0.0
8843,20.0,0.512,1.41,308.1,0,0.0
8844,20.0,0.515,1.88,297.0,0,0.0
8845,20.0,0.483,1.93,302.1,0,0.0
8846,20.0,0.481,1.09,311.0,0,0.0
8847,20.0,0.519,1.88,291.7,0,0.0
8848,20.0,0.5,1.04,307.4,0,0.0
8849,20.0,0.518,1.85,300.2,0,0.0
8850,20.0,0.502,1.26,312.7,0,0.0
8851,20.0,0.511,1.06,303.4,0,0.0
8852,20.0,0.512,1.54,292.0,0,0.0
8853,20.0,0.51,1.78,285.9,0,0.0
8854,20.0,0.503,1.22,298.8,0,0.0
8855,20.0,0.507,1.66,312.8,0,0.0
8856,20.0,0.493,1.54,299.0,0,0.0
8857,20.0,0.485,1.64,291.8,0,0.0
8858,20.0,0.489,1.05,288.4,0,0.0
8859,20.0,0.505,1.86,290.8,0,0.0
8860,20.0,0.494,1.66,290.3,0,0.0
8861,20.0,0.482,1.64,306.7,0,0.0
8862,20.0,0.491,1.53,290.7,0,0.0
8863,20.0,0.508,1.22,294.3,0,0.0
8864,20.0,0.487,1.28,294.0,0,0.0
8865,20.0,0.513,1.93,300.4,0,0.0
8866,20.0,0.502,1.36,314.0,0,0.0
8867,20.0,0.513,1.0,291.5,0,0.0
8868,20.0,0.488,1.57,290.1,0,0.0
8869,20.0,0.514,1.94,297.4,0,0.0
8870,20.0,0.497,1.19,286.7,0,0.0
8871,20.0,0.511,1.17,305.5,0,0.0
8872,20.0,0.514,1.92,289.8,0,0.0
8873,20.0,0.512,1.61,302.7,0,0.0
8874,20.0,0.514,1.11,295.5,0,0.0
8875,20.0,0.499,1.19,314.3,0,0.0
8876,20.0,0.519,1.83,298.9,0,0.0
8877,20.0,0.507,1.37,298.1,0,0.0
8878,20.0,0.504,1.32,301.5,0,0.0
8879,20.0,0.52,1.4,289.1,0,0.0
8880,20.0,0.484,1.14,310.2,0,0.0
8881,20.0,0.511,1.23,302.6,0,0.0
8882,20.0,0.516,1.28,309.9,0,0.0
8883,20.0,0.514,1.47,313.4,0,0.0
8884,20.0,0.506,1.6,311.6,0,0.0
8885,20.0,0.481,1.03,309.3,0,0.0
8886,20.0,0.49,1.2,299.7,0,0.0
8887,20.0,0.514,1.6,304.7,0,0.0
8888,20.0,0.48,1.64,292.2,0,0.0
8889,20.0,0.492,1.14,302.5,0,0.0
8890,20.0,0.517,1.67,295.9,0,0.0
8891,20.0,0.493,1.52,308.1,0,0.0
8892,20.0,0.517,1.57,287.1,0,0.0
8893,20.0,0.517,1.41,309.3,0,0.0
8894,20.0,0.518,1.81,297.9,0,0.0
8895,20.0,0.515,1.88,286.1,0,0.0
8896,20.0,0.496,1.21,295.8,0,0.0
8897,20.0,0.518,1.64,304.7,0,0.0
8898,20.0,0.48,1.0,287.2,0,0.0
8899,20.0,0.506,1.61,304.3,0,0.0
8900,20.0,0.502,1.94,312.0,0,0.0
8901,20.0,0.481,1.25,299.6,0,0.0
8902,20.0,0.482,1.31,308.4,0,0.0
8903,20.0,0.519,1.55,295.8,0,0.0
8904,20.0,0.508,1.52,286.1,0,0.0
8905,20.0,0.495,1.43,305.9,0,0.0
8906,20.0,0.503,1.03,288.1,0,0.0
8907,20.0,0.515,1.63,313.2,0,0.0
8908,20.0,0.504,1.65,303.4,0,0.0
8909,20.0,0.518,1.58,299.8,0,0.0
8910,20.0,0.49,1.61,287.8,0,0.0
8911,20.0,0.502,1.77,290.6,0,0.0
8912,20.0,0.512,1.22,313.4,0,0.0
8913,20.0,0.5,1.47,295.1,0,0.0
8914,20.0,0.489,1.14,285.7,0,0.0
8915,20.0,0.481,1.76,313.1,0,0.0
8916,20.0,0.515,1.04,299.1,0,0.0
8917,20.0,0.507,1.14,288.6,0,0.0
8918,20.0,0.481,1.81,301.8,0,0.0
8919,20.0,0.487,1.38,297.1,0,0.0
8920,20.0,0.484,1.49,297.2,0,0.0
8921,20.0,0.491,2.0,311.5,0,0.0
8922,20.0,0.503,1.76,299.0,0,0.0
8923,20.0,0.484,1.13,299.3,0,0.0
8924,20.0,0.51,2.02,303.0,0,0.0
8925,20.0,0.481,1.38,312.1,0,0.0
8926,20.0,0.502,1.5,305.5,0,0.0
8927,20.0,0.484,1.33,312.9,0,0.0
8928,20.0,0.499,1.86,303.3,0,0.0
8929,20.0,0.498,1.52,307.2,0,0.0
8930,20.0,0.487,1.68,303.0,0,0.0
8931,20.0,0.488,1.06,305.2,0,0.0
8932,20.0,0.501,1.07,289.4,0,0.0
8933,20.0,0.514,1.73,301.3,0,0.0
8934,20.0,0.518,1.33,293.2,0,0.0
8935,20.0,0.495,1.47,290.3,0,0.0
8936,20.0,0.491,1.39,306.8,0,0.0
8937,20.0,0.504,1.86,285.3,0,0.0
8938,20.0,0.505,1.24,289.5,0,0.0
8939,20.0,0.489,1.9,291.5,0,0.0
8940,20.0,0.512,1.12,303.0,0,0.0
8941,20.0,0.515,1.66,291.7,0,0.0
8942,20.0,0.506,2.03,310.0,0,0.0
8943,20.0,0.494,1.1,298.7,0,0.0
8944,20.0,0.519,1.32,297.3,0,0.0
8945,20.0,0.511,1.76,314.3,0,0.0
8946,20.0,0.508,1.75,291.4,0,0.0
8947,20.0,0.481,1.44,302.8,0,0.0
8948,20.0,0.512,1.94,310.5,0,0.0
8949,20.0,0.484,1.16,310.8,0,0.0
8950,20.0,0.502,1.33,294.6,0,0.0
8951,20.0,0.494,1.59,300.5,0,0.0
8952,20.0,0.486,1.93,302.7,0,0.0
8953,20.0,0.502,1.19,285.2,0,0.0
8954,20.0,0.499,1.5,298.1,0,0.0
8955,20.0,0.51,1.89,302.6,0,0.0
8956,20.0,0.48,1.71,287.6,0,0.0
8957,20.0,0.503,1.68,293.4,0,0.0
8958,20.0,0.488,1.25,292.9,0,0.0
8959,20.0,0.5,1.37,306.0,0,0.0
8960,20.0,0.502,2.03,314.1,0,0.0
8961,20.0,0.514,1.32,313.6,0,0.0
8962,20.0,0.511,1.89,298.4,0,0.0
8963,20.0,0.499,1.95,294.2,0,0.0
8964,20.0,0.481,1.28,290.2,0,0.0
8965,20.0,0.52,1.53,291.1,0,0.0
8966,20.0,0.503,1.73,299.1,0,0.0
8967,20.0,0.52,1.88,299.1,0,0.0
8968,20.0,0.494,1.5,296.9,0,0.0
8969,20.0,0.508,1.61,288.0,0,0.0
8970,20.0,0.499,1.89,314.8,0,0.0
8971,20.0,0.503,1.23,295.3,0,0.0
8972,20.0,0.492,1.28,305.4,0,0.0
8973,20.0,0.502,1.45,310.1,0,0.0
8974,20.0,0.488,1.18,307.3,0,0.0
8975,20.0,0.498,1.33,285.3,0,0.0
8976,20.0,0.516,1.54,310.1,0,0.0
8977,20.0,0.503,1.77,296.8,0,0.0
8978,20.0,0.494,1.66,303.0,0,0.0
8979,20.0,0.495,1.45,312.3,0,0.0
8980,20.0,0.493,1.52,312.5,0,0.0
8981,20.0,0.493,1.06,297.2,0,0.0
8982,20.0,0.491,1.53,292.5,0,0.0
8983,20.0,0.513,1.36,298.4,0,0.0
8984,20.0,0.509,1.77,297.6,0,0.0
8985,20.0,0.505,1.91,292.1,0,0.0
8986,20.0,0.501,1.25,306.2,0,0.0
8987,20.0,0.486,1.63,308.8,0,0.0
8988,20.0,0.508,1.53,291.7,0,0.0
8989,20.0,0.496,1.82,314.0,0,0.0
8990,20.0,0.487,1.11,286.8,0,0.0
8991,20.0,0.502,1.87,306.5,0,0.0
8992,20.0,0.502,1.95,303.0,0,0.0
8993,20.0,0.519,1.38,287.4,0,0.0
8994,20.0,0.49,1.39,312.1,0,0.0
8995,20.0,0.489,1.57,312.4,0,0.0
8996,20.0,0.496,1.47,309.5,0,0.0
8997,20.0,0.484,1.79,312.7,0,0.0
8998,20.0,0.493,1.65,298.2,0,0.0
8999,20.0,0.49,1.12,292.6,0,0.0
9000,20.0,0.481,1.49,303.8,0,0.0
9001,20.0,0.5,0.98,295.7,0,0.0
9002,20.0,0.515,1.54,306.1,0,0.0
9003,20.0,0.481,1.92,304.8,0,0.0
9004,20.0,0.495,1.99,312.9,0,0.0
9005,20.0,0.506,1.23,305.7,0,0.0
9006,20.0,0.49,1.26,302.7,0,0.0
9007,20.0,0.506,1.71,308.8,0,0.0
9008,20.0,0.496,1.03,294.3,0,0.0
9009,20.0,0.48,1.53,301.5,0,0.0
9010,20.0,0.504,1.89,310.8,0,0.0
9011,20.0,0.484,1.31,311.0,0,0.0
9012,20.0,0.495,1.29,285.4,0,0.0
9013,20.0,0.485,1.27,289.4,0,0.0
9014,20.0,0.506,1.78,304.3,0,0.0
9015,20.0,0.512,1.1,311.8,0,0.0
9016,20.0,0.49,1.46,302.8,0,0.0
9017,20.0,0.511,1.97,293.2,0,0.0
9018,20.0,0.51,1.14,303.8,0,0.0
9019,20.0,0.489,1.32,299.9,0,0.0
9020,20.0,0.518,1.81,312.8,0,0.0
9021,20.0,0.485,1.27,304.1,0,0.0
9022,20.0,0.512,1.32,297.7,0,0.0
9023,20.0,0.519,1.57,305.5,0,0.0
9024,20.0,0.492,1.51,299.8,0,0.0
9025,20.0,0.513,1.57,300.5,0,0.0
9026,20.0,0.512,1.4,300.6,0,0.0
9027,20.0,0.481,1.91,298.2,0,0.0
9028,20.0,0.507,1.76,287.0,0,0.0
9029,20.0,0.517,1.73,289.0,0,0.0
9030,20.0,0.493,1.53,289.8,0,0.0
9031,20.0,0.49,1.82,294.4,0,0.0
9032,20.0,0.503,1.79,296.9,0,0.0
9033,20.0,0.52,1.89,305.4,0,0.0
9034,20.0,0.515,1.16,304.8,0,0.0
9035,20.0,0.485,1.38,314.8,0,0.0
9036,20.0,0.491,1.39,296.3,0,0.0
9037,20.0,0.504,1.47,306.7,0,0.0
9038,20.0,0.492,1.57,307.5,0,0.0
9039,20.0,0.494,1.55,300.4,0,0.0
9040,20.0,0.486,1.46,300.2,0,0.0
9041,20.0,0.506,1.5,312.0,0,0.0
9042,20.0,0.502,1.76,296.2,0,0.0
9043,20.0,0.51,1.23,285.6,0,0.0
9044,20.0,0.511,1.7,296.3,0,0.0
9045,20.0,0.512,1.8,291.7,0,0.0
9046,20.0,0.492,0.98,293.2,0,0.0
9047,20.0,0.487,1.45,296.9,0,0.0
9048,20.0,0.497,1.68,311.0,0,0.0
9049,20.0,0.518,1.2,308.6,0,0.0
9050,20.0,0.516,1.59,311.1,0,0.0
9051,20.0,0.512,1.11,309.9,0,0.0
9052,20.0,0.492,1.75,311.6,0,0.0
9053,20.0,0.51,1.17,289.0,0,0.0
9054,20.0,0.508,1.6,286.3,0,0.0
9055,20.0,0.492,1.2,288.6,0,0.0
9056,20.0,0.493,1.69,295.2,0,0.0
9057,20.0,0.512,1.67,292.8,0,0.0
9058,20.0,0.515,1.47,311.0,0,0.0
9059,20.0,0.515,1.45,304.0,0,0.0
9060,20.0,0.508,1.12,287.8,0,0.0
9061,20.0,0.498,1.13,296.6,0,0.0
9062,20.0,0.509,1.84,307.3,0,0.0
9063,20.0,0.519,1.05,289.8,0,0.0
9064,20.0,0.493,1.61,308.5,0,0.0
9065,20.0,0.514,1.31,312.2,0,0.0
9066,20.0,0.499,1.53,300.2,0,0.0
9067,20.0,0.507,1.38,289.7,0,0.0
9068,20.0,0.492,1.55,300.7,0,0.0
9069,20.0,0.504,1.53,299.8,0,0.0
9070,20.0,0.481,1.52,296.9,0,0.0
9071,20.0,0.498,0.97,292.6,0,0.0
9072,20.0,0.481,1.66,290.7,0,0.0
9073,20.0,0.517,1.4,296.9,0,0.0
9074,20.0,0.504,1.15,300.3,0,0.0
9075,20.0,0.485,1.56,295.8,0,0.0
9076,20.0,0.492,1.01,297.6,0,0.0
9077,20.0,0.498,1.29,312.5,0,0.0
9078,20.0,0.489,0.94,293.6,0,0.0
9079,20.0,0.514,1.09,297.3,0,0.0
9080,20.0,0.481,1.41,299.0,0,0.0
9081,20.0,0.486,1.96,313.4,0,0.0
9082,20.0,0.504,1.57,310.2,0,0.0
9083,20.0,0.518,1.47,301.3,0,0.0
9084,20.0,0.507,1.71,309.9,0,0.0
9085,20.0,0.49,1.72,286.3,0,0.0
9086,20.0,0.501,1.45,310.7,0,0.0
9087,20.0,0.495,1.39,310.4,0,0.0
9088,20.0,0.501,1.74,312.1,0,0.0
9089,20.0,0.508,1.23,291.6,0,0.0
9090,20.0,0.508,1.58,305.9,0,0.0
9091,20.0,0.484,1.59,314.5,0,0.0
9092,20.0,0.483,1.72,308.6,0,0.0
9093,20.0,0.505,1.62,300.5,0,0.0
9094,20.0,0.516,1.59,291.7,0,0.0
9095,20.0,0.517,1.19,302.0,0,0.0
9096,20.0,0.505,1.83,285.0,0,0.0
9097,20.0,0.495,1.43,288.7,0,0.0
9098,20.0,0.487,1.71,298.8,0,0.0
9099,20.0,0.488,1.14,288.1,0,0.0
9100,20.0,0.505,1.09,310.1,0,0.0
9101,20.0,0.499,1.27,302.0,0,0.0
9102,20.0,0.497,1.4,292.2,0,0.0
9103,20.0,0.515,1.5,300.5,0,0.0
9104,20.0,0.502,1.72,288.5,0,0.0
9105,20.0,0.487,1.41,302.1,0,0.0
9106,20.0,0.502,1.13,295.0,0,0.0
9107,20.0,0.514,1.69,289.5,0,0.0
9108,20.0,0.512,1.72,288.5,0,0.0
9109,20.0,0.482,1.73,311.4,0,0.0
9110,20.0,0.496,1.0,290.3,0,0.0
9111,20.0,0.509,1.42,305.0,0,0.0
9112,20.0,0.519,1.24,286.6,0,0.0
9113,20.0,0.51,1.1,295.3,0,0.0
9114,20.0,0.509,1.73,307.6,0,0.0
9115,20.0,0.482,1.34,306.8,0,0.0
9116,20.0,0.514,2.01,303.4,0,0.0
9117,20.0,0.481,1.18,314.8,0,0.0
9118,20.0,0.494,1.61,303.7,0,0.0
9119,20.0,0.485,1.16,302.6,0,0.0
9120,20.0,0.49,1.93,297.4,0,0.0
9121,20.0,0.5,1.46,298.6,0,0.0
9122,20.0,0.509,1.25,300.8,0,0.0
9123,20.0,0.482,0.93,285.8,0,0.0
9124,20.0,0.504,1.03,289.2,0,0.0
9125,20.0,0.491,1.3,288.0,0,0.0
9126,20.0,0.51,1.21,301.3,0,0.0
9127,20.0,0.518,1.1,292.0,0,0.0
9128,20.0,0.513,1.84,298.7,0,0.0
9129,20.0,0.508,1.06,290.3,0,0.0
9130,20.0,0.494,1.23,309.7,0,0.0
9131,20.0,0.514,1.81,308.2,0,0.0
9132,20.0,0.493,1.36,308.5,0,0.0
9133,20.0,0.482,1.97,308.9,0,0.0
9134,20.0,0.509,1.2,305.8,0,0.0
9135,20.0,0.516,1.64,297.2,0,0.0
9136,20.0,0.485,1.29,304.7,0,0.0
9137,20.0,0.494,1.53,314.9,0,0.0
9138,20.0,0.499,1.58,301.9,0,0.0
9139,20.0,0.516,1.47,296.2,0,0.0
9140,20.0,0.489,1.29,310.8,0,0.0
9141,20.0,0.52,1.18,287.3,0,0.0
9142,20.0,0.5,1.48,294.3,0,0.0
9143,20.0,0.484,1.49,292.3,0,0.0
9144,20.0,0.52,1.39,286.7,0,0.0
9145,20.0,0.511,1.16,313.5,0,0.0
9146,20.0,0.512,1.82,291.3,0,0.0
9147,20.0,0.48,1.09,303.9,0,0.0
9148,20.0,0.501,1.44,312.6,0,0.0
9149,20.0,0.512,1.21,314.7,0,0.0
9150,20.0,0.513,1.95,299.1,0,0.0
9151,20.0,0.486,1.05,285.6,0,0.0
9152,20.0,0.494,1.03,302.3,0,0.0
9153,20.0,0.498,1.6,291.1,0,0.0
9154,20.0,0.489,1.23,309.4,0,0.0
9155,20.0,0.495,1.72,313.4,0,0.0
9156,20.0,0.499,1.82,310.8,0,0.0
9157,20.0,0.52,1.66,291.1,0,0.0
9158,20.0,0.483,1.67,297.3,0,0.0
9159,20.0,0.489,1.23,285.7,0,0.0
9160,20.0,0.497,1.09,291.3,0,0.0
9161,20.0,0.508,1.33,298.1,0,0.0
9162,20.0,0.516,1.76,311.0,0,0.0
9163,20.0,0.51,1.55,297.7,0,0.0
9164,20.0,0.49,1.41,301.4,0,0.0
9165,20.0,0.487,1.84,303.0,0,0.0
9166,20.0,0.516,1.11,301.5,0,0.0
9167,20.0,0.502,1.26,286.3,0,0.0
9168,20.0,0.494,1.82,303.8,0,0.0
9169,20.0,0.512,1.71,288.4,0,0.0
9170,20.0,0.487,1.56,299.2,0,0.0
9171,20.0,0.517,2.01,302.2,0,0.0
9172,20.0,0.518,1.53,293.6,0,0.0
9173,20.0,0.497,2.0,313.4,0,0.0
9174,20.0,0.512,1.94,295.5,0,0.0
9175,20.0,0.489,0.92,289.6,0,0.0
9176,20.0,0.495,1.43,292.8,0,0.0
9177,20.0,0.51,1.92,305.4,0,0.0
9178,20.0,0.492,1.9,311.4,0,0.0
9179,20.0,0.487,1.08,303.9,0,0.0
9180,20.0,0.507,1.64,289.8,0,0.0
9181,20.0,0.518,1.95,296.9,0,0.0
9182,20.0,0.485,1.61,311.4,0,0.0
9183,20.0,0.487,1.46,296.2,0,0.0
9184,20.0,0.493,1.44,304.0,0,0.0
9185,20.0,0.516,1.09,292.1,0,0.0
9186,20.0,0.483,1.15,295.5,0,0.0
9187,20.0,0.505,1.86,294.8,0,0.0
9188,20.0,0.511,1.3,306.8,0,0.0
9189,20.0,0.503,1.2,298.7,0,0.0
9190,20.0,0.511,1.13,293.0,0,0.0
9191,20.0,0.485,1.36,305.2,0,0.0
9192,20.0,0.495,2.01,307.6,0,0.0
9193,20.0,0.509,1.18,295.8,0,0.0
9194,20.0,0.482,1.46,303.2,0,0.0
9195,20.0,0.492,1.64,289.0,0,0.0
9196,20.0,0.506,1.33,289.5,0,0.0
9197,20.0,0.492,1.78,307.3,0,0.0
9198,20.0,0.506,1.96,310.9,0,0.0
9199,20.0,0.506,1.42,292.4,0,0.0
9200,20.0,0.494,1.29,298.3,0,0.0
9201,20.0,0.513,1.71,287.4,0,0.0
9202,20.0,0.488,1.16,308.6,0,0.0
9203,20.0,0.493,1.07,287.9,0,0.0
9204,20.0,0.5,1.53,313.7,0,0.0
9205,20.0,0.498,1.67,307.1,0,0.0
9206,20.0,0.51,1.97,313.4,0,0.0
9207,20.0,0.502,1.28,288.6,0,0.0
9208,20.0,0.516,1.1,297.6,0,0.0
9209,20.0,0.486,1.22,298.0,0,0.0
9210,20.0,0.49,1.3,295.8,0,0.0
9211,20.0,0.497,1.45,314.2,0,0.0
9212,20.0,0.515,1.08,294.6,0,0.0
9213,20.0,0.504,1.67,314.7,0,0.0
9214,20.0,0.501,1.66,298.4,0,0.0
9215,20.0,0.51,1.61,285.9,0,0.0
9216,20.0,0.489,1.42,289.4,0,0.0
9217,20.0,0.486,1.63,296.5,0,0.0
9218,20.0,0.519,2.0,297.0,0,0.0
9219,20.0,0.513,1.33,287.6,0,0.0
9220,20.0,0.492,1.96,300.1,0,0.0
9221,20.0,0.503,1.08,292.0,0,0.0
9222,20.0,0.497,1.17,289.2,0,0.0
9223,20.0,0.514,1.53,295.5,0,0.0
9224,20.0,0.484,1.51,310.3,0,0.0
9225,20.0,0.5,1.14,305.2,0,0.0
9226,20.0,0.503,1.2,294.7,0,0.0
9227,20.0,0.512,1.73,314.5,0,0.0
9228,20.0,0.5,1.88,293.2,0,0.0
9229,20.0,0.492,1.41,306.4,0,0.0
9230,20.0,0.483,1.03,291.3,0,0.0
9231,20.0,0.518,1.78,301.4,0,0.0
9232,20.0,0.489,1.56,306.5,0,0.0
9233,20.0,0.517,1.19,289.4,0,0.0
9234,20.0,0.494,1.03,291.2,0,0.0
9235,20.0,0.496,1.6,302.9,0,0.0
9236,20.0,0.492,1.96,300.4,0,0.0
9237,20.0,0.514,1.42,293.2,0,0.0
9238,20.0,0.502,1.23,305.4,0,0.0
9239,20.0,0.495,1.39,291.3,0,0.0
9240,20.0,0.507,1.06,300.2,0,0.0
9241,20.0,0.504,2.0,301.5,0,0.0
9242,20.0,0.515,1.83,309.6,0,0.0
9243,20.0,0.52,1.26,298.5,0,0.0
9244,20.0,0.489,1.99,310.1,0,0.0
9245,20.0,0.48,1.64,300.2,0,0.0
9246,20.0,0.488,1.06,293.3,0,0.0
9247,20.0,0.519,1.86,313.7,0,0.0
9248,20.0,0.505,1.65,300.8,0,0.0
9249,20.0,0.517,1.86,309.0,0,0.0
9250,20.0,0.496,1.28,285.6,0,0.0
9251,20.0,0.505,1.37,300.6,0,0.0
9252,20.0,0.481,0.95,290.6,0,0.0
9253,20.0,0.506,1.65,298.6,0,0.0
9254,20.0,0.482,1.53,297.4,0,0.0
9255,20.0,0.519,1.33,304.8,0,0.0
9256,20.0,0.493,1.18,303.5,0,0.0
9257,20.0,0.499,1.23,292.7,0,0.0
9258,20.0,0.509,1.9,304.0,0,0.0
9259,20.0,0.49,1.74,308.5,0,0.0
9260,20.0,0.513,1.83,298.8,0,0.0
9261,20.0,0.503,1.97,300.4,0,0.0
9262,20.0,0.519,1.73,312.9,0,0.0
9263,20.0,0.482,1.16,304.7,0,0.0
9264,20.0,0.504,1.38,285.6,0,0.0
9265,20.0,0.517,1.35,305.6,0,0.0
9266,20.0,0.487,1.92,307.0,0,0.0
9267,20.0,0.49,1.23,290.9,0,0.0
9268,20.0,0.517,1.52,286.2,0,0.0
9269,20.0,0.509,0.98,285.5,0,0.0
9270,20.0,0.495,1.9,304.8,0,0.0
9271,20.0,0.504,1.7,294.2,0,0.0
9272,20.0,0.492,0.94,292.4,0,0.0
9273,20.0,0.507,1.27,285.3,0,0.0
9274,20.0,0.492,1.34,286.5,0,0.0
9275,20.0,0.489,1.86,300.7,0,0.0
9276,20.0,0.499,1.28,310.2,0,0.0
9277,20.0,0.481,1.11,296.4,0,0.0
9278,20.0,0.491,1.41,314.1,0,0.0
9279,20.0,0.493,1.57,291.9,0,0.0
9280,20.0,0.495,1.91,286.8,0,0.0
9281,20.0,0.485,1.8,310.8,0,0.0
9282,20.0,0.501,1.75,307.4,0,0.0
9283,20.0,0.506,1.94,314.8,0,0.0
9284,20.0,0.509,1.33,291.6,0,0.0
9285,20.0,0.48,1.59,300.2,0,0.0
9286,20.0,0.493,1.19,308.8,0,0.0
9287,20.0,0.499,1.96,302.4,0,0.0
9288,20.0,0.481,1.62,313.1,0,0.0
9289,20.0,0.485,1.36,314.6,0,0.0
9290,20.0,0.498,1.59,312.2,0,0.0
9291,20.0,0.51,1.79,311.4,0,0.0
9292,20.0,0.509,1.76,292.3,0,0.0
9293,20.0,0.514,1.39,285.7,0,0.0
9294,20.0,0.498,1.37,292.1,0,0.0
9295,20.0,0.498,1.53,304.8,0,0.0
9296,20.0,0.516,1.84,298.1,0,0.0
9297,20.0,0.507,1.36,289.4,0,0.0
9298,20.0,0.512,1.41,292.6,0,0.0
9299,20.0,0.509,1.12,292.3,0,0.0
9300,20.0,0.514,1.89,305.4,0,0.0
9301,20.0,0.515,1.37,301.8,0,0.0
9302,20.0,0.492,1.49,312.3,0,0.0
9303,20.0,0.483,1.21,297.0,0,0.0
9304,20.0,0.508,1.18,291.7,0,0.0
9305,20.0,0.51,1.7,292.1,0,0.0
9306,20.0,0.494,1.65,306.0,0,0.0
9307,20.0,0.511,2.04,303.7,0,0.0
9308,20.0,0.51,1.43,294.7,0,0.0
9309,20.0,0.493,1.0,291.6,0,0.0
9310,20.0,0.495,1.21,285.6,0,0.0
9311,20.0,0.482,1.52,291.6,0,0.0
9312,20.0,0.51,1.21,286.4,0,0.0
9313,20.0,0.482,1.29,294.9,0,0.0
9314,20.0,0.486,1.75,308.9,0,0.0
9315,20.0,0.513,1.38,296.4,0,0.0
9316,20.0,0.491,1.37,292.7,0,0.0
9317,20.0,0.514,1.92,291.2,0,0.0
9318,20.0,0.496,1.67,304.1,0,0.0
9319,20.0,0.489,1.33,297.1,0,0.0
9320,20.0,0.487,1.47,291.4,0,0.0
9321,20.0,0.487,1.09,292.9,0,0.0
9322,20.0,0.488,1.71,297.0,0,0.0
9323,20.0,0.505,1.46,313.2,0,0.0
9324,20.0,0.505,0.96,287.7,0,0.0
9325,20.0,0.519,1.38,305.0,0,0.0
9326,20.0,0.506,1.38,289.1,0,0.0
9327,20.0,0.495,1.55,294.8,0,0.0
9328,20.0,0.502,1.02,290.4,0,0.0
9329,20.0,0.484,1.47,296.6,0,0.0
9330,20.0,0.506,1.49,308.8,0,0.0
9331,20.0,0.495,1.98,306.6,0,0.0
9332,20.0,0.499,1.54,308.5,0,0.0
9333,20.0,0.509,1.9,294.2,0,0.0
9334,20.0,0.511,1.57,289.4,0,0.0
9335,20.0,0.503,1.09,314.9,0,0.0
9336,20.0,0.489,1.24,297.4,0,0.0
9337,20.0,0.504,1.49,290.5,0,0.0
9338,20.0,0.488,1.54,313.6,0,0.0
9339,20.0,0.499,1.83,298.3,0,0.0
9340,20.0,0.48,1.14,303.4,0,0.0
9341,20.0,0.499,1.76,297.7,0,0.0
9342,20.0,0.516,1.84,306.3,0,0.0
9343,20.0,0.503,1.61,307.9,0,0.0
9344,20.0,0.49,1.2,288.7,0,0.0
9345,20.0,0.483,1.51,295.0,0,0.0
9346,20.0,0.49,0.99,287.8,0,0.0
9347,20.0,0.498,1.57,311.4,0,0.0
9348,20.0,0.511,1.36,311.4,0,0.0
9349,20.0,0.514,1.75,301.2,0,0.0
9350,20.0,0.504,1.37,314.6,0,0.0
9351,20.0,0.506,1.39,314.9,0,0.0
9352,20.0,0.494,1.82,291.4,0,0.0
9353,20.0,0.52,1.48,299.4,0,0.0
9354,20.0,0.486,1.12,287.6,0,0.0
9355,20.0,0.518,1.83,308.5,0,0.0
9356,20.0,0.507,1.05,286.9,0,0.0
9357,20.0,0.505,1.98,299.5,0,0.0
9358,20.0,0.492,1.52,293.8,0,0.0
9359,20.0,0.484,0.91,287.6,0,0.0
9360,20.0,0.488,1.86,311.3,0,0.0
9361,20.0,0.489,1.79,306.1,0,0.0
9362,20.0,0.503,1.3,286.8,0,0.0
9363,20.0,0.491,1.59,293.7,0,0.0
9364,20.0,0.481,1.91,310.6,0,0.0
9365,20.0,0.513,1.36,311.0,0,0.0
9366,20.0,0.492,1.78,292.4,0,0.0
9367,20.0,0.486,1.36,306.9,0,0.0
9368,20.0,0.515,1.51,309.7,0,0.0
9369,20.0,0.484,1.06,298.9,0,0.0
9370,20.0,0.495,1.98,309.3,0,0.0
9371,20.0,0.487,1.63,289.1,0,0.0
9372,20.0,0.507,1.22,292.3,0,0.0
9373,20.0,0.498,1.26,290.9,0,0.0
9374,20.0,0.506,1.77,285.8,0,0.0
9375,20.0,0.506,1.78,303.8,0,0.0
9376,20.0,0.503,1.81,294.4,0,0.0
9377,20.0,0.512,1.43,295.7,0,0.0
9378,20.0,0.491,1.13,291.7,0,0.0
9379,20.0,0.517,1.69,306.2,0,0.0
9380,20.0,0.494,1.73,314.4,0,0.0
9381,20.0,0.493,1.34,290.1,0,0.0
9382,20.0,0.517,1.52,296.3,0,0.0
9383,20.0,0.519,1.64,295.4,0,0.0
9384,20.0,0.504,1.15,313.6,0,0.0
9385,20.0,0.518,1.97,297.9,0,0.0
9386,20.0,0.489,1.7,313.2,0,0.0
9387,20.0,0.512,1.39,311.3,0,0.0
9388,20.0,0.52,1.11,302.1,0,0.0
9389,20.0,0.494,1.93,310.1,0,0.0
9390,20.0,0.515,1.58,297.3,0,0.0
9391,20.0,0.498,1.71,307.2,0,0.0
9392,20.0,0.484,1.23,314.8,0,0.0
9393,20.0,0.51,1.63,306.6,0,0.0
9394,20.0,0.51,1.07,289.0,0,0.0
9395,20.0,0.487,1.29,291.5,0,0.0
9396,20.0,0.488,1.78,312.7,0,0.0
9397,20.0,0.515,1.98,314.5,0,0.0
9398,20.0,0.498,1.02,287.1,0,0.0
9399,20.0,0.505,1.71,286.0,0,0.0
9400,20.0,0.485,1.79,312.1,0,0.0
9401,20.0,0.497,1.65,292.5,0,0.0
9402,20.0,0.489,1.44,289.1,0,0.0
9403,20.0,0.482,1.18,311.7,0,0.0
9404,20.0,0.489,1.63,290.2,0,0.0
9405,20.0,0.496,1.06,292.2,0,0.0
9406,20.0,0.482,1.42,302.7,0,0.0
9407,20.0,0.497,1.38,308.4,0,0.0
9408,20.0,0.52,1.99,294.0,0,0.0
9409,20.0,0.505,1.57,304.2,0,0.0
9410,20.0,0.496,1.24,298.2,0,0.0
9411,20.0,0.514,1.86,309.0,0,0.0
9412,20.0,0.517,1.94,297.9,0,0.0
9413,20.0,0.496,0.98,288.3,0,0.0
9414,20.0,0.511,1.39,304.5,0,0.0
9415,20.0,0.498,1.53,290.6,0,0.0
9416,20.0,0.517,1.45,301.5,0,0.0
9417,20.0,0.503,1.1,311.5,0,0.0
9418,20.0,0.518,1.83,296.3,0,0.0
9419,20.0,0.5,1.09,310.3,0,0.0
9420,20.0,0.503,1.36,312.5,0,0.0
9421,20.0,0.497,1.19,289.5,0,0.0
9422,20.0,0.484,1.61,301.8,0,0.0
9423,20.0,0.487,1.77,294.8,0,0.0
9424,20.0,0.487,1.6,312.5,0,0.0
9425,20.0,0.504,1.58,302.4,0,0.0
9426,20.0,0.497,1.45,290.5,0,0.0
9427,20.0,0.517,1.23,292.2,0,0.0
9428,20.0,0.49,1.45,300.1,0,0.0
9429,20.0,0.507,1.95,303.2,0,0.0
9430,20.0,0.517,1.76,288.3,0,0.0
9431,20.0,0.508,1.95,309.0,0,0.0
9432,20.0,0.509,1.81,311.3,0,0.0
9433,20.0,0.517,1.5,304.8,0,0.0
9434,20.0,0.507,1.03,293.0,0,0.0
9435,20.0,0.512,1.32,292.1,0,0.0
9436,20.0,0.508,1.5,297.9,0,0.0
9437,20.0,0.504,1.44,306.9,0,0.0
9438,20.0,0.499,1.26,311.6,0,0.0
9439,20.0,0.483,1.36,297.8,0,0.0
9440,20.0,0.495,1.01,289.4,0,0.0
9441,20.0,0.489,1.03,304.3,0,0.0
9442,20.0,0.5,1.09,298.9,0,0.0
9443,20.0,0.501,1.65,305.1,0,0.0
9444,20.0,0.496,1.07,286.9,0,0.0
9445,20.0,0.489,1.64,306.1,0,0.0
9446,20.0,0.488,1.72,307.8,0,0.0
9447,20.0,0.502,1.11,313.6,0,0.0
9448,20.0,0.514,1.01,290.8,0,0.0
9449,20.0,0.518,1.21,287.2,0,0.0
9450,20.0,0.485,1.52,294.9,0,0.0
9451,20.0,0.49,1.29,295.5,0,0.0
9452,20.0,0.499,1.86,287.5,0,0.0
9453,20.0,0.5,1.58,309.3,0,0.0
9454,20.0,0.492,1.49,311.4,0,0.0
9455,20.0,0.51,1.6,287.8,0,0.0
9456,20.0,0.52,1.35,292.3,0,0.0
9457,20.0,0.485,1.3,291.8,0,0.0
9458,20.0,0.503,1.95,307.6,0,0.0
9459,20.0,0.482,1.18,293.3,0,0.0
9460,20.0,0.516,1.25,313.8,0,0.0
9461,20.0,0.507,1.45,288.6,0,0.0
9462,20.0,0.494,1.12,290.1,0,0.0
9463,20.0,0.485,1.88,293.7,0,0.0
9464,20.0,0.504,1.25,294.2,0,0.0
9465,20.0,0.496,1.74,303.6,0,0.0
9466,20.0,0.508,2.03,307.9,0,0.0
9467,20.0,0.491,1.86,293.0,0,0.0
9468,20.0,0.514,1.35,290.5,0,0.0
9469,20.0,0.486,1.51,297.0,0,0.0
9470,20.0,0.512,1.72,292.6,0,0.0
9471,20.0,0.488,1.17,299.1,0,0.0
9472,20.0,0.498,1.87,300.8,0,0.0
9473,20.0,0.485,1.25,303.4,0,0.0
9474,20.0,0.507,1.21,305.6,0,0.0
9475,20.0,0.518,1.26,295.0,0,0.0
9476,20.0,0.489,1.94,297.7,0,0.0
9477,20.0,0.499,1.04,305.1,0,0.0
9478,20.0,0.512,1.56,295.7,0,0.0
9479,20.0,0.485,1.9,314.5,0,0.0
9480,20.0,0.514,1.97,296.7,0,0.0
9481,20.0,0.519,1.93,294.1,0,0.0
9482,20.0,0.515,1.18,302.7,0,0.0
9483,20.0,0.509,1.28,292.5,0,0.0
9484,20.0,0.487,1.45,314.3,0,0.0
9485,20.0,0.51,1.66,314.4,0,0.0
9486,20.0,0.483,0.96,300.5,0,0.0
9487,20.0,0.505,1.9,297.1,0,0.0
9488,20.0,0.505,1.2,306.1,0,0.0
9489,20.0,0.512,1.44,304.7,0,0.0
9490,20.0,0.514,1.08,295.3,0,0.0
9491,20.0,0.486,1.62,307.3,0,0.0
9492,20.0,0.501,1.61,303.7,0,0.0
9493,20.0,0.504,1.17,293.7,0,0.0
9494,20.0,0.499,1.3,303.0,0,0.0
9495,20.0,0.481,1.95,303.4,0,0.0
9496,20.0,0.493,1.96,312.7,0,0.0
9497,20.0,0.513,1.28,306.0,0,0.0
9498,20.0,0.504,1.86,299.1,0,0.0
9499,20.0,0.516,1.03,285.4,0,0.0
9500,20.0,0.503,1.09,295.1,0,0.0
9501,20.0,0.512,1.7,308.3,0,0.0
9502,20.0,0.49,1.86,287.6,0,0.0
9503,20.0,0.489,1.68,300.3,0,0.0
9504,20.0,0.499,1.08,304.6,0,0.0
9505,20.0,0.488,1.62,311.3,0,0.0
9506,20.0,0.489,1.63,294.5,0,0.0
9507,20.0,0.502,1.75,305.6,0,0.0
9508,20.0,0.501,1.04,301.7,0,0.0
9509,20.0,0.493,1.43,303.1,0,0.0
9510,20.0,0.497,1.23,308.7,0,0.0
9511,20.0,0.488,1.2,300.1,0,0.0
9512,20.0,0.51,1.23,310.0,0,0.0
9513,20.0,0.513,1.05,285.6,0,0.0
9514,20.0,0.516,1.34,285.7,0,0.0
9515,20.0,0.494,0.99,298.6,0,0.0
9516,20.0,0.491,1.46,286.5,0,0.0
9517,20.0,0.5,1.25,298.1,0,0.0
9518,20.0,0.517,1.29,285.2,0,0.0
9519,20.0,0.484,1.48,295.4,0,0.0
9520,20.0,0.499,1.68,295.5,0,0.0
9521,20.0,0.497,1.38,286.3,0,0.0
9522,20.0,0.512,1.89,297.0,0,0.0
9523,20.0,0.518,1.99,309.0,0,0.0
9524,20.0,0.493,1.34,296.0,0,0.0
9525,20.0,0.484,1.28,297.4,0,0.0
9526,20.0,0.516,1.19,294.7,0,0.0
9527,20.0,0.485,1.82,285.6,0,0.0
9528,20.0,0.485,0.96,289.5,0,0.0
9529,20.0,0.493,1.2,303.2,0,0.0
9530,20.0,0.496,1.18,290.0,0,0.0
9531,20.0,0.495,1.82,290.5,0,0.0
9532,20.0,0.484,1.84,285.3,0,0.0
9533,20.0,0.497,1.2,304.8,0,0.0
9534,20.0,0.497,1.19,293.2,0,0.0
9535,20.0,0.508,1.22,312.9,0,0.0
9536,20.0,0.52,1.44,305.0,0,0.0
9537,20.0,0.505,1.77,307.5,0,0.0
9538,20.0,0.498,1.81,303.6,0,0.0
9539,20.0,0.504,1.65,304.5,0,0.0
9540,20.0,0.499,1.56,305.3,0,0.0
9541,20.0,0.482,1.06,312.7,0,0.0
9542,20.0,0.484,1.83,300.4,0,0.0
9543,20.0,0.484,1.91,307.9,0,0.0
9544,20.0,0.492,1.55,314.2,0,0.0
9545,20.0,0.499,1.32,290.6,0,0.0
9546,20.0,0.48,0.93,292.3,0,0.0
9547,20.0,0.516,1.63,297.7,0,0.0
9548,20.0,0.515,1.12,311.8,0,0.0
9549,20.0,0.487,0.95,295.6,0,0.0
9550,20.0,0.499,1.37,302.9,0,0.0
9551,20.0,0.511,1.25,308.8,0,0.0
9552,20.0,0.52,1.6,301.2,0,0.0
9553,20.0,0.501,1.52,308.8,0,0.0
9554,20.0,0.483,1.68,305.5,0,0.0
9555,20.0,0.481,1.31,296.9,0,0.0
9556,20.0,0.487,1.26,286.4,0,0.0
9557,20.0,0.507,1.34,311.1,0,0.0
9558,20.0,0.494,1.32,308.8,0,0.0
9559,20.0,0.499,1.6,314.3,0,0.0
9560,20.0,0.494,1.69,309.6,0,0.0
9561,20.0,0.496,1.02,293.7,0,0.0
9562,20.0,0.497,1.36,299.0,0,0.0
9563,20.0,0.495,1.72,293.5,0,0.0
9564,20.0,0.518,1.18,287.5,0,0.0
9565,20.0,0.513,1.89,286.9,0,0.0
9566,20.0,0.504,1.74,286.3,0,0.0
9567,20.0,0.513,1.93,294.0,0,0.0
9568,20.0,0.482,1.77,291.2,0,0.0
9569,20.0,0.498,1.84,313.4,0,0.0
9570,20.0,0.52,1.84,295.0,0,0.0
9571,20.0,0.513,1.94,302.9,0,0.0
9572,20.0,0.519,1.93,301.9,0,0.0
9573,20.0,0.519,1.14,311.5,0,0.0
9574,20.0,0.505,1.31,298.6,0,0.0
9575,20.0,0.507,1.08,302.5,0,0.0
9576,20.0,0.481,1.8,310.3,0,0.0
9577,20.0,0.514,1.14,303.5,0,0.0
9578,20.0,0.509,1.77,308.4,0,0.0
9579,20.0,0.503,2.03,313.7,0,0.0
9580,20.0,0.512,1.43,314.9,0,0.0
9581,20.0,0.511,1.46,301.2,0,0.0
9582,20.0,0.48,1.29,292.6,0,0.0
9583,20.0,0.48,1.76,298.8,0,0.0
9584,20.0,0.513,1.31,305.1,0,0.0
9585,20.0,0.489,0.95,290.8,0,0.0
9586,20.0,0.515,1.47,304.4,0,0.0
9587,20.0,0.512,1.42,292.4,0,0.0
9588,20.0,0.488,1.32,287.8,0,0.0
9589,20.0,0.499,1.76,310.3,0,0.0
9590,20.0,0.503,1.24,311.6,0,0.0
9591,20.0,0.495,1.2,302.3,0,0.0
9592,20.0,0.512,1.29,310.4,0,0.0
9593,20.0,0.504,1.79,291.4,0,0.0
9594,20.0,0.499,1.43,294.6,0,0.0
9595,20.0,0.482,1.18,298.5,0,0.0
9596,20.0,0.487,1.34,288.8,0,0.0
9597,20.0,0.493,1.61,303.0,0,0.0
9598,20.0,0.481,1.41,299.2,0,0.0
9599,20.0,0.485,1.12,285.1,0,0.0
9600,20.0,0.496,1.06,287.0,0,0.0
9601,20.0,0.484,0.9,287.4,0,0.0
9602,20.0,0.503,1.25,305.3,0,0.0
9603,20.0,0.506,1.23,308.0,0,0.0
9604,20.0,0.491,1.2,314.5,0,0.0
9605,20.0,0.489,1.45,303.3,0,0.0
9606,20.0,0.511,1.8,310.8,0,0.0
9607,20.0,0.503,1.45,305.8,0,0.0
9608,20.0,0.502,1.9,301.6,0,0.0
9609,20.0,0.503,1.43,300.0,0,0.0
9610,20.0,0.48,1.8,289.4,0,0.0
9611,20.0,0.485,1.21,314.4,0,0.0
9612,20.0,0.485,1.44,295.2,0,0.0
9613,20.0,0.496,1.55,312.6,0,0.0
9614,20.0,0.5,1.98,296.4,0,0.0
9615,20.0,0.514,1.57,308.3,0,0.0
9616,20.0,0.484,1.73,308.6,0,0.0
9617,20.0,0.493,1.94,302.1,0,0.0
9618,20.0,0.508,1.64,313.3,0,0.0
9619,20.0,0.518,1.56,300.5,0,0.0
9620,20.0,0.501,1.9,285.0,0,0.0
9621,20.0,0.517,1.95,312.7,0,0.0
9622,20.0,0.492,1.4,302.5,0,0.0
9623,20.0,0.515,1.67,300.0,0,0.0
9624,20.0,0.508,1.29,298.3,0,0.0
9625,20.0,0.482,1.08,299.5,0,0.0
9626,20.0,0.513,1.09,308.4,0,0.0
9627,20.0,0.483,1.0,286.9,0,0.0
9628,20.0,0.508,1.57,292.1,0,0.0
9629,20.0,0.488,1.31,305.7,0,0.0
9630,20.0,0.503,1.06,299.9,0,0.0
9631,20.0,0.506,1.62,313.3,0,0.0
9632,20.0,0.49,1.73,297.7,0,0.0
9633,20.0,0.497,1.94,293.4,0,0.0
9634,20.0,0.489,1.85,300.2,0,0.0
9635,20.0,0.496,1.19,312.6,0,0.0
9636,20.0,0.508,1.39,292.1,0,0.0
9637,20.0,0.491,1.28,287.6,0,0.0
9638,20.0,0.499,1.82,287.8,0,0.0
9639,20.0,0.504,1.22,286.9,0,0.0
9640,20.0,0.482,1.36,308.7,0,0.0
9641,20.0,0.499,1.87,313.6,0,0.0
9642,20.0,0.483,1.16,304.2,0,0.0
9643,20.0,0.5,1.52,309.4,0,0.0
9644,20.0,0.492,1.34,301.2,0,0.0
9645,20.0,0.518,1.82,301.1,0,0.0
9646,20.0,0.498,1.66,300.3,0,0.0
9647,20.0,0.488,1.31,300.9,0,0.0
9648,20.0,0.505,2.01,310.6,0,0.0
9649,20.0,0.514,1.53,297.4,0,0.0
9650,20.0,0.508,1.42,305.1,0,0.0
9651,20.0,0.514,1.92,288.6,0,0.0
9652,20.0,0.519,1.11,293.1,0,0.0
9653,20.0,0.509,1.6,305.6,0,0.0
9654,20.0,0.488,1.91,311.1,0,0.0
9655,20.0,0.498,1.83,285.2,0,0.0
9656,20.0,0.48,1.57,290.5,0,0.0
9657,20.0,0.484,1.91,310.7,0,0.0
9658,20.0,0.492,1.53,300.7,0,0.0
9659,20.0,0.514,1.53,311.7,0,0.0
9660,20.0,0.504,1.17,293.9,0,0.0
9661,20.0,0.5,1.73,296.7,0,0.0
9662,20.0,0.495,1.17,314.2,0,0.0
9663,20.0,0.49,1.1,311.5,0,0.0
9664,20.0,0.517,1.53,303.0,0,0.0
9665,20.0,0.505,1.87,309.9,0,0.0
9666,20.0,0.494,1.6,299.3,0,0.0
9667,20.0,0.482,1.92,302.5,0,0.0
9668,20.0,0.483,1.59,308.2,0,0.0
9669,20.0,0.515,1.93,308.9,0,0.0
9670,20.0,0.488,1.51,285.1,0,0.0
9671,20.0,0.513,1.92,293.7,0,0.0
9672,20.0,0.496,1.44,311.7,0,0.0
9673,20.0,0.516,1.83,294.0,0,0.0
9674,20.0,0.52,1.7,310.2,0,0.0
9675,20.0,0.51,1.81,288.1,0,0.0
9676,20.0,0.511,1.63,313.5,0,0.0
9677,20.0,0.482,1.48,292.3,0,0.0
9678,20.0,0.519,1.36,301.2,0,0.0
9679,20.0,0.501,1.67,309.4,0,0.0
9680,20.0,0.489,1.82,293.9,0,0.0
9681,20.0,0.516,1.14,303.1,0,0.0
9682,20.0,0.507,1.87,310.5,0,0.0
9683,20.0,0.485,1.73,303.9,0,0.0
9684,20.0,0.498,1.13,303.2,0,0.0
9685,20.0,0.485,1.22,311.4,0,0.0
9686,20.0,0.498,1.41,295.0,0,0.0
9687,20.0,0.491,1.23,287.8,0,0.0
9688,20.0,0.497,1.05,310.3,0,0.0
9689,20.0,0.513,1.45,303.3,0,0.0
9690,20.0,0.492,1.27,289.0,0,0.0
9691,20.0,0.485,1.6,294.0,0,0.0
9692,20.0,0.492,1.28,287.7,0,0.0
9693,20.0,0.514,1.26,303.5,0,0.0
9694,20.0,0.496,1.3,310.7,0,0.0
9695,20.0,0.519,1.09,299.7,0,0.0
9696,20.0,0.516,1.84,297.0,0,0.0
9697,20.0,0.511,1.58,291.7,0,0.0
9698,20.0,0.496,1.41,309.2,0,0.0
9699,20.0,0.502,1.6,312.1,0,0.0
9700,20.0,0.481,1.68,311.9,0,0.0
9701,20.0,0.518,1.03,289.8,0,0.0
9702,20.0,0.511,1.5,306.2,0,0.0
9703,20.0,0.506,1.35,289.6,0,0.0
9704,20.0,0.491,1.37,287.1,0,0.0
9705,20.0,0.488,1.83,301.5,0,0.0
9706,20.0,0.49,1.17,292.5,0,0.0
9707,20.0,0.503,1.69,312.0,0,0.0
9708,20.0,0.508,1.57,302.8,0,0.0
9709,20.0,0.519,1.1,285.9,0,0.0
9710,20.0,0.494,1.38,292.1,0,0.0
9711,20.0,0.507,1.85,296.5,0,0.0
9712,20.0,0.507,1.63,293.4,0,0.0
9713,20.0,0.493,1.76,287.6,0,0.0
9714,20.0,0.497,1.37,304.3,0,0.0
9715,20.0,0.516,1.33,308.0,0,0.0
9716,20.0,0.499,1.16,286.7,0,0.0
9717,20.0,0.495,1.44,295.6,0,0.0
9718,20.0,0.516,1.94,309.9,0,0.0
9719,20.0,0.513,1.76,297.1,0,0.0
9720,20.0,0.498,1.97,296.7,0,0.0
9721,20.0,0.494,1.92,287.6,0,0.0
9722,20.0,0.514,1.33,298.5,0,0.0
9723,20.0,0.495,1.42,292.2,0,0.0
9724,20.0,0.486,2.0,308.9,0,0.0
9725,20.0,0.52,1.64,293.4,0,0.0
9726,20.0,0.516,1.03,287.7,0,0.0
9727,20.0,0.509,2.08,312.2,0,0.0
9728,20.0,0.505,1.27,314.8,0,0.0
9729,20.0,0.517,1.26,303.8,0,0.0
9730,20.0,0.494,1.86,313.1,0,0.0
9731,20.0,0.481,1.68,312.4,0,0.0
9732,20.0,0.519,2.05,303.0,0,0.0
9733,20.0,0.501,1.35,300.6,0,0.0
9734,20.0,0.503,1.56,312.6,0,0.0
9735,20.0,0.519,1.72,294.8,0,0.0
9736,20.0,0.51,1.31,309.3,0,0.0
9737,20.0,0.508,1.34,310.5,0,0.0
9738,20.0,0.483,1.06,313.4,0,0.0
9739,20.0,0.493,1.03,304.7,0,0.0
9740,20.0,0.483,1.52,298.6,0,0.0
9741,20.0,0.491,1.4,305.8,0,0.0
9742,20.0,0.519,1.23,298.8,0,0.0
9743,20.0,0.498,1.11,314.8,0,0.0
9744,20.0,0.498,1.26,292.2,0,0.0
9745,20.0,0.485,1.47,298.8,0,0.0
9746,20.0,0.511,1.22,310.3,0,0.0
9747,20.0,0.499,1.55,301.7,0,0.0
9748,20.0,0.506,1.24,306.6,0,0.0
9749,20.0,0.492,1.67,307.1,0,0.0
9750,20.0,0.52,2.02,311.7,0,0.0
9751,20.0,0.507,1.35,312.0,0,0.0
9752,20.0,0.492,1.49,308.6,0,0.0
9753,20.0,0.507,1.85,312.5,0,0.0
9754,20.0,0.486,1.04,312.7,0,0.0
9755,20.0,0.497,1.19,307.4,0,0.0
9756,20.0,0.518,1.9,313.5,0,0.0
9757,20.0,0.518,1.66,302.5,0,0.0
9758,20.0,0.495,1.73,303.5,0,0.0
9759,20.0,0.499,1.59,292.5,0,0.0
9760,20.0,0.487,1.87,300.9,0,0.0
9761,20.0,0.488,1.29,306.4,0,0.0
9762,20.0,0.513,1.47,307.2,0,0.0
9763,20.0,0.5,1.13,298.2,0,0.0
9764,20.0,0.482,1.83,302.7,0,0.0
9765,20.0,0.481,1.9,295.9,0,0.0
9766,20.0,0.508,1.72,295.3,0,0.0
9767,20.0,0.483,1.89,299.7,0,0.0
9768,20.0,0.501,1.03,295.8,0,0.0
9769,20.0,0.514,1.42,298.2,0,0.0
9770,20.0,0.518,1.34,290.4,0,0.0
9771,20.0,0.507,1.56,312.2,0,0.0
9772,20.0,0.507,1.22,298.8,0,0.0
9773,20.0,0.505,1.19,303.8,0,0.0
9774,20.0,0.498,1.69,288.6,0,0.0
9775,20.0,0.506,1.92,296.1,0,0.0
9776,20.0,0.505,1.67,299.2,0,0.0
9777,20.0,0.519,1.91,302.5,0,0.0
9778,20.0,0.483,1.11,308.0,0,0.0
9779,20.0,0.509,1.87,298.2,0,0.0
9780,20.0,0.487,1.19,293.6,0,0.0
9781,20.0,0.489,1.59,292.3,0,0.0
9782,20.0,0.495,1.22,297.1,0,0.0
9783,20.0,0.481,1.5,303.3,0,0.0
9784,20.0,0.513,1.97,292.2,0,0.0
9785,20.0,0.503,1.38,294.9,0,0.0
9786,20.0,0.512,1.47,288.3,0,0.0
9787,20.0,0.507,1.67,296.7,0,0.0
9788,20.0,0.5,1.45,311.6,0,0.0
9789,20.0,0.51,1.87,288.4,0,0.0
9790,20.0,0.496,1.07,293.2,0,0.0
9791,20.0,0.497,1.31,310.5,0,0.0
9792,20.0,0.482,1.07,295.8,0,0.0
9793,20.0,0.508,1.18,312.9,0,0.0
9794,20.0,0.495,1.04,286.8,0,0.0
9795,20.0,0.508,1.95,314.5,0,0.0
9796,20.0,0.518,1.22,292.0,0,0.0
9797,20.0,0.507,1.49,310.9,0,0.0
9798,20.0,0.519,1.96,292.2,0,0.0
9799,20.0,0.507,1.91,312.8,0,0.0
9800,20.0,0.497,1.0,291.1,0,0.0
9801,20.0,0.5,1.26,312.9,0,0.0
9802,20.0,0.503,1.81,308.2,0,0.0
9803,20.0,0.486,1.04,297.4,0,0.0
9804,20.0,0.512,1.1,310.3,0,0.0
9805,20.0,0.503,1.97,295.8,0,0.0
9806,20.0,0.485,1.62,312.0,0,0.0
9807,20.0,0.489,1.36,295.7,0,0.0
9808,20.0,0.496,1.72,291.6,0,0.0
9809,20.0,0.489,1.76,296.0,0,0.0
9810,20.0,0.511,1.97,288.2,0,0.0
9811,20.0,0.504,1.6,303.5,0,0.0
9812,20.0,0.496,1.08,290.6,0,0.0
9813,20.0,0.503,1.73,301.9,0,0.0
9814,20.0,0.489,1.01,286.2,0,0.0
9815,20.0,0.512,1.59,288.5,0,0.0
9816,20.0,0.492,1.44,300.6,0,0.0
9817,20.0,0.504,1.48,289.2,0,0.0
9818,20.0,0.51,1.7,287.1,0,0.0
9819,20.0,0.501,1.78,292.0,0,0.0
9820,20.0,0.484,1.09,314.1,0,0.0
9821,20.0,0.511,1.17,288.1,0,0.0
9822,20.0,0.508,1.54,307.9,0,0.0
9823,20.0,0.484,1.29,298.9,0,0.0
9824,20.0,0.495,1.82,310.5,0,0.0
9825,20.0,0.485,1.74,297.6,0,0.0
9826,20.0,0.51,1.42,299.7,0,0.0
9827,20.0,0.493,1.47,311.7,0,0.0
9828,20.0,0.489,1.34,291.4,0,0.0
9829,20.0,0.518,1.86,311.6,0,0.0
9830,20.0,0.516,1.52,305.6,0,0.0
9831,20.0,0.496,1.06,296.5,0,0.0
9832,20.0,0.514,1.16,286.5,0,0.0
9833,20.0,0.502,1.59,312.0,0,0.0
9834,20.0,0.485,1.37,301.5,0,0.0
9835,20.0,0.519,1.46,306.3,0,0.0
9836,20.0,0.499,1.8,294.7,0,0.0
9837,20.0,0.504,1.77,296.8,0,0.0
9838,20.0,0.518,1.37,310.0,0,0.0
9839,20.0,0.516,1.55,314.0,0,0.0
9840,20.0,0.51,1.18,305.5,0,0.0
9841,20.0,0.504,1.12,312.1,0,0.0
9842,20.0,0.497,1.85,288.0,0,0.0
9843,20.0,0.481,1.55,311.4,0,0.0
9844,20.0,0.484,1.45,287.4,0,0.0
9845,20.0,0.483,1.88,304.4,0,0.0
9846,20.0,0.495,1.89,288.6,0,0.0
9847,20.0,0.511,1.39,298.3,0,0.0
9848,20.0,0.508,1.47,290.4,0,0.0
9849,20.0,0.497,1.85,291.0,0,0.0
9850,20.0,0.495,1.79,305.1,0,0.0
9851,20.0,0.509,1.93,293.5,0,0.0
9852,20.0,0.491,1.85,303.3,0,0.0
9853,20.0,0.508,1.36,313.3,0,0.0
9854,20.0,0.506,1.5,311.2,0,0.0
9855,20.0,0.501,1.26,302.3,0,0.0
9856,20.0,0.491,1.56,285.9,0,0.0
9857,20.0,0.494,1.3,300.6,0,0.0
9858,20.0,0.481,1.82,288.0,0,0.0
9859,20.0,0.519,1.81,310.0,0,0.0
9860,20.0,0.52,1.1,285.4,0,0.0
9861,20.0,0.501,1.12,294.4,0,0.0
9862,20.0,0.51,1.08,297.4,0,0.0
9863,20.0,0.48,1.63,287.5,0,0.0
9864,20.0,0.492,1.38,305.6,0,0.0
9865,20.0,0.508,1.43,309.0,0,0.0
9866,20.0,0.499,1.47,312.4,0,0.0
9867,20.0,0.516,1.91,299.9,0,0.0
9868,20.0,0.494,1.5,291.1,0,0.0
9869,20.0,0.504,1.35,293.7,0,0.0
9870,20.0,0.499,1.92,287.6,0,0.0
9871,20.0,0.512,1.29,296.9,0,0.0
9872,20.0,0.499,1.09,286.0,0,0.0
9873,20.0,0.482,1.59,285.4,0,0.0
9874,20.0,0.498,1.3,307.5,0,0.0
9875,20.0,0.487,1.04,295.2,0,0.0
9876,20.0,0.497,1.53,302.6,0,0.0
9877,20.0,0.497,1.83,294.8,0,0.0
9878,20.0,0.496,1.5,295.0,0,0.0
9879,20.0,0.496,1.73,304.2,0,0.0
9880,20.0,0.519,1.98,298.0,0,0.0
9881,20.0,0.481,1.58,305.9,0,0.0
9882,20.0,0.507,1.29,300.6,0,0.0
9883,20.0,0.517,1.11,303.2,0,0.0
9884,20.0,0.517,1.2,312.6,0,0.0
9885,20.0,0.499,1.6,287.6,0,0.0
9886,20.0,0.518,2.07,302.7,0,0.0
9887,20.0,0.483,1.81,308.7,0,0.0
9888,20.0,0.49,1.92,312.9,0,0.0
9889,20.0,0.516,1.52,302.1,0,0.0
9890,20.0,0.491,1.68,305.2,0,0.0
9891,20.0,0.507,1.24,292.5,0,0.0
9892,20.0,0.482,1.76,306.1,0,0.0
9893,20.0,0.506,1.65,299.6,0,0.0
9894,20.0,0.518,1.44,307.1,0,0.0
9895,20.0,0.491,1.86,293.4,0,0.0
9896,20.0,0.482,1.9,295.8,0,0.0
9897,20.0,0.518,1.52,300.9,0,0.0
9898,20.0,0.486,1.77,312.6,0,0.0
9899,20.0,0.505,1.19,296.2,0,0.0
9900,20.0,0.48,1.33,308.8,0,0.0
9901,20.0,0.483,1.92,307.2,0,0.0
9902,20.0,0.488,1.44,285.8,0,0.0
9903,20.0,0.488,1.2,302.4,0,0.0
9904,20.0,0.502,1.13,309.1,0,0.0
9905,20.0,0.517,1.56,299.2,0,0.0
9906,20.0,0.514,1.66,296.8,0,0.0
9907,20.0,0.516,1.26,295.8,0,0.0
9908,20.0,0.481,1.33,292.1,0,0.0
9909,20.0,0.508,1.25,306.4,0,0.0
9910,20.0,0.515,1.87,297.3,0,0.0
9911,20.0,0.518,2.01,306.1,0,0.0
9912,20.0,0.484,1.11,292.9,0,0.0
9913,20.0,0.509,1.75,303.8,0,0.0
9914,20.0,0.515,1.57,313.0,0,0.0
9915,20.0,0.517,1.21,298.3,0,0.0
9916,20.0,0.504,1.44,308.8,0,0.0
9917,20.0,0.514,1.87,289.4,0,0.0
9918,20.0,0.514,1.48,292.5,0,0.0
9919,20.0,0.508,1.8,286.0,0,0.0
9920,20.0,0.516,1.65,292.1,0,0.0
9921,20.0,0.502,1.63,292.9,0,0.0
9922,20.0,0.514,1.29,301.1,0,0.0
9923,20.0,0.516,1.48,311.9,0,0.0
9924,20.0,0.484,1.39,309.6,0,0.0
9925,20.0,0.486,1.42,305.1,0,0.0
9926,20.0,0.509,1.41,287.6,0,0.0
9927,20.0,0.513,1.17,305.0,0,0.0
9928,20.0,0.487,1.06,302.6,0,0.0
9929,20.0,0.519,1.18,288.8,0,0.0
9930,20.0,0.484,1.15,291.2,0,0.0
9931,20.0,0.502,1.11,297.4,0,0.0
9932,20.0,0.509,1.68,308.7,0,0.0
9933,20.0,0.501,1.61,285.3,0,0.0
9934,20.0,0.488,1.74,296.1,0,0.0
9935,20.0,0.484,0.98,301.1,0,0.0
9936,20.0,0.503,1.56,299.4,0,0.0
9937,20.0,0.508,1.63,305.1,0,0.0
9938,20.0,0.514,1.34,296.8,0,0.0
9939,20.0,0.498,1.14,287.4,0,0.0
9940,20.0,0.511,1.96,312.7,0,0.0
9941,20.0,0.506,1.66,311.1,0,0.0
9942,20.0,0.492,1.17,299.4,0,0.0
9943,20.0,0.509,1.92,309.4,0,0.0
9944,20.0,0.513,1.49,308.3,0,0.0
9945,20.0,0.494,1.09,298.0,0,0.0
9946,20.0,0.512,1.97,294.4,0,0.0
9947,20.0,0.508,1.73,294.1,0,0.0
9948,20.0,0.516,1.39,300.2,0,0.0
9949,20.0,0.506,1.79,296.7,0,0.0
9950,20.0,0.51,1.74,302.6,0,0.0
9951,20.0,0.481,1.1,301.8,0,0.0
9952,20.0,0.515,1.67,307.3,0,0.0
9953,20.0,0.5,1.22,306.7,0,0.0
9954,20.0,0.484,1.45,310.5,0,0.0
9955,20.0,0.513,1.68,311.9,0,0.0
9956,20.0,0.52,1.1,288.6,0,0.0
9957,20.0,0.507,1.68,304.7,0,0.0
9958,20.0,0.492,1.42,299.9,0,0.0
9959,20.0,0.516,1.92,302.0,0,0.0
9960,20.0,0.487,1.21,288.8,0,0.0
9961,20.0,0.501,1.78,312.2,0,0.0
9962,20.0,0.482,1.2,286.5,0,0.0
9963,20.0,0.501,1.04,301.2,0,0.0
9964,20.0,0.5,1.12,291.2,0,0.0
9965,20.0,0.51,1.31,285.9,0,0.0
9966,20.0,0.512,1.39,285.1,0,0.0
9967,20.0,0.482,1.33,301.2,0,0.0
9968,20.0,0.509,1.96,304.0,0,0.0
9969,20.0,0.499,1.39,287.6,0,0.0
9970,20.0,0.491,1.27,290.8,0,0.0
9971,20.0,0.499,1.79,287.7,0,0.0
9972,20.0,0.5,1.16,308.0,0,0.0
9973,20.0,0.496,1.33,310.7,0,0.0
9974,20.0,0.513,1.18,292.5,0,0.0
9975,20.0,0.484,1.68,299.6,0,0.0
9976,20.0,0.497,1.07,311.1,0,0.0
9977,20.0,0.518,1.19,309.4,0,0.0
9978,20.0,0.495,1.73,294.8,0,0.0
9979,20.0,0.488,2.02,312.8,0,0.0
9980,20.0,0.487,0.98,302.4,0,0.0
9981,20.0,0.503,1.81,295.8,0,0.0
9982,20.0,0.514,1.07,299.6,0,0.0
9983,20.0,0.51,1.16,293.6,0,0.0
9984,20.0,0.483,1.31,314.3,0,0.0
9985,20.0,0.518,1.84,285.7,0,0.0
9986,20.0,0.493,1.43,302.8,0,0.0
9987,20.0,0.506,1.88,313.8,0,0.0
9988,20.0,0.489,1.4,292.6,0,0.0
9989,20.0,0.482,1.47,294.8,0,0.0
9990,20.0,0.482,1.32,291.4,0,0.0
9991,20.0,0.503,1.77,291.0,0,0.0
9992,20.0,0.484,1.75,312.8,0,0.0
9993,20.0,0.484,1.85,307.6,0,0.0
9994,20.0,0.513,1.25,311.0,0,0.0
9995,20.0,0.506,1.82,287.6,0,0.0
9996,20.0,0.493,1.6,311.7,0,0.0
9997,20.0,0.488,1.65,308.7,0,0.0
9998,20.0,0.508,1.26,306.8,0,0.0
9999,20.0,0.501,1.61,307.4,0,0.0
